search_term,date_searched,url,title,urn,urn_type,country,state,municipality,justice,region,court_class,document_type_full,promulgation_date,document_description
transporte de carga,2025-06-06 12:27:31,https://www.lexml.gov.br/urn/urn:lex:br:congresso.nacional:medida.provisoria;mpv:2018-05-27;833,MPV 833/2018,urn:lex:br:congresso.nacional:medida.provisoria;mpv:2018-05-27;833,legislation,Brasil,,,,,,Medida Provisória (MPV) Federal 833,27-05-2018,"Medida Provisória (MPV) Federal 833, promulgada em 27-05-2018, Brasil"
transporte de carga,2025-06-06 12:27:31,https://www.lexml.gov.br/urn/urn:lex:br:congresso.nacional:medida.provisoria;mpv:2018-05-27;832,MPV 832/2018,urn:lex:br:congresso.nacional:medida.provisoria;mpv:2018-05-27;832,legislation,Brasil,,,,,,Medida Provisória (MPV) Federal 832,27-05-2018,"Medida Provisória (MPV) Federal 832, promulgada em 27-05-2018, Brasil"
transporte rodoviário de carga,2025-06-06 12:27:34,https://www.lexml.gov.br/urn/urn:lex:br:federal:decreto:1976-06-09;77789,"Decreto nº 77.789, de 9 de Junho de 1976",urn:lex:br:federal:decreto:1976-06-09;77789,legislation,Brasil,,,,,,Decreto Federal 77789,09-06-1976,"Decreto Federal 77789, promulgada em 09-06-1976, Brasil"
transporte rodoviário de carga,2025-06-06 12:27:34,https://www.lexml.gov.br/urn/urn:lex:br:federal:decreto:1983-10-06;88821,"Decreto nº 88.821, de 6 de Outubro de 1983",urn:lex:br:federal:decreto:1983-10-06;88821,legislation,Brasil,,,,,,Decreto Federal 88821,06-10-1983,"Decreto Federal 88821, promulgada em 06-10-1983, Brasil"
logística de carga,2025-06-06 12:27:37,https://www.lexml.gov.br/urn/urn:lex:br;minas.gerais;itabirito:municipal:lei:2008-12-05;2708,"Lei n° 2708, de 05 de Dezembro de 2008",urn:lex:br;minas.gerais;itabirito:municipal:lei:2008-12-05;2708,legislation,Brasil,Minas Gerais,Itabirito,,,,Lei Municipal 2708,05-12-2008,"Lei Municipal 2708, promulgada em 05-12-2008, Município de Itabirito, Estado de Minas Gerais, Brasil"
logística de carga,2025-06-06 12:27:37,https://www.lexml.gov.br/urn/urn:lex:br;sao.paulo:estadual:decreto:2014-05-26;60491,"Decreto nº 60.491, de 26/05/2014",urn:lex:br;sao.paulo:estadual:decreto:2014-05-26;60491,legislation,Brasil,São Paulo,,,,,Decreto Estadual 60491,26-05-2014,"Decreto Estadual 60491, promulgada em 26-05-2014, Estado de São Paulo, Brasil"
logística de carga,2025-06-06 12:27:37,https://www.lexml.gov.br/urn/urn:lex:br;justica.trabalho;regiao.16:tribunal.regional.trabalho;turma.1:acordao:2010-02-03;0038500-46.2008.5.16.0015,ACORDÃO TRT 16ª / 1ª Turma / RO 0038500-46.2008.5.16.0015,urn:lex:br;justica.trabalho;regiao.16:tribunal.regional.trabalho;turma.1:acordao:2010-02-03;0038500-46.2008.5.16.0015,jurisprudence,Brasil,,,Justiça do Trabalho,16ª região,"Tribunal Regional do Trabalho, 1ª turma",Acórdão número 0038500-46.2008.5.16.0015,03-02-2010,"Acórdão número 0038500-46.2008.5.16.0015, publicado em 03-02-2010, Tribunal Regional do Trabalho, 1ª turma, da 16ª região, Justiça do Trabalho"
logística de carga,2025-06-06 12:27:37,https://www.lexml.gov.br/urn/urn:lex:br:rede.virtual.bibliotecas:artigo.revista:2013;1001010435,A navegação de cabotagem no Brasil,urn:lex:br:rede.virtual.bibliotecas:artigo.revista:2013;1001010435,legislation,Brasil,,,,,,Artigo.Revista Rede.Virtual.Bibliotecas 1001010435,2013,"Artigo.Revista Rede.Virtual.Bibliotecas 1001010435, promulgada em 2013, Brasil"
logística de carga,2025-06-06 12:27:37,https://www.lexml.gov.br/urn/urn:lex:br;justica.trabalho;regiao.1:tribunal.regional.trabalho;turma.6:acordao:2015-11-19;00008058020145010301,ACÓRDÃO TRT 1ª / 6ª Turma / 0000805-80.2014.5.01.0301 - DOERJ 19-11-2015,urn:lex:br;justica.trabalho;regiao.1:tribunal.regional.trabalho;turma.6:acordao:2015-11-19;00008058020145010301,jurisprudence,Brasil,,,Justiça do Trabalho,1ª região,"Tribunal Regional do Trabalho, 6ª turma",Acórdão número 00008058020145010301,19-11-2015,"Acórdão número 00008058020145010301, publicado em 19-11-2015, Tribunal Regional do Trabalho, 6ª turma, da 1ª região, Justiça do Trabalho"
logística de carga,2025-06-06 12:27:37,https://www.lexml.gov.br/urn/urn:lex:br;rio.grande.sul;bento.goncalves:camara.municipal:resolucao:2015-10-28;166,"RESOLUÇÃO n° 166, de 28 de Outubro de 2015",urn:lex:br;rio.grande.sul;bento.goncalves:camara.municipal:resolucao:2015-10-28;166,legislation,Brasil,Rio.Grande.Sul,Bento Goncalves,,,,Resolução Camara.Municipal 166,28-10-2015,"Resolução Camara.Municipal 166, promulgada em 28-10-2015, Município de Bento Goncalves, Estado de Rio.Grande.Sul, Brasil"
logística de carga,2025-06-06 12:27:37,https://www.lexml.gov.br/urn/urn:lex:br;rio.grande.sul;vespasiano.correa:municipal:lei:2011-04-04;15,"Lei Municipal nº 15, de 04 de abril de 2011",urn:lex:br;rio.grande.sul;vespasiano.correa:municipal:lei:2011-04-04;15,legislation,Brasil,Rio.Grande.Sul,Vespasiano Correa,,,,Lei Municipal 15,04-04-2011,"Lei Municipal 15, promulgada em 04-04-2011, Município de Vespasiano Correa, Estado de Rio.Grande.Sul, Brasil"
logística de carga,2025-06-06 12:27:37,https://www.lexml.gov.br/urn/urn:lex:br;rio.grande.sul;vespasiano.correa:municipal:lei:2019-12-24;1513,"Lei Municipal nº 1.513, de 24 de dezembro de 2019",urn:lex:br;rio.grande.sul;vespasiano.correa:municipal:lei:2019-12-24;1513,legislation,Brasil,Rio.Grande.Sul,Vespasiano Correa,,,,Lei Municipal 1513,24-12-2019,"Lei Municipal 1513, promulgada em 24-12-2019, Município de Vespasiano Correa, Estado de Rio.Grande.Sul, Brasil"
logística de carga,2025-06-06 12:27:37,https://www.lexml.gov.br/urn/urn:lex:br;distrito.federal:distrital:lei:2003-05-06;3152,"Lei nº 3152, de 06 de maio de 2003",urn:lex:br;distrito.federal:distrital:lei:2003-05-06;3152,legislation,Brasil,Distrito Federal,,,,,Lei Distrital 3152,06-05-2003,"Lei Distrital 3152, promulgada em 06-05-2003, Estado de Distrito Federal, Brasil"
logística de carga,2025-06-06 12:27:37,https://www.lexml.gov.br/urn/urn:lex:br:tribunal.superior.trabalho;turma.1:acordao;airr:2013-04-17;340-2010-130-15-0,Acórdão do processo Nº AIRR - 340-51.2010.5.15.0130,urn:lex:br:tribunal.superior.trabalho;turma.1:acordao;airr:2013-04-17;340-2010-130-15-0,jurisprudence,Brasil,,,,,"Tribunal Superior do Trabalho, 1ª turma",Acórdão (AIRR) número 340-2010-130-15-0,17-04-2013,"Acórdão (AIRR) número 340-2010-130-15-0, publicado em 17-04-2013, Tribunal Superior do Trabalho, 1ª turma"
logística de carga,2025-06-06 12:27:37,https://www.lexml.gov.br/urn/urn:lex:br;sao.paulo:estadual:lei:2022-12-19;17612,"Lei nº 17.612, de 19/12/2022",urn:lex:br;sao.paulo:estadual:lei:2022-12-19;17612,legislation,Brasil,São Paulo,,,,,Lei Estadual 17612,19-12-2022,"Lei Estadual 17612, promulgada em 19-12-2022, Estado de São Paulo, Brasil"
logística de carga,2025-06-06 12:27:37,https://www.lexml.gov.br/urn/urn:lex:br:tribunal.superior.trabalho;turma.6:acordao;rr:2020-10-14;1001874-2018-271-2-0,Acórdão do processo Nº RR - 1001874-57.2018.5.02.0271,urn:lex:br:tribunal.superior.trabalho;turma.6:acordao;rr:2020-10-14;1001874-2018-271-2-0,jurisprudence,Brasil,,,,,"Tribunal Superior do Trabalho, 6ª turma",Acórdão (RR) número 1001874-2018-271-2-0,14-10-2020,"Acórdão (RR) número 1001874-2018-271-2-0, publicado em 14-10-2020, Tribunal Superior do Trabalho, 6ª turma"
logística de carga,2025-06-06 12:27:37,https://www.lexml.gov.br/urn/urn:lex:br;justica.trabalho;regiao.1:tribunal.regional.trabalho;turma.6:acordao:2010-06-16;01631001520065010020,ACÓRDÃO TRT 1ª / 6ª Turma / 0163100-15.2006.5.01.0020 - DOERJ 16-06-2010,urn:lex:br;justica.trabalho;regiao.1:tribunal.regional.trabalho;turma.6:acordao:2010-06-16;01631001520065010020,jurisprudence,Brasil,,,Justiça do Trabalho,1ª região,"Tribunal Regional do Trabalho, 6ª turma",Acórdão número 01631001520065010020,16-06-2010,"Acórdão número 01631001520065010020, publicado em 16-06-2010, Tribunal Regional do Trabalho, 6ª turma, da 1ª região, Justiça do Trabalho"
logística de carga,2025-06-06 12:27:37,https://www.lexml.gov.br/urn/urn:lex:br:tribunal.superior.trabalho;turma.2:acordao;airr:2023-09-06;21071-2017-611-4-0,Acórdão do processo Nº AIRR - 21071-42.2017.5.04.0611,urn:lex:br:tribunal.superior.trabalho;turma.2:acordao;airr:2023-09-06;21071-2017-611-4-0,jurisprudence,Brasil,,,,,"Tribunal Superior do Trabalho, 2ª turma",Acórdão (AIRR) número 21071-2017-611-4-0,06-09-2023,"Acórdão (AIRR) número 21071-2017-611-4-0, publicado em 06-09-2023, Tribunal Superior do Trabalho, 2ª turma"
logística de carga,2025-06-06 12:27:37,https://www.lexml.gov.br/urn/urn:lex:br;rio.grande.sul;santa.rosa:municipal:lei:2020-12-30;5617,"Lei Municipal nº 5.617, de 30 de dezembro de 2020",urn:lex:br;rio.grande.sul;santa.rosa:municipal:lei:2020-12-30;5617,legislation,Brasil,Rio.Grande.Sul,Santa Rosa,,,,Lei Municipal 5617,30-12-2020,"Lei Municipal 5617, promulgada em 30-12-2020, Município de Santa Rosa, Estado de Rio.Grande.Sul, Brasil"
logística de carga,2025-06-06 12:27:37,https://www.lexml.gov.br/urn/urn:lex:br;justica.trabalho;regiao.1:tribunal.regional.trabalho;turma.9:acordao:2017-01-24;00114234820155010431,ACÓRDÃO TRT 1ª / 9ª Turma / 0011423-48.2015.5.01.0431 - DOERJ 24-01-2017,urn:lex:br;justica.trabalho;regiao.1:tribunal.regional.trabalho;turma.9:acordao:2017-01-24;00114234820155010431,jurisprudence,Brasil,,,Justiça do Trabalho,1ª região,"Tribunal Regional do Trabalho, 9ª turma",Acórdão número 00114234820155010431,24-01-2017,"Acórdão número 00114234820155010431, publicado em 24-01-2017, Tribunal Regional do Trabalho, 9ª turma, da 1ª região, Justiça do Trabalho"
frete,2025-06-06 12:27:39,https://www.lexml.gov.br/urn/urn:lex:br:congresso.nacional:medida.provisoria;mpv:2016-12-23;762,MPV 762/2016,urn:lex:br:congresso.nacional:medida.provisoria;mpv:2016-12-23;762,legislation,Brasil,,,,,,Medida Provisória (MPV) Federal 762,23-12-2016,"Medida Provisória (MPV) Federal 762, promulgada em 23-12-2016, Brasil"
frete,2025-06-06 12:27:39,https://www.lexml.gov.br/urn/urn:lex:br:congresso.nacional:medida.provisoria;mpv:2018-05-27;831,MPV 831/2018,urn:lex:br:congresso.nacional:medida.provisoria;mpv:2018-05-27;831,legislation,Brasil,,,,,,Medida Provisória (MPV) Federal 831,27-05-2018,"Medida Provisória (MPV) Federal 831, promulgada em 27-05-2018, Brasil"
fretamento,2025-06-06 12:27:41,https://www.lexml.gov.br/urn/urn:lex:br:rede.virtual.bibliotecas:artigo.revista:2001;2000605284,O afretamento a tempo (time charter) de embarcações,urn:lex:br:rede.virtual.bibliotecas:artigo.revista:2001;2000605284,legislation,Brasil,,,,,,Artigo.Revista Rede.Virtual.Bibliotecas 2000605284,2001,"Artigo.Revista Rede.Virtual.Bibliotecas 2000605284, promulgada em 2001, Brasil"
fretamento,2025-06-06 12:27:41,https://www.lexml.gov.br/urn/urn:lex:br:rede.virtual.bibliotecas:artigo.revista:2011;1000954308,Contratos de fletamento. Descripción de las responsabilidades de los fletadores de buques y coberturas disponibles. Sistema jurídico argentino,urn:lex:br:rede.virtual.bibliotecas:artigo.revista:2011;1000954308,legislation,Brasil,,,,,,Artigo.Revista Rede.Virtual.Bibliotecas 1000954308,2011,"Artigo.Revista Rede.Virtual.Bibliotecas 1000954308, promulgada em 2011, Brasil"
fretamento,2025-06-06 12:27:41,https://www.lexml.gov.br/urn/urn:lex:br:rede.virtual.bibliotecas:artigo.revista:2001;2000609424,O afretamento a casco nu de embarcações,urn:lex:br:rede.virtual.bibliotecas:artigo.revista:2001;2000609424,legislation,Brasil,,,,,,Artigo.Revista Rede.Virtual.Bibliotecas 2000609424,2001,"Artigo.Revista Rede.Virtual.Bibliotecas 2000609424, promulgada em 2001, Brasil"
fretamento,2025-06-06 12:27:41,https://www.lexml.gov.br/urn/urn:lex:br:rede.virtual.bibliotecas:livro:2007;000775279,Contratos de afretamento à luz dos direitos inglês e brasileiro,urn:lex:br:rede.virtual.bibliotecas:livro:2007;000775279,legislation,Brasil,,,,,,Livro Rede.Virtual.Bibliotecas 000775279,2007,"Livro Rede.Virtual.Bibliotecas 000775279, promulgada em 2007, Brasil"
fretamento,2025-06-06 12:27:41,https://www.lexml.gov.br/urn/urn:lex:br:rede.virtual.bibliotecas:artigo.revista:2014;1001023172,A natureza jurídica dos contratos de afretamento de embarcações,urn:lex:br:rede.virtual.bibliotecas:artigo.revista:2014;1001023172,legislation,Brasil,,,,,,Artigo.Revista Rede.Virtual.Bibliotecas 1001023172,2014,"Artigo.Revista Rede.Virtual.Bibliotecas 1001023172, promulgada em 2014, Brasil"
fretamento,2025-06-06 12:27:41,https://www.lexml.gov.br/urn/urn:lex:br:rede.virtual.bibliotecas:livro:1956;000102163,El contrato de fletamento en el derecho venezolano,urn:lex:br:rede.virtual.bibliotecas:livro:1956;000102163,legislation,Brasil,,,,,,Livro Rede.Virtual.Bibliotecas 000102163,1956,"Livro Rede.Virtual.Bibliotecas 000102163, promulgada em 1956, Brasil"
fretamento,2025-06-06 12:27:41,https://www.lexml.gov.br/urn/urn:lex:br:rede.virtual.bibliotecas:artigo.revista:1995;1000525162,Notazioni negative e positive sul regolamento recante norme per l'esercizio della locazione e del noleggio delle unita da diporto,urn:lex:br:rede.virtual.bibliotecas:artigo.revista:1995;1000525162,legislation,Brasil,,,,,,Artigo.Revista Rede.Virtual.Bibliotecas 1000525162,1995,"Artigo.Revista Rede.Virtual.Bibliotecas 1000525162, promulgada em 1995, Brasil"
fretamento,2025-06-06 12:27:41,https://www.lexml.gov.br/urn/urn:lex:br:rede.virtual.bibliotecas:artigo.revista:2011;1000954172,Aspectos de transporte marítimo internacional de mercadorias,urn:lex:br:rede.virtual.bibliotecas:artigo.revista:2011;1000954172,legislation,Brasil,,,,,,Artigo.Revista Rede.Virtual.Bibliotecas 1000954172,2011,"Artigo.Revista Rede.Virtual.Bibliotecas 1000954172, promulgada em 2011, Brasil"
fretamento,2025-06-06 12:27:41,https://www.lexml.gov.br/urn/urn:lex:br:rede.virtual.bibliotecas:artigo.revista:2012;1000943251,Contratos no direito marítimo,urn:lex:br:rede.virtual.bibliotecas:artigo.revista:2012;1000943251,legislation,Brasil,,,,,,Artigo.Revista Rede.Virtual.Bibliotecas 1000943251,2012,"Artigo.Revista Rede.Virtual.Bibliotecas 1000943251, promulgada em 2012, Brasil"
fretamento,2025-06-06 12:27:41,https://www.lexml.gov.br/urn/urn:lex:br:rede.virtual.bibliotecas:artigo.revista:2013;1000981819,Afretamento a casco nu (Bare boat charter) e por tempo (Time charter). Não incidência do Imposto sobre Operações relativas à Circulação de Mercadorias e Serviços de Transporte Intermunicipal e Interestadual e de Comunicação (ICMS) e do Imposto sobre Serviços (ISS),urn:lex:br:rede.virtual.bibliotecas:artigo.revista:2013;1000981819,legislation,Brasil,,,,,,Artigo.Revista Rede.Virtual.Bibliotecas 1000981819,2013,"Artigo.Revista Rede.Virtual.Bibliotecas 1000981819, promulgada em 2013, Brasil"
fretamento,2025-06-06 12:27:41,https://www.lexml.gov.br/urn/urn:lex:br:rede.virtual.bibliotecas:artigo.revista:2013;1000981822,A natureza jurídica do contrato de afretamento por viagem e seus desdobramentos tributários,urn:lex:br:rede.virtual.bibliotecas:artigo.revista:2013;1000981822,legislation,Brasil,,,,,,Artigo.Revista Rede.Virtual.Bibliotecas 1000981822,2013,"Artigo.Revista Rede.Virtual.Bibliotecas 1000981822, promulgada em 2013, Brasil"
fretamento,2025-06-06 12:27:41,https://www.lexml.gov.br/urn/urn:lex:br:rede.virtual.bibliotecas:artigo.revista:2013;1000981838,"Impossibilidade, no ordenamento jurídico brasileiro, de se importar embarcação estrangeira de Apoio Marítimo com base em contrato de Ship Management Agreement em substituição ao contrato de afretamento",urn:lex:br:rede.virtual.bibliotecas:artigo.revista:2013;1000981838,legislation,Brasil,,,,,,Artigo.Revista Rede.Virtual.Bibliotecas 1000981838,2013,"Artigo.Revista Rede.Virtual.Bibliotecas 1000981838, promulgada em 2013, Brasil"
fretamento,2025-06-06 12:27:41,https://www.lexml.gov.br/urn/urn:lex:br:rede.virtual.bibliotecas:artigo.revista:2014;1001023169,Gargalos da indústria de apoio marítimo no Brasil,urn:lex:br:rede.virtual.bibliotecas:artigo.revista:2014;1001023169,legislation,Brasil,,,,,,Artigo.Revista Rede.Virtual.Bibliotecas 1001023169,2014,"Artigo.Revista Rede.Virtual.Bibliotecas 1001023169, promulgada em 2014, Brasil"
fretamento,2025-06-06 12:27:41,https://www.lexml.gov.br/urn/urn:lex:br;minas.gerais;divinopolis:municipal:decreto:2007-07-17;7707,"Decreto do Executivo n° 7707, de 17 de Julho de 2007",urn:lex:br;minas.gerais;divinopolis:municipal:decreto:2007-07-17;7707,legislation,Brasil,Minas Gerais,Divinopolis,,,,Decreto Municipal 7707,17-07-2007,"Decreto Municipal 7707, promulgada em 17-07-2007, Município de Divinopolis, Estado de Minas Gerais, Brasil"
fretamento,2025-06-06 12:27:41,https://www.lexml.gov.br/urn/urn:lex:br:rede.virtual.bibliotecas:artigo.revista:1997;1000550655,Tratamento tributario das atividades de apoio maritimo atraves de contratos de afretamento de embarcações,urn:lex:br:rede.virtual.bibliotecas:artigo.revista:1997;1000550655,legislation,Brasil,,,,,,Artigo.Revista Rede.Virtual.Bibliotecas 1000550655,1997,"Artigo.Revista Rede.Virtual.Bibliotecas 1000550655, promulgada em 1997, Brasil"
caminhão,2025-06-06 12:27:43,https://www.lexml.gov.br/urn/urn:lex:br:congresso.nacional:medida.provisoria;mpv:2021-05-19;1050,MPV 1050/2021,urn:lex:br:congresso.nacional:medida.provisoria;mpv:2021-05-19;1050,legislation,Brasil,,,,,,Medida Provisória (MPV) Federal 1050,19-05-2021,"Medida Provisória (MPV) Federal 1050, promulgada em 19-05-2021, Brasil"
caminhão,2025-06-06 12:27:43,https://www.lexml.gov.br/urn/urn:lex:br;minas.gerais;arinos:municipal:lei:1971-04-29;100,"Lei n° 100, de 29 de Abril de 1971",urn:lex:br;minas.gerais;arinos:municipal:lei:1971-04-29;100,legislation,Brasil,Minas Gerais,Arinos,,,,Lei Municipal 100,29-04-1971,"Lei Municipal 100, promulgada em 29-04-1971, Município de Arinos, Estado de Minas Gerais, Brasil"
caminhão,2025-06-06 12:27:43,https://www.lexml.gov.br/urn/urn:lex:br;minas.gerais;itabirito:municipal:lei:1996-03-27;1951,"Lei n° 1951, de 27 de Março de 1996",urn:lex:br;minas.gerais;itabirito:municipal:lei:1996-03-27;1951,legislation,Brasil,Minas Gerais,Itabirito,,,,Lei Municipal 1951,27-03-1996,"Lei Municipal 1951, promulgada em 27-03-1996, Município de Itabirito, Estado de Minas Gerais, Brasil"
caminhão,2025-06-06 12:27:43,https://www.lexml.gov.br/urn/urn:lex:br;sao.paulo:estadual:decreto:2012-05-30;58093,"Decreto nº 58.093, de 30/05/2012",urn:lex:br;sao.paulo:estadual:decreto:2012-05-30;58093,legislation,Brasil,São Paulo,,,,,Decreto Estadual 58093,30-05-2012,"Decreto Estadual 58093, promulgada em 30-05-2012, Estado de São Paulo, Brasil"
caminhão,2025-06-06 12:27:43,https://www.lexml.gov.br/urn/urn:lex:br;minas.gerais;divinopolis:municipal:lei:1957-08-02;416,"Lei Ordinária n° 416, de 02 de Agosto de 1957",urn:lex:br;minas.gerais;divinopolis:municipal:lei:1957-08-02;416,legislation,Brasil,Minas Gerais,Divinopolis,,,,Lei Municipal 416,02-08-1957,"Lei Municipal 416, promulgada em 02-08-1957, Município de Divinopolis, Estado de Minas Gerais, Brasil"
caminhão,2025-06-06 12:27:43,https://www.lexml.gov.br/urn/urn:lex:br;sao.paulo;campinas:municipal:decreto:1981-12-03;6812,"Decreto nº 6812, de 03 de Dezembro de 1981",urn:lex:br;sao.paulo;campinas:municipal:decreto:1981-12-03;6812,legislation,Brasil,São Paulo,Campinas,,,,Decreto Municipal 6812,03-12-1981,"Decreto Municipal 6812, promulgada em 03-12-1981, Município de Campinas, Estado de São Paulo, Brasil"
caminhão,2025-06-06 12:27:43,https://www.lexml.gov.br/urn/urn:lex:br;minas.gerais;divinopolis:municipal:lei:1972-01-28;961,"Lei Ordinária n° 961, de 28 de Janeiro de 1972",urn:lex:br;minas.gerais;divinopolis:municipal:lei:1972-01-28;961,legislation,Brasil,Minas Gerais,Divinopolis,,,,Lei Municipal 961,28-01-1972,"Lei Municipal 961, promulgada em 28-01-1972, Município de Divinopolis, Estado de Minas Gerais, Brasil"
caminhão,2025-06-06 12:27:43,https://www.lexml.gov.br/urn/urn:lex:br;espirito.santo;domingos.martins:municipal:lei:1967-06-16;252,"Lei Municipal n° 252, de 16 de Junho de 1967",urn:lex:br;espirito.santo;domingos.martins:municipal:lei:1967-06-16;252,legislation,Brasil,Espírito Santo,Domingos Martins,,,,Lei Municipal 252,16-06-1967,"Lei Municipal 252, promulgada em 16-06-1967, Município de Domingos Martins, Estado de Espírito Santo, Brasil"
caminhão,2025-06-06 12:27:43,https://www.lexml.gov.br/urn/urn:lex:br:federal:decreto.lei:1942-04-17;4272,"Decreto-Lei nº 4.272, de 17 de Abril de 1942",urn:lex:br:federal:decreto.lei:1942-04-17;4272,legislation,Brasil,,,,,,Decreto.Lei Federal 4272,17-04-1942,"Decreto.Lei Federal 4272, promulgada em 17-04-1942, Brasil"
caminhão,2025-06-06 12:27:43,https://www.lexml.gov.br/urn/urn:lex:br:federal:decreto:1973-12-04;73249,"Decreto nº 73.249, de 4 de Dezembro de 1973",urn:lex:br:federal:decreto:1973-12-04;73249,legislation,Brasil,,,,,,Decreto Federal 73249,04-12-1973,"Decreto Federal 73249, promulgada em 04-12-1973, Brasil"
caminhão,2025-06-06 12:27:43,https://www.lexml.gov.br/urn/urn:lex:br;espirito.santo;domingos.martins:municipal:lei:1975-03-25;687,"Lei Municipal n° 687, de 25 de Março de 1975",urn:lex:br;espirito.santo;domingos.martins:municipal:lei:1975-03-25;687,legislation,Brasil,Espírito Santo,Domingos Martins,,,,Lei Municipal 687,25-03-1975,"Lei Municipal 687, promulgada em 25-03-1975, Município de Domingos Martins, Estado de Espírito Santo, Brasil"
caminhão,2025-06-06 12:27:43,https://www.lexml.gov.br/urn/urn:lex:br:federal:decreto.lei:1986-12-10;2305,"Decreto-Lei nº 2.305, de 10 de Dezembro de 1986",urn:lex:br:federal:decreto.lei:1986-12-10;2305,legislation,Brasil,,,,,,Decreto.Lei Federal 2305,10-12-1986,"Decreto.Lei Federal 2305, promulgada em 10-12-1986, Brasil"
caminhão,2025-06-06 12:27:43,https://www.lexml.gov.br/urn/urn:lex:br;sao.paulo;hortolandia:municipal:lei:2002-10-21;1150,"Lei n° 1150, de 21 de outubro de 2002",urn:lex:br;sao.paulo;hortolandia:municipal:lei:2002-10-21;1150,legislation,Brasil,São Paulo,Hortolandia,,,,Lei Municipal 1150,21-10-2002,"Lei Municipal 1150, promulgada em 21-10-2002, Município de Hortolandia, Estado de São Paulo, Brasil"
caminhão,2025-06-06 12:27:43,https://www.lexml.gov.br/urn/urn:lex:br;sao.paulo:estadual:decreto.lei:1941-09-09;12162,"Decreto-Lei nº 12.162, de 09/09/1941",urn:lex:br;sao.paulo:estadual:decreto.lei:1941-09-09;12162,legislation,Brasil,São Paulo,,,,,Decreto.Lei Estadual 12162,09-09-1941,"Decreto.Lei Estadual 12162, promulgada em 09-09-1941, Estado de São Paulo, Brasil"
veículos pesados,2025-06-06 12:27:47,https://www.lexml.gov.br/urn/urn:lex:br;distrito.federal:distrital:decreto:2017-10-20;38571,"Decreto nº 38571, de 20 de outubro de 2017",urn:lex:br;distrito.federal:distrital:decreto:2017-10-20;38571,legislation,Brasil,Distrito Federal,,,,,Decreto Distrital 38571,20-10-2017,"Decreto Distrital 38571, promulgada em 20-10-2017, Estado de Distrito Federal, Brasil"
veículos pesados,2025-06-06 12:27:47,https://www.lexml.gov.br/urn/urn:lex:br;distrito.federal:distrital:decreto:2010-12-08;32563,"Decreto nº 32563, de 08 de dezembro de 2010",urn:lex:br;distrito.federal:distrital:decreto:2010-12-08;32563,legislation,Brasil,Distrito Federal,,,,,Decreto Distrital 32563,08-12-2010,"Decreto Distrital 32563, promulgada em 08-12-2010, Estado de Distrito Federal, Brasil"
veículos pesados,2025-06-06 12:27:47,https://www.lexml.gov.br/urn/urn:lex:br;minas.gerais;itabirito:municipal:lei:2015-07-03;3080,"Lei n° 3080, de 03 de Julho de 2015",urn:lex:br;minas.gerais;itabirito:municipal:lei:2015-07-03;3080,legislation,Brasil,Minas Gerais,Itabirito,,,,Lei Municipal 3080,03-07-2015,"Lei Municipal 3080, promulgada em 03-07-2015, Município de Itabirito, Estado de Minas Gerais, Brasil"
veículos pesados,2025-06-06 12:27:47,https://www.lexml.gov.br/urn/urn:lex:br;minas.gerais;ponte.nova:municipal:lei:2003-07-24;2674,"Lei n° 2674, de 24 de Julho de 2003",urn:lex:br;minas.gerais;ponte.nova:municipal:lei:2003-07-24;2674,legislation,Brasil,Minas Gerais,Ponte Nova,,,,Lei Municipal 2674,24-07-2003,"Lei Municipal 2674, promulgada em 24-07-2003, Município de Ponte Nova, Estado de Minas Gerais, Brasil"
veículos pesados,2025-06-06 12:27:47,https://www.lexml.gov.br/urn/urn:lex:br;minas.gerais;ponte.nova:municipal:lei:2012-04-09;3671,"Lei n° 3671, de 09 de Abril de 2012",urn:lex:br;minas.gerais;ponte.nova:municipal:lei:2012-04-09;3671,legislation,Brasil,Minas Gerais,Ponte Nova,,,,Lei Municipal 3671,09-04-2012,"Lei Municipal 3671, promulgada em 09-04-2012, Município de Ponte Nova, Estado de Minas Gerais, Brasil"
veículos pesados,2025-06-06 12:27:47,https://www.lexml.gov.br/urn/urn:lex:br;minas.gerais;ponte.nova:municipal:lei:1991-11-09;1683,"Lei n° 1683, de 09 de Novembro de 1991",urn:lex:br;minas.gerais;ponte.nova:municipal:lei:1991-11-09;1683,legislation,Brasil,Minas Gerais,Ponte Nova,,,,Lei Municipal 1683,09-11-1991,"Lei Municipal 1683, promulgada em 09-11-1991, Município de Ponte Nova, Estado de Minas Gerais, Brasil"
veículos pesados,2025-06-06 12:27:47,https://www.lexml.gov.br/urn/urn:lex:br;distrito.federal:distrital:decreto:2006-03-28;26683,"Decreto nº 26683, de 28 de março de 2006",urn:lex:br;distrito.federal:distrital:decreto:2006-03-28;26683,legislation,Brasil,Distrito Federal,,,,,Decreto Distrital 26683,28-03-2006,"Decreto Distrital 26683, promulgada em 28-03-2006, Estado de Distrito Federal, Brasil"
veículos pesados,2025-06-06 12:27:47,https://www.lexml.gov.br/urn/urn:lex:br;sao.paulo:estadual:decreto:1962-11-06;40995,"Decreto nº 40.995, de 06/11/1962",urn:lex:br;sao.paulo:estadual:decreto:1962-11-06;40995,legislation,Brasil,São Paulo,,,,,Decreto Estadual 40995,06-11-1962,"Decreto Estadual 40995, promulgada em 06-11-1962, Estado de São Paulo, Brasil"
veículos pesados,2025-06-06 12:27:47,https://www.lexml.gov.br/urn/urn:lex:br;minas.gerais;uberaba:municipal:lei:1988-12-20;4209,"Lei nº 4209 , de 20 de dezembro de 1988",urn:lex:br;minas.gerais;uberaba:municipal:lei:1988-12-20;4209,legislation,Brasil,Minas Gerais,Uberaba,,,,Lei Municipal 4209,20-12-1988,"Lei Municipal 4209, promulgada em 20-12-1988, Município de Uberaba, Estado de Minas Gerais, Brasil"
veículos pesados,2025-06-06 12:27:47,https://www.lexml.gov.br/urn/urn:lex:br;minas.gerais;itabirito:municipal:lei:2015-06-01;3073,"Lei n° 3073, de 01 de Junho de 2015",urn:lex:br;minas.gerais;itabirito:municipal:lei:2015-06-01;3073,legislation,Brasil,Minas Gerais,Itabirito,,,,Lei Municipal 3073,01-06-2015,"Lei Municipal 3073, promulgada em 01-06-2015, Município de Itabirito, Estado de Minas Gerais, Brasil"
veículos pesados,2025-06-06 12:27:47,https://www.lexml.gov.br/urn/urn:lex:br;distrito.federal:tribunal.justica.distrito.federal.territorios;turma.recursal.juizados.especiais.civeis.criminais.df.1:acordao:2001-08-14;144043,Acórdão nº 144043 do Processo nº20000110890305acj,urn:lex:br;distrito.federal:tribunal.justica.distrito.federal.territorios;turma.recursal.juizados.especiais.civeis.criminais.df.1:acordao:2001-08-14;144043,jurisprudence,Brasil,,,Distrito Federal,,"Tribunal Justica Distrito Federal Territorios, recursal.juizados.especiais.civeis.criminais.df.1ª turma",Acórdão número 144043,14-08-2001,"Acórdão número 144043, publicado em 14-08-2001, Tribunal Justica Distrito Federal Territorios, recursal.juizados.especiais.civeis.criminais.df.1ª turma, Distrito Federal"
veículos pesados,2025-06-06 12:27:47,https://www.lexml.gov.br/urn/urn:lex:br;rio.janeiro;miguel.pereira:municipal:decreto:2011-08-18;3894,"Decreto n° 3894, de 18 de Agosto de 2011",urn:lex:br;rio.janeiro;miguel.pereira:municipal:decreto:2011-08-18;3894,legislation,Brasil,Rio.Janeiro,Miguel Pereira,,,,Decreto Municipal 3894,18-08-2011,"Decreto Municipal 3894, promulgada em 18-08-2011, Município de Miguel Pereira, Estado de Rio.Janeiro, Brasil"
veículos pesados,2025-06-06 12:27:47,https://www.lexml.gov.br/urn/urn:lex:br;sao.paulo:estadual:lei:1964-11-13;8408,"Lei nº 8.408, de 13/11/1964",urn:lex:br;sao.paulo:estadual:lei:1964-11-13;8408,legislation,Brasil,São Paulo,,,,,Lei Estadual 8408,13-11-1964,"Lei Estadual 8408, promulgada em 13-11-1964, Estado de São Paulo, Brasil"
veículos pesados,2025-06-06 12:27:47,https://www.lexml.gov.br/urn/urn:lex:br;sao.paulo:estadual:decreto:1960-11-23;37545,"Decreto nº 37.545, de 23/11/1960",urn:lex:br;sao.paulo:estadual:decreto:1960-11-23;37545,legislation,Brasil,São Paulo,,,,,Decreto Estadual 37545,23-11-1960,"Decreto Estadual 37545, promulgada em 23-11-1960, Estado de São Paulo, Brasil"
veículos pesados,2025-06-06 12:27:47,https://www.lexml.gov.br/urn/urn:lex:br;rio.grande.sul;terra.areia:municipal:lei:1995-12-06;528,"Lei Municipal nº 528, de 06 de dezembro de 1995",urn:lex:br;rio.grande.sul;terra.areia:municipal:lei:1995-12-06;528,legislation,Brasil,Rio.Grande.Sul,Terra Areia,,,,Lei Municipal 528,06-12-1995,"Lei Municipal 528, promulgada em 06-12-1995, Município de Terra Areia, Estado de Rio.Grande.Sul, Brasil"
veículos pesados,2025-06-06 12:27:47,https://www.lexml.gov.br/urn/urn:lex:br;rio.grande.sul;herval:municipal:lei:2018-04-05;1409,"Lei Municipal nº 1.409, de 05 de abril de 2018",urn:lex:br;rio.grande.sul;herval:municipal:lei:2018-04-05;1409,legislation,Brasil,Rio.Grande.Sul,Herval,,,,Lei Municipal 1409,05-04-2018,"Lei Municipal 1409, promulgada em 05-04-2018, Município de Herval, Estado de Rio.Grande.Sul, Brasil"
veículos pesados,2025-06-06 12:27:47,https://www.lexml.gov.br/urn/urn:lex:br;rio.grande.sul;pedras.altas:municipal:decreto:2017-01-04;1772,"Decreto (municipal) nº 1.772, de 04 de janeiro de 2017",urn:lex:br;rio.grande.sul;pedras.altas:municipal:decreto:2017-01-04;1772,legislation,Brasil,Rio.Grande.Sul,Pedras Altas,,,,Decreto Municipal 1772,04-01-2017,"Decreto Municipal 1772, promulgada em 04-01-2017, Município de Pedras Altas, Estado de Rio.Grande.Sul, Brasil"
veículos pesados,2025-06-06 12:27:47,https://www.lexml.gov.br/urn/urn:lex:br;rio.grande.sul;machadinho:municipal:lei:2018-08-02;2999,"Lei Municipal nº 2.999, de 02 de agosto de 2018",urn:lex:br;rio.grande.sul;machadinho:municipal:lei:2018-08-02;2999,legislation,Brasil,Rio.Grande.Sul,Machadinho,,,,Lei Municipal 2999,02-08-2018,"Lei Municipal 2999, promulgada em 02-08-2018, Município de Machadinho, Estado de Rio.Grande.Sul, Brasil"
veículos pesados,2025-06-06 12:27:47,https://www.lexml.gov.br/urn/urn:lex:br;rio.grande.sul;santa.margarida.sul:municipal:lei:2019-05-28;980,"Lei Municipal nº 980, de 28 de maio de 2019",urn:lex:br;rio.grande.sul;santa.margarida.sul:municipal:lei:2019-05-28;980,legislation,Brasil,Rio.Grande.Sul,Santa Margarida Sul,,,,Lei Municipal 980,28-05-2019,"Lei Municipal 980, promulgada em 28-05-2019, Município de Santa Margarida Sul, Estado de Rio.Grande.Sul, Brasil"
veículos de carga,2025-06-06 12:27:50,https://www.lexml.gov.br/urn/urn:lex:br:federal:lei:1974-12-19;6194,"Lei nº 6.194, de 19 de Dezembro de 1974",urn:lex:br:federal:lei:1974-12-19;6194,legislation,Brasil,,,,,,Lei Federal 6194,19-12-1974,"Lei Federal 6194, promulgada em 19-12-1974, Brasil"
veículos de carga,2025-06-06 12:27:50,https://www.lexml.gov.br/urn/urn:lex:br;rio.janeiro;mangaratiba:municipal:lei:2016-04-07;999,"Lei n° 999, de 07 de Abril de 2016",urn:lex:br;rio.janeiro;mangaratiba:municipal:lei:2016-04-07;999,legislation,Brasil,Rio.Janeiro,Mangaratiba,,,,Lei Municipal 999,07-04-2016,"Lei Municipal 999, promulgada em 07-04-2016, Município de Mangaratiba, Estado de Rio.Janeiro, Brasil"
veículos de carga,2025-06-06 12:27:50,https://www.lexml.gov.br/urn/urn:lex:br;minas.gerais;divinopolis:municipal:lei:1952-07-10;241,"Lei Ordinária n° 241, de 10 de Julho de 1952",urn:lex:br;minas.gerais;divinopolis:municipal:lei:1952-07-10;241,legislation,Brasil,Minas Gerais,Divinopolis,,,,Lei Municipal 241,10-07-1952,"Lei Municipal 241, promulgada em 10-07-1952, Município de Divinopolis, Estado de Minas Gerais, Brasil"
veículos de carga,2025-06-06 12:27:50,https://www.lexml.gov.br/urn/urn:lex:br:federal:decreto.lei:1967-01-31;117,"Decreto-Lei nº 117, de 31 de Janeiro de 1967",urn:lex:br:federal:decreto.lei:1967-01-31;117,legislation,Brasil,,,,,,Decreto.Lei Federal 117,31-01-1967,"Decreto.Lei Federal 117, promulgada em 31-01-1967, Brasil"
veículos de carga,2025-06-06 12:27:50,https://www.lexml.gov.br/urn/urn:lex:br;sao.paulo;campinas:municipal:lei:1993-12-27;7747,"Lei nº 7747, de 27 de Dezembro de 1993",urn:lex:br;sao.paulo;campinas:municipal:lei:1993-12-27;7747,legislation,Brasil,São Paulo,Campinas,,,,Lei Municipal 7747,27-12-1993,"Lei Municipal 7747, promulgada em 27-12-1993, Município de Campinas, Estado de São Paulo, Brasil"
veículos de carga,2025-06-06 12:27:50,https://www.lexml.gov.br/urn/urn:lex:br;minas.gerais:estadual:decreto:1988-08-23;28571,"Decreto nº 28571, de 23 de agosto de 1988",urn:lex:br;minas.gerais:estadual:decreto:1988-08-23;28571,legislation,Brasil,Minas Gerais,,,,,Decreto Estadual 28571,23-08-1988,"Decreto Estadual 28571, promulgada em 23-08-1988, Estado de Minas Gerais, Brasil"
veículos de carga,2025-06-06 12:27:50,https://www.lexml.gov.br/urn/urn:lex:br:federal:lei:1985-11-25;7408,"Lei nº 7.408, de 25 de Novembro de 1985",urn:lex:br:federal:lei:1985-11-25;7408,legislation,Brasil,,,,,,Lei Federal 7408,25-11-1985,"Lei Federal 7408, promulgada em 25-11-1985, Brasil"
veículos de carga,2025-06-06 12:27:50,https://www.lexml.gov.br/urn/urn:lex:br;sao.paulo;hortolandia:municipal:lei:1994-05-26;186,"Lei n° 186, de 26 de maio de 1994",urn:lex:br;sao.paulo;hortolandia:municipal:lei:1994-05-26;186,legislation,Brasil,São Paulo,Hortolandia,,,,Lei Municipal 186,26-05-1994,"Lei Municipal 186, promulgada em 26-05-1994, Município de Hortolandia, Estado de São Paulo, Brasil"
veículos de carga,2025-06-06 12:27:50,https://www.lexml.gov.br/urn/urn:lex:br;minas.gerais:estadual:lei:1999-04-15;13201,"Lei nº 13201, de 15 de abril de 1999",urn:lex:br;minas.gerais:estadual:lei:1999-04-15;13201,legislation,Brasil,Minas Gerais,,,,,Lei Estadual 13201,15-04-1999,"Lei Estadual 13201, promulgada em 15-04-1999, Estado de Minas Gerais, Brasil"
veículos de carga,2025-06-06 12:27:50,https://www.lexml.gov.br/urn/urn:lex:br;santa.catarina:estadual:lei:1999-11-17;11223,"Lei Promulgada Nº 11.223, de 17 de novembro de 1999",urn:lex:br;santa.catarina:estadual:lei:1999-11-17;11223,legislation,Brasil,Santa Catarina,,,,,Lei Estadual 11223,17-11-1999,"Lei Estadual 11223, promulgada em 17-11-1999, Estado de Santa Catarina, Brasil"
veículos de carga,2025-06-06 12:27:50,https://www.lexml.gov.br/urn/urn:lex:br;minas.gerais;uberaba:municipal:lei:1985-10-09;3652,"Lei nº 3652 , de 9 de outubro de 1985",urn:lex:br;minas.gerais;uberaba:municipal:lei:1985-10-09;3652,legislation,Brasil,Minas Gerais,Uberaba,,,,Lei Municipal 3652,09-10-1985,"Lei Municipal 3652, promulgada em 09-10-1985, Município de Uberaba, Estado de Minas Gerais, Brasil"
veículos de carga,2025-06-06 12:27:50,https://www.lexml.gov.br/urn/urn:lex:br:superior.tribunal.justica;turma.1:acordao;resp:1998-08-18;29135-226194,REsp 29135 / SC,urn:lex:br:superior.tribunal.justica;turma.1:acordao;resp:1998-08-18;29135-226194,jurisprudence,Brasil,,,,,"Superior Tribunal de Justiça, 1ª turma",Acórdão (RESP) número 29135-226194,18-08-1998,"Acórdão (RESP) número 29135-226194, publicado em 18-08-1998, Superior Tribunal de Justiça, 1ª turma"
veículos de carga,2025-06-06 12:27:50,https://www.lexml.gov.br/urn/urn:lex:br:federal:medida.provisoria:2018-05-27;833,"Medida Provisória nº 833, de 27 de Maio de 2018",urn:lex:br:federal:medida.provisoria:2018-05-27;833,legislation,Brasil,,,,,,Medida Provisória Federal 833,27-05-2018,"Medida Provisória Federal 833, promulgada em 27-05-2018, Brasil"
veículos de carga,2025-06-06 12:27:50,https://www.lexml.gov.br/urn/urn:lex:br:federal:lei:2018-08-24;13711,"Lei nº 13.711, de 24 de Agosto de 2018",urn:lex:br:federal:lei:2018-08-24;13711,legislation,Brasil,,,,,,Lei Federal 13711,24-08-2018,"Lei Federal 13711, promulgada em 24-08-2018, Brasil"
veículos de carga,2025-06-06 12:27:50,https://www.lexml.gov.br/urn/urn:lex:br;minas.gerais:estadual:lei:1984-11-26;8750,"Lei nº 8750, de 26 de novembro de 1984",urn:lex:br;minas.gerais:estadual:lei:1984-11-26;8750,legislation,Brasil,Minas Gerais,,,,,Lei Estadual 8750,26-11-1984,"Lei Estadual 8750, promulgada em 26-11-1984, Estado de Minas Gerais, Brasil"
veículos de carga,2025-06-06 12:27:50,https://www.lexml.gov.br/urn/urn:lex:br;minas.gerais;uberaba:municipal:lei:2004-11-12;9436,"Lei nº 9436 , de 12 de novembro de 2004",urn:lex:br;minas.gerais;uberaba:municipal:lei:2004-11-12;9436,legislation,Brasil,Minas Gerais,Uberaba,,,,Lei Municipal 9436,12-11-2004,"Lei Municipal 9436, promulgada em 12-11-2004, Município de Uberaba, Estado de Minas Gerais, Brasil"
veículos comerciais,2025-06-06 12:27:52,https://www.lexml.gov.br/urn/urn:lex:br:congresso.nacional:medida.provisoria;mpv:2023-06-30;1178,MPV 1178/2023,urn:lex:br:congresso.nacional:medida.provisoria;mpv:2023-06-30;1178,legislation,Brasil,,,,,,Medida Provisória (MPV) Federal 1178,30-06-2023,"Medida Provisória (MPV) Federal 1178, promulgada em 30-06-2023, Brasil"
transporte de mercadorias,2025-06-06 12:27:55,https://www.lexml.gov.br/urn/urn:lex:br:congresso.nacional:medida.provisoria;mpv:2022-12-21;1147,MPV 1147/2022,urn:lex:br:congresso.nacional:medida.provisoria;mpv:2022-12-21;1147,legislation,Brasil,,,,,,Medida Provisória (MPV) Federal 1147,21-12-2022,"Medida Provisória (MPV) Federal 1147, promulgada em 21-12-2022, Brasil"
modal rodoviário,2025-06-06 12:27:58,https://www.lexml.gov.br/urn/urn:lex:br:camara.deputados:projeto.lei;pl:2003-11-20;2562,PL 2562/2003,urn:lex:br:camara.deputados:projeto.lei;pl:2003-11-20;2562,legislation,Brasil,,,,,,Projeto.Lei (Pl) Camara.Deputados 2562,20-11-2003,"Projeto.Lei (Pl) Camara.Deputados 2562, promulgada em 20-11-2003, Brasil"
modal rodoviário,2025-06-06 12:27:58,https://www.lexml.gov.br/urn/urn:lex:br:rede.virtual.bibliotecas:artigo.revista:2018;1001137342,Descarregamento de contêineres,urn:lex:br:rede.virtual.bibliotecas:artigo.revista:2018;1001137342,legislation,Brasil,,,,,,Artigo.Revista Rede.Virtual.Bibliotecas 1001137342,2018,"Artigo.Revista Rede.Virtual.Bibliotecas 1001137342, promulgada em 2018, Brasil"
modal rodoviário,2025-06-06 12:27:58,https://www.lexml.gov.br/urn/urn:lex:br:tribunal.superior.trabalho;turma.7:acordao;rr:2017-03-29;53800-2012-14-17-0,Acórdão do processo Nº RR - 53800-82.2012.5.17.0014,urn:lex:br:tribunal.superior.trabalho;turma.7:acordao;rr:2017-03-29;53800-2012-14-17-0,jurisprudence,Brasil,,,,,"Tribunal Superior do Trabalho, 7ª turma",Acórdão (RR) número 53800-2012-14-17-0,29-03-2017,"Acórdão (RR) número 53800-2012-14-17-0, publicado em 29-03-2017, Tribunal Superior do Trabalho, 7ª turma"
modal rodoviário,2025-06-06 12:27:58,https://www.lexml.gov.br/urn/urn:lex:br:superior.tribunal.justica;turma.4:acordao;resp:2018-11-27;1155590-1789335,REsp 1155590 / DF,urn:lex:br:superior.tribunal.justica;turma.4:acordao;resp:2018-11-27;1155590-1789335,jurisprudence,Brasil,,,,,"Superior Tribunal de Justiça, 4ª turma",Acórdão (RESP) número 1155590-1789335,27-11-2018,"Acórdão (RESP) número 1155590-1789335, publicado em 27-11-2018, Superior Tribunal de Justiça, 4ª turma"
modal rodoviário,2025-06-06 12:27:58,https://www.lexml.gov.br/urn/urn:lex:br:rede.virtual.bibliotecas:livro:2003;000658908,Transporte aéreo internacional,urn:lex:br:rede.virtual.bibliotecas:livro:2003;000658908,legislation,Brasil,,,,,,Livro Rede.Virtual.Bibliotecas 000658908,2003,"Livro Rede.Virtual.Bibliotecas 000658908, promulgada em 2003, Brasil"
gás natural veicular,2025-06-06 12:28:00,https://www.lexml.gov.br/urn/urn:lex:br;sao.paulo;campinas:municipal:lei:2003-12-19;11831,"Lei nº 11831, de 19 de Dezembro de 2003",urn:lex:br;sao.paulo;campinas:municipal:lei:2003-12-19;11831,legislation,Brasil,São Paulo,Campinas,,,,Lei Municipal 11831,19-12-2003,"Lei Municipal 11831, promulgada em 19-12-2003, Município de Campinas, Estado de São Paulo, Brasil"
gás natural veicular,2025-06-06 12:28:00,https://www.lexml.gov.br/urn/urn:lex:br;sao.paulo;hortolandia:municipal:lei:2017-06-07;3355,"Lei n° 3355, de 07 de junho de 2017",urn:lex:br;sao.paulo;hortolandia:municipal:lei:2017-06-07;3355,legislation,Brasil,São Paulo,Hortolandia,,,,Lei Municipal 3355,07-06-2017,"Lei Municipal 3355, promulgada em 07-06-2017, Município de Hortolandia, Estado de São Paulo, Brasil"
gás natural veicular,2025-06-06 12:28:00,https://www.lexml.gov.br/urn/urn:lex:br;santa.catarina:estadual:lei:2022-01-05;18324,"LEI Nº 18.324, DE 5 DE JANEIRO DE 2022",urn:lex:br;santa.catarina:estadual:lei:2022-01-05;18324,legislation,Brasil,Santa Catarina,,,,,Lei Estadual 18324,05-01-2022,"Lei Estadual 18324, promulgada em 05-01-2022, Estado de Santa Catarina, Brasil"
gás natural veicular,2025-06-06 12:28:00,https://www.lexml.gov.br/urn/urn:lex:br:rede.virtual.bibliotecas:artigo.revista:2005;1000728182,O Abastecimento de GNV e as Prescrições da NR-16,urn:lex:br:rede.virtual.bibliotecas:artigo.revista:2005;1000728182,legislation,Brasil,,,,,,Artigo.Revista Rede.Virtual.Bibliotecas 1000728182,2005,"Artigo.Revista Rede.Virtual.Bibliotecas 1000728182, promulgada em 2005, Brasil"
gás natural veicular,2025-06-06 12:28:00,https://www.lexml.gov.br/urn/urn:lex:br;sao.paulo;campinas:municipal:lei.complementar:2003-06-27;8,"Lei Complementar nº 8, de 27 de Junho de 2003",urn:lex:br;sao.paulo;campinas:municipal:lei.complementar:2003-06-27;8,legislation,Brasil,São Paulo,Campinas,,,,Lei.Complementar Municipal 8,27-06-2003,"Lei.Complementar Municipal 8, promulgada em 27-06-2003, Município de Campinas, Estado de São Paulo, Brasil"
gás natural veicular,2025-06-06 12:28:00,https://www.lexml.gov.br/urn/urn:lex:br;distrito.federal:distrital:lei:2022-01-05;7056,"Lei nº 7056, de 05 de janeiro de 2022",urn:lex:br;distrito.federal:distrital:lei:2022-01-05;7056,legislation,Brasil,Distrito Federal,,,,,Lei Distrital 7056,05-01-2022,"Lei Distrital 7056, promulgada em 05-01-2022, Estado de Distrito Federal, Brasil"
gás natural veicular,2025-06-06 12:28:00,https://www.lexml.gov.br/urn/urn:lex:br:federal:medida.provisoria:2023-01-01;1157,"Medida Provisória nº 1.157, de 1º de Janeiro de 2023",urn:lex:br:federal:medida.provisoria:2023-01-01;1157,legislation,Brasil,,,,,,Medida Provisória Federal 1157,01-01-2023,"Medida Provisória Federal 1157, promulgada em 01-01-2023, Brasil"
gás natural veicular,2025-06-06 12:28:00,https://www.lexml.gov.br/urn/urn:lex:br:federal:medida.provisoria:2023-02-28;1163,"Medida Provisória nº 1.163, de 28 de Fevereiro de 2023",urn:lex:br:federal:medida.provisoria:2023-02-28;1163,legislation,Brasil,,,,,,Medida Provisória Federal 1163,28-02-2023,"Medida Provisória Federal 1163, promulgada em 28-02-2023, Brasil"
gás natural veicular,2025-06-06 12:28:00,https://www.lexml.gov.br/urn/urn:lex:br:camara.deputados:projeto.lei;pl:2017-06-06;7807,PL 7807/2017,urn:lex:br:camara.deputados:projeto.lei;pl:2017-06-06;7807,legislation,Brasil,,,,,,Projeto.Lei (Pl) Camara.Deputados 7807,06-06-2017,"Projeto.Lei (Pl) Camara.Deputados 7807, promulgada em 06-06-2017, Brasil"
gás natural veicular,2025-06-06 12:28:00,https://www.lexml.gov.br/urn/urn:lex:br;sao.paulo;campinas:municipal:lei:2007-04-03;12885,"Lei nº 12885, de 03 de Abril de 2007",urn:lex:br;sao.paulo;campinas:municipal:lei:2007-04-03;12885,legislation,Brasil,São Paulo,Campinas,,,,Lei Municipal 12885,03-04-2007,"Lei Municipal 12885, promulgada em 03-04-2007, Município de Campinas, Estado de São Paulo, Brasil"
gás natural veicular,2025-06-06 12:28:00,https://www.lexml.gov.br/urn/urn:lex:br:congresso.nacional:medida.provisoria;mpv:2023-03-01;1163,MPV 1163/2023,urn:lex:br:congresso.nacional:medida.provisoria;mpv:2023-03-01;1163,legislation,Brasil,,,,,,Medida Provisória (MPV) Federal 1163,01-03-2023,"Medida Provisória (MPV) Federal 1163, promulgada em 01-03-2023, Brasil"
gás natural veicular,2025-06-06 12:28:00,https://www.lexml.gov.br/urn/urn:lex:br:camara.deputados:projeto.lei;pl:2004-05-25;3644,PL 3644/2004,urn:lex:br:camara.deputados:projeto.lei;pl:2004-05-25;3644,legislation,Brasil,,,,,,Projeto.Lei (Pl) Camara.Deputados 3644,25-05-2004,"Projeto.Lei (Pl) Camara.Deputados 3644, promulgada em 25-05-2004, Brasil"
gás natural veicular,2025-06-06 12:28:00,https://www.lexml.gov.br/urn/urn:lex:br:camara.deputados:projeto.lei;pl:2010-08-17;7773,PL 7773/2010,urn:lex:br:camara.deputados:projeto.lei;pl:2010-08-17;7773,legislation,Brasil,,,,,,Projeto.Lei (Pl) Camara.Deputados 7773,17-08-2010,"Projeto.Lei (Pl) Camara.Deputados 7773, promulgada em 17-08-2010, Brasil"
gás natural veicular,2025-06-06 12:28:00,https://www.lexml.gov.br/urn/urn:lex:br:camara.deputados:projeto.lei;pl:2013-07-04;5893,PL 5893/2013,urn:lex:br:camara.deputados:projeto.lei;pl:2013-07-04;5893,legislation,Brasil,,,,,,Projeto.Lei (Pl) Camara.Deputados 5893,04-07-2013,"Projeto.Lei (Pl) Camara.Deputados 5893, promulgada em 04-07-2013, Brasil"
gás natural veicular,2025-06-06 12:28:00,https://www.lexml.gov.br/urn/urn:lex:br:congresso.nacional:medida.provisoria;mpv:2023-01-02;1157,MPV 1157/2023,urn:lex:br:congresso.nacional:medida.provisoria;mpv:2023-01-02;1157,legislation,Brasil,,,,,,Medida Provisória (MPV) Federal 1157,02-01-2023,"Medida Provisória (MPV) Federal 1157, promulgada em 02-01-2023, Brasil"
gás natural veicular,2025-06-06 12:28:00,https://www.lexml.gov.br/urn/urn:lex:br;rio.grande.sul;caxias.sul:municipal:lei:2001-11-26;5748,"Lei Municipal nº 5.748, de 26 de novembro de 2001",urn:lex:br;rio.grande.sul;caxias.sul:municipal:lei:2001-11-26;5748,legislation,Brasil,Rio.Grande.Sul,Caxias Sul,,,,Lei Municipal 5748,26-11-2001,"Lei Municipal 5748, promulgada em 26-11-2001, Município de Caxias Sul, Estado de Rio.Grande.Sul, Brasil"
gás natural veicular,2025-06-06 12:28:00,https://www.lexml.gov.br/urn/urn:lex:br;sao.paulo;campinas:municipal:decreto:2012-07-16;17649,"Decreto nº 17649, de 16 de Julho de 2012",urn:lex:br;sao.paulo;campinas:municipal:decreto:2012-07-16;17649,legislation,Brasil,São Paulo,Campinas,,,,Decreto Municipal 17649,16-07-2012,"Decreto Municipal 17649, promulgada em 16-07-2012, Município de Campinas, Estado de São Paulo, Brasil"
gás natural veicular,2025-06-06 12:28:00,https://www.lexml.gov.br/urn/urn:lex:br:camara.deputados:projeto.lei;pl:2003-12-11;2749,PL 2749/2003,urn:lex:br:camara.deputados:projeto.lei;pl:2003-12-11;2749,legislation,Brasil,,,,,,Projeto.Lei (Pl) Camara.Deputados 2749,11-12-2003,"Projeto.Lei (Pl) Camara.Deputados 2749, promulgada em 11-12-2003, Brasil"
gás natural veicular,2025-06-06 12:28:00,https://www.lexml.gov.br/urn/urn:lex:br:camara.deputados:projeto.lei;pl:2016-02-18;4444,PL 4444/2016,urn:lex:br:camara.deputados:projeto.lei;pl:2016-02-18;4444,legislation,Brasil,,,,,,Projeto.Lei (Pl) Camara.Deputados 4444,18-02-2016,"Projeto.Lei (Pl) Camara.Deputados 4444, promulgada em 18-02-2016, Brasil"
biometano,2025-06-06 12:28:02,https://www.lexml.gov.br/urn/urn:lex:br:federal:lei:2024-10-08;14993,Lei nº 14.993 de 08/10/2024,urn:lex:br:federal:lei:2024-10-08;14993,legislation,Brasil,,,,,,Lei Federal 14993,08-10-2024,"Lei Federal 14993, promulgada em 08-10-2024, Brasil"
biometano,2025-06-06 12:28:02,https://www.lexml.gov.br/urn/urn:lex:br:federal:decreto:2022-03-21;11003,"Decreto nº 11.003, de 21 de Março de 2022",urn:lex:br:federal:decreto:2022-03-21;11003,legislation,Brasil,,,,,,Decreto Federal 11003,21-03-2022,"Decreto Federal 11003, promulgada em 21-03-2022, Brasil"
biometano,2025-06-06 12:28:02,https://www.lexml.gov.br/urn/urn:lex:br:camara.deputados:projeto.lei;pl:2020-04-27;2193,PL 2193/2020,urn:lex:br:camara.deputados:projeto.lei;pl:2020-04-27;2193,legislation,Brasil,,,,,,Projeto.Lei (Pl) Camara.Deputados 2193,27-04-2020,"Projeto.Lei (Pl) Camara.Deputados 2193, promulgada em 27-04-2020, Brasil"
biometano,2025-06-06 12:28:02,https://www.lexml.gov.br/urn/urn:lex:br;minas.gerais:estadual:lei:2023-07-13;24396,"Lei nº 24396, de 13 de julho de 2023",urn:lex:br;minas.gerais:estadual:lei:2023-07-13;24396,legislation,Brasil,Minas Gerais,,,,,Lei Estadual 24396,13-07-2023,"Lei Estadual 24396, promulgada em 13-07-2023, Estado de Minas Gerais, Brasil"
biometano,2025-06-06 12:28:02,https://www.lexml.gov.br/urn/urn:lex:br:camara.deputados:projeto.lei;pl:2021-10-26;3733,PL 3733/2021,urn:lex:br:camara.deputados:projeto.lei;pl:2021-10-26;3733,legislation,Brasil,,,,,,Projeto.Lei (Pl) Camara.Deputados 3733,26-10-2021,"Projeto.Lei (Pl) Camara.Deputados 3733, promulgada em 26-10-2021, Brasil"
biometano,2025-06-06 12:28:02,https://www.lexml.gov.br/urn/urn:lex:br;amazonas:estadual:lei:2024-09-30;7096,"Lei Ordinária n° 7096, de 30 de Setembro de 2024",urn:lex:br;amazonas:estadual:lei:2024-09-30;7096,legislation,Brasil,Amazonas,,,,,Lei Estadual 7096,30-09-2024,"Lei Estadual 7096, promulgada em 30-09-2024, Estado de Amazonas, Brasil"
biometano,2025-06-06 12:28:02,https://www.lexml.gov.br/urn/urn:lex:br:camara.deputados:projeto.lei;pl:2021-11-03;3865,PL 3865/2021,urn:lex:br:camara.deputados:projeto.lei;pl:2021-11-03;3865,legislation,Brasil,,,,,,Projeto.Lei (Pl) Camara.Deputados 3865,03-11-2021,"Projeto.Lei (Pl) Camara.Deputados 3865, promulgada em 03-11-2021, Brasil"
biometano,2025-06-06 12:28:02,https://www.lexml.gov.br/urn/urn:lex:br:senado.federal:projeto.lei;pl:2022;1879,[ Projeto de Lei nº 1879/2022 ],urn:lex:br:senado.federal:projeto.lei;pl:2022;1879,legislation,Brasil,,,,,,Projeto.Lei (Pl) Senado.Federal 1879,2022,"Projeto.Lei (Pl) Senado.Federal 1879, promulgada em 2022, Brasil"
biometano,2025-06-06 12:28:02,https://www.lexml.gov.br/urn/urn:lex:br:camara.deputados:projeto.lei;pl:2020-03-04;528,[ Projeto de Lei nº 528/2020 ],urn:lex:br:camara.deputados:projeto.lei;pl:2020-03-04;528,legislation,Brasil,,,,,,Projeto.Lei (Pl) Camara.Deputados 528,04-03-2020,"Projeto.Lei (Pl) Camara.Deputados 528, promulgada em 04-03-2020, Brasil"
diesel,2025-06-06 12:28:03,https://www.lexml.gov.br/urn/urn:lex:br:congresso.nacional:medida.provisoria;mpv:2018-08-01;847,MPV 847/2018,urn:lex:br:congresso.nacional:medida.provisoria;mpv:2018-08-01;847,legislation,Brasil,,,,,,Medida Provisória (MPV) Federal 847,01-08-2018,"Medida Provisória (MPV) Federal 847, promulgada em 01-08-2018, Brasil"
diesel,2025-06-06 12:28:03,https://www.lexml.gov.br/urn/urn:lex:br:congresso.nacional:medida.provisoria;mpv:2018-05-30;838,MPV 838/2018,urn:lex:br:congresso.nacional:medida.provisoria;mpv:2018-05-30;838,legislation,Brasil,,,,,,Medida Provisória (MPV) Federal 838,30-05-2018,"Medida Provisória (MPV) Federal 838, promulgada em 30-05-2018, Brasil"
diesel,2025-06-06 12:28:03,https://www.lexml.gov.br/urn/urn:lex:br;sao.paulo:estadual:decreto:1981-09-30;17758,"Decreto nº 17.758, de 30/09/1981",urn:lex:br;sao.paulo:estadual:decreto:1981-09-30;17758,legislation,Brasil,São Paulo,,,,,Decreto Estadual 17758,30-09-1981,"Decreto Estadual 17758, promulgada em 30-09-1981, Estado de São Paulo, Brasil"
diesel,2025-06-06 12:28:03,https://www.lexml.gov.br/urn/urn:lex:br:agencia.nacional.energia.eletrica:resolucao.autorizativa:2011-06-09;2927,"RESOLUÇÃO AUTORIZATIVA nº 2927, de 09/06/2011",urn:lex:br:agencia.nacional.energia.eletrica:resolucao.autorizativa:2011-06-09;2927,legislation,Brasil,,,,,,Resolucao.Autorizativa Agencia.Nacional.Energia.Eletrica 2927,09-06-2011,"Resolucao.Autorizativa Agencia.Nacional.Energia.Eletrica 2927, promulgada em 09-06-2011, Brasil"
diesel,2025-06-06 12:28:03,https://www.lexml.gov.br/urn/urn:lex:br:agencia.nacional.energia.eletrica:resolucao.autorizativa:2004-12-24;417,"RESOLUÇÃO AUTORIZATIVA nº 417, de 24/12/2004",urn:lex:br:agencia.nacional.energia.eletrica:resolucao.autorizativa:2004-12-24;417,legislation,Brasil,,,,,,Resolucao.Autorizativa Agencia.Nacional.Energia.Eletrica 417,24-12-2004,"Resolucao.Autorizativa Agencia.Nacional.Energia.Eletrica 417, promulgada em 24-12-2004, Brasil"
diesel,2025-06-06 12:28:03,https://www.lexml.gov.br/urn/urn:lex:br:agencia.nacional.energia.eletrica:resolucao:1999-11-12;316,"RESOLUÇÃO nº 316, de 12/11/1999",urn:lex:br:agencia.nacional.energia.eletrica:resolucao:1999-11-12;316,legislation,Brasil,,,,,,Resolução Agencia.Nacional.Energia.Eletrica 316,12-11-1999,"Resolução Agencia.Nacional.Energia.Eletrica 316, promulgada em 12-11-1999, Brasil"
diesel,2025-06-06 12:28:03,https://www.lexml.gov.br/urn/urn:lex:br:federal:decreto.lei:1966-11-21;65,"Decreto-Lei nº 65, de 21 de Novembro de 1966",urn:lex:br:federal:decreto.lei:1966-11-21;65,legislation,Brasil,,,,,,Decreto.Lei Federal 65,21-11-1966,"Decreto.Lei Federal 65, promulgada em 21-11-1966, Brasil"
diesel,2025-06-06 12:28:03,https://www.lexml.gov.br/urn/urn:lex:br:agencia.nacional.energia.eletrica:resolucao.autorizativa:2011-06-06;2928,"RESOLUÇÃO AUTORIZATIVA nº 2928, de 06/06/2011",urn:lex:br:agencia.nacional.energia.eletrica:resolucao.autorizativa:2011-06-06;2928,legislation,Brasil,,,,,,Resolucao.Autorizativa Agencia.Nacional.Energia.Eletrica 2928,06-06-2011,"Resolucao.Autorizativa Agencia.Nacional.Energia.Eletrica 2928, promulgada em 06-06-2011, Brasil"
diesel,2025-06-06 12:28:03,https://www.lexml.gov.br/urn/urn:lex:br:federal:decreto:1947-10-13;23838,"Decreto nº 23.838, de 13 de Outubro de 1947",urn:lex:br:federal:decreto:1947-10-13;23838,legislation,Brasil,,,,,,Decreto Federal 23838,13-10-1947,"Decreto Federal 23838, promulgada em 13-10-1947, Brasil"
diesel,2025-06-06 12:28:03,https://www.lexml.gov.br/urn/urn:lex:br:federal:medida.provisoria:1996-08-30;1517,"Medida Provisória nº 1.517, de 30 de Agosto de 1996",urn:lex:br:federal:medida.provisoria:1996-08-30;1517,legislation,Brasil,,,,,,Medida Provisória Federal 1517,30-08-1996,"Medida Provisória Federal 1517, promulgada em 30-08-1996, Brasil"
diesel,2025-06-06 12:28:03,https://www.lexml.gov.br/urn/urn:lex:br:federal:medida.provisoria:1996-10-31;1517-2,"Medida Provisória nº 1.517-2, de 31 de Outubro de 1996",urn:lex:br:federal:medida.provisoria:1996-10-31;1517-2,legislation,Brasil,,,,,,Medida Provisória Federal 1517-2,31-10-1996,"Medida Provisória Federal 1517-2, promulgada em 31-10-1996, Brasil"
biodiesel,2025-06-06 12:28:05,https://www.lexml.gov.br/urn/urn:lex:br:federal:lei:2005-01-13;11097,"Lei nº 11.097, de 13 de Janeiro de 2005",urn:lex:br:federal:lei:2005-01-13;11097,legislation,Brasil,,,,,,Lei Federal 11097,13-01-2005,"Lei Federal 11097, promulgada em 13-01-2005, Brasil"
biodiesel,2025-06-06 12:28:05,https://www.lexml.gov.br/urn/urn:lex:br:senado.federal:projeto.lei.conversao;plv:2004;60,[ Projeto de Lei de Conversão (CN) nº 60/2004 > Veto nº 5/2005 : Lei nº 11.097 de 13/01/2005 ],urn:lex:br:senado.federal:projeto.lei.conversao;plv:2004;60,legislation,Brasil,,,,,,Projeto.Lei.Conversao (Plv) Senado.Federal 60,2004,"Projeto.Lei.Conversao (Plv) Senado.Federal 60, promulgada em 2004, Brasil"
biodiesel,2025-06-06 12:28:05,https://www.lexml.gov.br/urn/urn:lex:br;minas.gerais;uberaba:municipal:lei:2008-04-19;10354,"Lei nº 10354 , de 19 de abril de 2008",urn:lex:br;minas.gerais;uberaba:municipal:lei:2008-04-19;10354,legislation,Brasil,Minas Gerais,Uberaba,,,,Lei Municipal 10354,19-04-2008,"Lei Municipal 10354, promulgada em 19-04-2008, Município de Uberaba, Estado de Minas Gerais, Brasil"
biodiesel,2025-06-06 12:28:05,https://www.lexml.gov.br/urn/urn:lex:br;minas.gerais;uberaba:municipal:lei:2006-02-25;9900,"Lei nº 9900 , de 25 de fevereiro de 2006",urn:lex:br;minas.gerais;uberaba:municipal:lei:2006-02-25;9900,legislation,Brasil,Minas Gerais,Uberaba,,,,Lei Municipal 9900,25-02-2006,"Lei Municipal 9900, promulgada em 25-02-2006, Município de Uberaba, Estado de Minas Gerais, Brasil"
biodiesel,2025-06-06 12:28:05,https://www.lexml.gov.br/urn/urn:lex:br;sao.paulo;catanduva:municipal:lei:2007-05-25;4403,"Lei Ordinária nº 4403, de 25 de Maio de 2007",urn:lex:br;sao.paulo;catanduva:municipal:lei:2007-05-25;4403,legislation,Brasil,São Paulo,Catanduva,,,,Lei Municipal 4403,25-05-2007,"Lei Municipal 4403, promulgada em 25-05-2007, Município de Catanduva, Estado de São Paulo, Brasil"
biodiesel,2025-06-06 12:28:05,https://www.lexml.gov.br/urn/urn:lex:br:federal:lei:2016-03-23;13263,"Lei nº 13.263, de 23 de Março de 2016",urn:lex:br:federal:lei:2016-03-23;13263,legislation,Brasil,,,,,,Lei Federal 13263,23-03-2016,"Lei Federal 13263, promulgada em 23-03-2016, Brasil"
biodiesel,2025-06-06 12:28:05,https://www.lexml.gov.br/urn/urn:lex:br:federal:lei:2014-09-24;13033,"Lei nº 13.033, de 24 de Setembro de 2014",urn:lex:br:federal:lei:2014-09-24;13033,legislation,Brasil,,,,,,Lei Federal 13033,24-09-2014,"Lei Federal 13033, promulgada em 24-09-2014, Brasil"
biodiesel,2025-06-06 12:28:05,https://www.lexml.gov.br/urn/urn:lex:br:federal:decreto:2005-05-20;5448,"Decreto nº 5.448, de 20 de Maio de 2005",urn:lex:br:federal:decreto:2005-05-20;5448,legislation,Brasil,,,,,,Decreto Federal 5448,20-05-2005,"Decreto Federal 5448, promulgada em 20-05-2005, Brasil"
biodiesel,2025-06-06 12:28:05,https://www.lexml.gov.br/urn/urn:lex:br:federal:decreto:2018-05-08;9365,"Decreto nº 9.365, de 8 de Maio de 2018",urn:lex:br:federal:decreto:2018-05-08;9365,legislation,Brasil,,,,,,Decreto Federal 9365,08-05-2018,"Decreto Federal 9365, promulgada em 08-05-2018, Brasil"
biodiesel,2025-06-06 12:28:05,https://www.lexml.gov.br/urn/urn:lex:br;rondonia:estadual:lei:2009-12-21;2214,"Lei ordinária nº 2214, de 21 de Dezembro de 2009",urn:lex:br;rondonia:estadual:lei:2009-12-21;2214,legislation,Brasil,Rondônia,,,,,Lei Estadual 2214,21-12-2009,"Lei Estadual 2214, promulgada em 21-12-2009, Estado de Rondônia, Brasil"
biodiesel,2025-06-06 12:28:05,https://www.lexml.gov.br/urn/urn:lex:br:federal:decreto:2004-12-06;5297,"Decreto nº 5.297, de 6 de Dezembro de 2004",urn:lex:br:federal:decreto:2004-12-06;5297,legislation,Brasil,,,,,,Decreto Federal 5297,06-12-2004,"Decreto Federal 5297, promulgada em 06-12-2004, Brasil"
biodiesel,2025-06-06 12:28:05,https://www.lexml.gov.br/urn/urn:lex:br:federal:medida.provisoria:2014-05-28;647,"Medida Provisória nº 647, de 28 de Maio de 2014",urn:lex:br:federal:medida.provisoria:2014-05-28;647,legislation,Brasil,,,,,,Medida Provisória Federal 647,28-05-2014,"Medida Provisória Federal 647, promulgada em 28-05-2014, Brasil"
diesel verde,2025-06-06 12:28:07,https://www.lexml.gov.br/urn/urn:lex:br:camara.deputados:projeto.lei;pl:2023-08-29;4196,PL 4196/2023,urn:lex:br:camara.deputados:projeto.lei;pl:2023-08-29;4196,legislation,Brasil,,,,,,Projeto.Lei (Pl) Camara.Deputados 4196,29-08-2023,"Projeto.Lei (Pl) Camara.Deputados 4196, promulgada em 29-08-2023, Brasil"
diesel verde,2025-06-06 12:28:07,https://www.lexml.gov.br/urn/urn:lex:br:camara.deputados:projeto.lei;pl:2021-09-27;3314,PL 3314/2021,urn:lex:br:camara.deputados:projeto.lei;pl:2021-09-27;3314,legislation,Brasil,,,,,,Projeto.Lei (Pl) Camara.Deputados 3314,27-09-2021,"Projeto.Lei (Pl) Camara.Deputados 3314, promulgada em 27-09-2021, Brasil"
diesel verde,2025-06-06 12:28:07,https://www.lexml.gov.br/urn/urn:lex:br:camara.deputados:projeto.lei;pl:2023-09-18;4516,PL 4516/2023,urn:lex:br:camara.deputados:projeto.lei;pl:2023-09-18;4516,legislation,Brasil,,,,,,Projeto.Lei (Pl) Camara.Deputados 4516,18-09-2023,"Projeto.Lei (Pl) Camara.Deputados 4516, promulgada em 18-09-2023, Brasil"
diesel verde,2025-06-06 12:28:07,https://www.lexml.gov.br/urn/urn:lex:br:superior.tribunal.justica;turma.4:acordao;aresp:2016-05-19;245778-1538051,AgInt no AREsp 245778 / SP,urn:lex:br:superior.tribunal.justica;turma.4:acordao;aresp:2016-05-19;245778-1538051,jurisprudence,Brasil,,,,,"Superior Tribunal de Justiça, 4ª turma",Acórdão (ARESP) número 245778-1538051,19-05-2016,"Acórdão (ARESP) número 245778-1538051, publicado em 19-05-2016, Superior Tribunal de Justiça, 4ª turma"
combustível sustentável,2025-06-06 12:28:09,https://www.lexml.gov.br/urn/urn:lex:br:rede.virtual.bibliotecas:folheto:2017;001104341,Anais do II Congresso Internacional de Controle e Políticas Públicas,urn:lex:br:rede.virtual.bibliotecas:folheto:2017;001104341,legislation,Brasil,,,,,,Folheto Rede.Virtual.Bibliotecas 001104341,2017,"Folheto Rede.Virtual.Bibliotecas 001104341, promulgada em 2017, Brasil"
combustível sustentável,2025-06-06 12:28:09,https://www.lexml.gov.br/urn/urn:lex:br:rede.virtual.bibliotecas:artigo.revista:2008;1000835448,A expansão do setor sucro-alcooleiro à luz do arcabouço jurídico-ambiental,urn:lex:br:rede.virtual.bibliotecas:artigo.revista:2008;1000835448,legislation,Brasil,,,,,,Artigo.Revista Rede.Virtual.Bibliotecas 1000835448,2008,"Artigo.Revista Rede.Virtual.Bibliotecas 1000835448, promulgada em 2008, Brasil"
combustível sustentável,2025-06-06 12:28:09,https://www.lexml.gov.br/urn/urn:lex:br:rede.virtual.bibliotecas:artigo.revista:2007;1000800355,Biogás,urn:lex:br:rede.virtual.bibliotecas:artigo.revista:2007;1000800355,legislation,Brasil,,,,,,Artigo.Revista Rede.Virtual.Bibliotecas 1000800355,2007,"Artigo.Revista Rede.Virtual.Bibliotecas 1000800355, promulgada em 2007, Brasil"
combustível sustentável,2025-06-06 12:28:09,https://www.lexml.gov.br/urn/urn:lex:br:rede.virtual.bibliotecas:livro:2020;001176528,Tributação ambiental e sustentabilidade,urn:lex:br:rede.virtual.bibliotecas:livro:2020;001176528,legislation,Brasil,,,,,,Livro Rede.Virtual.Bibliotecas 001176528,2020,"Livro Rede.Virtual.Bibliotecas 001176528, promulgada em 2020, Brasil"
combustível sustentável,2025-06-06 12:28:09,https://www.lexml.gov.br/urn/urn:lex:br:rede.virtual.bibliotecas:livro:2013;000998766,A tutela jurídica da cana-de-açúcar como biocombustível no direito ambiental brasileiro,urn:lex:br:rede.virtual.bibliotecas:livro:2013;000998766,legislation,Brasil,,,,,,Livro Rede.Virtual.Bibliotecas 000998766,2013,"Livro Rede.Virtual.Bibliotecas 000998766, promulgada em 2013, Brasil"
combustível sustentável,2025-06-06 12:28:09,https://www.lexml.gov.br/urn/urn:lex:br:rede.virtual.bibliotecas:artigo.revista:2012;1000936425,Algumas reflexões sobre sustentabilidade,urn:lex:br:rede.virtual.bibliotecas:artigo.revista:2012;1000936425,legislation,Brasil,,,,,,Artigo.Revista Rede.Virtual.Bibliotecas 1000936425,2012,"Artigo.Revista Rede.Virtual.Bibliotecas 1000936425, promulgada em 2012, Brasil"
combustível sustentável,2025-06-06 12:28:09,https://www.lexml.gov.br/urn/urn:lex:br:rede.virtual.bibliotecas:artigo.revista:2019;1001207741,Direito das energias renováveis no Brasil,urn:lex:br:rede.virtual.bibliotecas:artigo.revista:2019;1001207741,legislation,Brasil,,,,,,Artigo.Revista Rede.Virtual.Bibliotecas 1001207741,2019,"Artigo.Revista Rede.Virtual.Bibliotecas 1001207741, promulgada em 2019, Brasil"
combustível sustentável,2025-06-06 12:28:09,https://www.lexml.gov.br/urn/urn:lex:br:rede.virtual.bibliotecas:artigo.revista:2008;1000813537,A agroenergia?,urn:lex:br:rede.virtual.bibliotecas:artigo.revista:2008;1000813537,legislation,Brasil,,,,,,Artigo.Revista Rede.Virtual.Bibliotecas 1000813537,2008,"Artigo.Revista Rede.Virtual.Bibliotecas 1000813537, promulgada em 2008, Brasil"
combustível sustentável,2025-06-06 12:28:09,https://www.lexml.gov.br/urn/urn:lex:br:rede.virtual.bibliotecas:artigo.revista:2010;1000904692,Aspectos jurídicos ambientais na exploração do pré-sal,urn:lex:br:rede.virtual.bibliotecas:artigo.revista:2010;1000904692,legislation,Brasil,,,,,,Artigo.Revista Rede.Virtual.Bibliotecas 1000904692,2010,"Artigo.Revista Rede.Virtual.Bibliotecas 1000904692, promulgada em 2010, Brasil"
combustível sustentável,2025-06-06 12:28:09,https://www.lexml.gov.br/urn/urn:lex:br:federal:lei:2025-01-22;15103,Lei nº 15.103 de 22/01/2025,urn:lex:br:federal:lei:2025-01-22;15103,legislation,Brasil,,,,,,Lei Federal 15103,22-01-2025,"Lei Federal 15103, promulgada em 22-01-2025, Brasil"
combustível sustentável,2025-06-06 12:28:09,https://www.lexml.gov.br/urn/urn:lex:br:federal:decreto:2010-05-07;7172,"Decreto nº 7.172, de 7 de Maio de 2010",urn:lex:br:federal:decreto:2010-05-07;7172,legislation,Brasil,,,,,,Decreto Federal 7172,07-05-2010,"Decreto Federal 7172, promulgada em 07-05-2010, Brasil"
combustível sustentável,2025-06-06 12:28:09,https://www.lexml.gov.br/urn/urn:lex:br:rede.virtual.bibliotecas:livro:2009;000848404,Contrato de créditos de carbono,urn:lex:br:rede.virtual.bibliotecas:livro:2009;000848404,legislation,Brasil,,,,,,Livro Rede.Virtual.Bibliotecas 000848404,2009,"Livro Rede.Virtual.Bibliotecas 000848404, promulgada em 2009, Brasil"
hidrogênio,2025-06-06 12:28:11,https://www.lexml.gov.br/urn/urn:lex:br:federal:lei:2024-08-02;14948,Lei nº 14.948 de 02/08/2024,urn:lex:br:federal:lei:2024-08-02;14948,legislation,Brasil,,,,,,Lei Federal 14948,02-08-2024,"Lei Federal 14948, promulgada em 02-08-2024, Brasil"
hidrogênio,2025-06-06 12:28:11,https://www.lexml.gov.br/urn/urn:lex:br:senado.federal:resolucao:2023-03-16;2,Resolução do Senado Federal nº 2 de 16/03/2023,urn:lex:br:senado.federal:resolucao:2023-03-16;2,legislation,Brasil,,,,,,Resolução Senado.Federal 2,16-03-2023,"Resolução Senado.Federal 2, promulgada em 16-03-2023, Brasil"
hidrogênio,2025-06-06 12:28:11,https://www.lexml.gov.br/urn/urn:lex:br;minas.gerais:estadual:decreto:2023-12-26;48738,"Decreto nº 48738, de 26 de dezembro de 2023",urn:lex:br;minas.gerais:estadual:decreto:2023-12-26;48738,legislation,Brasil,Minas Gerais,,,,,Decreto Estadual 48738,26-12-2023,"Decreto Estadual 48738, promulgada em 26-12-2023, Estado de Minas Gerais, Brasil"
hidrogênio,2025-06-06 12:28:11,https://www.lexml.gov.br/urn/urn:lex:br:camara.deputados:projeto.lei;pl:2023-05-03;2308,[ Projeto de Lei nº 2308/2023 ],urn:lex:br:camara.deputados:projeto.lei;pl:2023-05-03;2308,legislation,Brasil,,,,,,Projeto.Lei (Pl) Camara.Deputados 2308,03-05-2023,"Projeto.Lei (Pl) Camara.Deputados 2308, promulgada em 03-05-2023, Brasil"
hidrogênio,2025-06-06 12:28:11,https://www.lexml.gov.br/urn/urn:lex:br:federal:lei:2024-09-27;14990,Lei nº 14.990 de 27/09/2024,urn:lex:br:federal:lei:2024-09-27;14990,legislation,Brasil,,,,,,Lei Federal 14990,27-09-2024,"Lei Federal 14990, promulgada em 27-09-2024, Brasil"
hidrogênio,2025-06-06 12:28:11,https://www.lexml.gov.br/urn/urn:lex:br;minas.gerais:estadual:lei:2024-07-26;24940,"Lei nº 24940, de 26 de julho de 2024",urn:lex:br;minas.gerais:estadual:lei:2024-07-26;24940,legislation,Brasil,Minas Gerais,,,,,Lei Estadual 24940,26-07-2024,"Lei Estadual 24940, promulgada em 26-07-2024, Estado de Minas Gerais, Brasil"
hidrogênio,2025-06-06 12:28:11,https://www.lexml.gov.br/urn/urn:lex:br:rede.virtual.bibliotecas:artigo.revista:1969;1000388066,Alcances de las disposiciones generales en la ley de hidrocarburos,urn:lex:br:rede.virtual.bibliotecas:artigo.revista:1969;1000388066,legislation,Brasil,,,,,,Artigo.Revista Rede.Virtual.Bibliotecas 1000388066,1969,"Artigo.Revista Rede.Virtual.Bibliotecas 1000388066, promulgada em 1969, Brasil"
hidrogênio,2025-06-06 12:28:11,https://www.lexml.gov.br/urn/urn:lex:br:senado.federal:projeto.lei;pl:2022;725,[ Projeto de Lei nº 725/2022 ],urn:lex:br:senado.federal:projeto.lei;pl:2022;725,legislation,Brasil,,,,,,Projeto.Lei (Pl) Senado.Federal 725,2022,"Projeto.Lei (Pl) Senado.Federal 725, promulgada em 2022, Brasil"
hidrogênio,2025-06-06 12:28:11,https://www.lexml.gov.br/urn/urn:lex:br:senado.federal:projeto.lei;pl:2023;3173,[ Projeto de Lei nº 3173/2023 ],urn:lex:br:senado.federal:projeto.lei;pl:2023;3173,legislation,Brasil,,,,,,Projeto.Lei (Pl) Senado.Federal 3173,2023,"Projeto.Lei (Pl) Senado.Federal 3173, promulgada em 2023, Brasil"
hidrogênio,2025-06-06 12:28:11,https://www.lexml.gov.br/urn/urn:lex:br;amazonas:estadual:lei:2025-01-14;7369,"Lei Ordinária n° 7369, de 14 de Janeiro de 2025",urn:lex:br;amazonas:estadual:lei:2025-01-14;7369,legislation,Brasil,Amazonas,,,,,Lei Estadual 7369,14-01-2025,"Lei Estadual 7369, promulgada em 14-01-2025, Estado de Amazonas, Brasil"
hidrogênio,2025-06-06 12:28:11,https://www.lexml.gov.br/urn/urn:lex:br:camara.deputados:projeto.lei;pl:2023-10-09;4907,PL 4907/2023,urn:lex:br:camara.deputados:projeto.lei;pl:2023-10-09;4907,legislation,Brasil,,,,,,Projeto.Lei (Pl) Camara.Deputados 4907,09-10-2023,"Projeto.Lei (Pl) Camara.Deputados 4907, promulgada em 09-10-2023, Brasil"
hidrogênio,2025-06-06 12:28:11,https://www.lexml.gov.br/urn/urn:lex:br:senado.federal:projeto.lei;pl:2024;1086,[ Projeto de Lei nº 1086/2024 ],urn:lex:br:senado.federal:projeto.lei;pl:2024;1086,legislation,Brasil,,,,,,Projeto.Lei (Pl) Senado.Federal 1086,2024,"Projeto.Lei (Pl) Senado.Federal 1086, promulgada em 2024, Brasil"
hidrogênio,2025-06-06 12:28:11,https://www.lexml.gov.br/urn/urn:lex:br:senado.federal:resolucao:1990-03-07;2,Resolução do Senado Federal nº 2 de 07/03/1990,urn:lex:br:senado.federal:resolucao:1990-03-07;2,legislation,Brasil,,,,,,Resolução Senado.Federal 2,07-03-1990,"Resolução Senado.Federal 2, promulgada em 07-03-1990, Brasil"
hidrogênio,2025-06-06 12:28:11,https://www.lexml.gov.br/urn/urn:lex:br:camara.deputados:projeto.lei;pl:2023-07-06;3452,PL 3452/2023,urn:lex:br:camara.deputados:projeto.lei;pl:2023-07-06;3452,legislation,Brasil,,,,,,Projeto.Lei (Pl) Camara.Deputados 3452,06-07-2023,"Projeto.Lei (Pl) Camara.Deputados 3452, promulgada em 06-07-2023, Brasil"
hidrogênio,2025-06-06 12:28:11,https://www.lexml.gov.br/urn/urn:lex:br:senado.federal:projeto.lei;pl:2022;1878,[ Projeto de Lei nº 1878/2022 ],urn:lex:br:senado.federal:projeto.lei;pl:2022;1878,legislation,Brasil,,,,,,Projeto.Lei (Pl) Senado.Federal 1878,2022,"Projeto.Lei (Pl) Senado.Federal 1878, promulgada em 2022, Brasil"
hidrogênio,2025-06-06 12:28:11,https://www.lexml.gov.br/urn/urn:lex:br:senado.federal:projeto.resolucao;prs:2023;24,[ Projeto de Resolução do Senado nº 24/2023 ],urn:lex:br:senado.federal:projeto.resolucao;prs:2023;24,legislation,Brasil,,,,,,Projeto.Resolucao (Prs) Senado.Federal 24,2023,"Projeto.Resolucao (Prs) Senado.Federal 24, promulgada em 2023, Brasil"
hidrogênio,2025-06-06 12:28:11,https://www.lexml.gov.br/urn/urn:lex:br:tribunal.superior.trabalho;turma.7:acordao;airr:2008-12-10;242340-2003-18-2-40,Acórdão do processo Nº AIRR - 242340-37.2003.5.02.0018,urn:lex:br:tribunal.superior.trabalho;turma.7:acordao;airr:2008-12-10;242340-2003-18-2-40,jurisprudence,Brasil,,,,,"Tribunal Superior do Trabalho, 7ª turma",Acórdão (AIRR) número 242340-2003-18-2-40,10-12-2008,"Acórdão (AIRR) número 242340-2003-18-2-40, publicado em 10-12-2008, Tribunal Superior do Trabalho, 7ª turma"
hidrogênio,2025-06-06 12:28:11,https://www.lexml.gov.br/urn/urn:lex:br:camara.deputados:projeto.lei;pl:2023-11-28;5751,PL 5751/2023,urn:lex:br:camara.deputados:projeto.lei;pl:2023-11-28;5751,legislation,Brasil,,,,,,Projeto.Lei (Pl) Camara.Deputados 5751,28-11-2023,"Projeto.Lei (Pl) Camara.Deputados 5751, promulgada em 28-11-2023, Brasil"
hidrogênio,2025-06-06 12:28:11,https://www.lexml.gov.br/urn/urn:lex:br;sao.paulo:estadual:lei:1856-04-25;25,"Lei nº 25, de 25/04/1856",urn:lex:br;sao.paulo:estadual:lei:1856-04-25;25,legislation,Brasil,São Paulo,,,,,Lei Estadual 25,25-04-1856,"Lei Estadual 25, promulgada em 25-04-1856, Estado de São Paulo, Brasil"
hidrogênio,2025-06-06 12:28:11,https://www.lexml.gov.br/urn/urn:lex:br:senado.federal:projeto.lei;pl:2022;1880,[ Projeto de Lei nº 1880/2022 ],urn:lex:br:senado.federal:projeto.lei;pl:2022;1880,legislation,Brasil,,,,,,Projeto.Lei (Pl) Senado.Federal 1880,2022,"Projeto.Lei (Pl) Senado.Federal 1880, promulgada em 2022, Brasil"
etanol,2025-06-06 12:28:13,https://www.lexml.gov.br/urn/urn:lex:br;minas.gerais:estadual:decreto:2023-01-27;48567,"Decreto nº 48567, de 27 de janeiro de 2023",urn:lex:br;minas.gerais:estadual:decreto:2023-01-27;48567,legislation,Brasil,Minas Gerais,,,,,Decreto Estadual 48567,27-01-2023,"Decreto Estadual 48567, promulgada em 27-01-2023, Estado de Minas Gerais, Brasil"
etanol,2025-06-06 12:28:13,https://www.lexml.gov.br/urn/urn:lex:br:agencia.nacional.energia.eletrica:resolucao.autorizativa:2022-03-29;11389,"RESOLUÇÃO AUTORIZATIVA nº 11389, de 29/03/2022",urn:lex:br:agencia.nacional.energia.eletrica:resolucao.autorizativa:2022-03-29;11389,legislation,Brasil,,,,,,Resolucao.Autorizativa Agencia.Nacional.Energia.Eletrica 11389,29-03-2022,"Resolucao.Autorizativa Agencia.Nacional.Energia.Eletrica 11389, promulgada em 29-03-2022, Brasil"
etanol,2025-06-06 12:28:13,https://www.lexml.gov.br/urn/urn:lex:br:agencia.nacional.energia.eletrica:resolucao.autorizativa:2011-11-10;3186,"RESOLUÇÃO AUTORIZATIVA nº 3186, de 10/11/2011",urn:lex:br:agencia.nacional.energia.eletrica:resolucao.autorizativa:2011-11-10;3186,legislation,Brasil,,,,,,Resolucao.Autorizativa Agencia.Nacional.Energia.Eletrica 3186,10-11-2011,"Resolucao.Autorizativa Agencia.Nacional.Energia.Eletrica 3186, promulgada em 10-11-2011, Brasil"
etanol,2025-06-06 12:28:13,https://www.lexml.gov.br/urn/urn:lex:br;santa.catarina:estadual:lei:2022-10-25;18520,"LEI Nº 18.520, DE 25 DE OUTUBRO DE 2022",urn:lex:br;santa.catarina:estadual:lei:2022-10-25;18520,legislation,Brasil,Santa Catarina,,,,,Lei Estadual 18520,25-10-2022,"Lei Estadual 18520, promulgada em 25-10-2022, Estado de Santa Catarina, Brasil"
etanol,2025-06-06 12:28:13,https://www.lexml.gov.br/urn/urn:lex:br:federal:medida.provisoria:2013-07-09;622,"Medida Provisória nº 622, de 9 de Julho de 2013",urn:lex:br:federal:medida.provisoria:2013-07-09;622,legislation,Brasil,,,,,,Medida Provisória Federal 622,09-07-2013,"Medida Provisória Federal 622, promulgada em 09-07-2013, Brasil"
SAF,2025-06-06 12:28:16,https://www.lexml.gov.br/urn/urn:lex:br;santa.catarina:estadual:lei:2015-09-02;16690,"Lei Nº 16.690, de 2 de SETEMBRO de 2015",urn:lex:br;santa.catarina:estadual:lei:2015-09-02;16690,legislation,Brasil,Santa Catarina,,,,,Lei Estadual 16690,02-09-2015,"Lei Estadual 16690, promulgada em 02-09-2015, Estado de Santa Catarina, Brasil"
SAF,2025-06-06 12:28:16,https://www.lexml.gov.br/urn/urn:lex:br:presidencia.republica;secretaria.administracao.federal;departamento.recursos.humanos:oficio.circular:1991-12-11;44,Ofício-Circular nº 44 de 11-12-1991,urn:lex:br:presidencia.republica;secretaria.administracao.federal;departamento.recursos.humanos:oficio.circular:1991-12-11;44,legislation,Brasil,,,,,,Oficio.Circular Presidencia.Republica;Secretaria.Administracao.Federal;Departamento.Recursos.Humanos 44,11-12-1991,"Oficio.Circular Presidencia.Republica;Secretaria.Administracao.Federal;Departamento.Recursos.Humanos 44, promulgada em 11-12-1991, Brasil"
SAF,2025-06-06 12:28:16,https://www.lexml.gov.br/urn/urn:lex:br;justica.trabalho;regiao.3:tribunal.regional.trabalho;turma.9:acordao:2025-02-05;0010455-26.2014.5.03.0163,Acórdão PJe TRT 3ª / Nona Turma / 2025-02-05,urn:lex:br;justica.trabalho;regiao.3:tribunal.regional.trabalho;turma.9:acordao:2025-02-05;0010455-26.2014.5.03.0163,jurisprudence,Brasil,,,Justiça do Trabalho,3ª região,"Tribunal Regional do Trabalho, 9ª turma",Acórdão número 0010455-26.2014.5.03.0163,05-02-2025,"Acórdão número 0010455-26.2014.5.03.0163, publicado em 05-02-2025, Tribunal Regional do Trabalho, 9ª turma, da 3ª região, Justiça do Trabalho"
SAF,2025-06-06 12:28:16,https://www.lexml.gov.br/urn/urn:lex:br;justica.trabalho;regiao.3:tribunal.regional.trabalho;turma.7:acordao:2023-03-13;0010849-32.2021.5.03.0181,Acórdão PJe TRT 3ª / Setima Turma / 2023-03-13,urn:lex:br;justica.trabalho;regiao.3:tribunal.regional.trabalho;turma.7:acordao:2023-03-13;0010849-32.2021.5.03.0181,jurisprudence,Brasil,,,Justiça do Trabalho,3ª região,"Tribunal Regional do Trabalho, 7ª turma",Acórdão número 0010849-32.2021.5.03.0181,13-03-2023,"Acórdão número 0010849-32.2021.5.03.0181, publicado em 13-03-2023, Tribunal Regional do Trabalho, 7ª turma, da 3ª região, Justiça do Trabalho"
SAF,2025-06-06 12:28:16,https://www.lexml.gov.br/urn/urn:lex:br:presidencia.republica;secretaria.administracao.federal;subsecretaria.recursos.humanos:oficio.circular:1994-02-02;7,Ofício-Circular nº 07 de 02-02-1994,urn:lex:br:presidencia.republica;secretaria.administracao.federal;subsecretaria.recursos.humanos:oficio.circular:1994-02-02;7,legislation,Brasil,,,,,,Oficio.Circular Presidencia.Republica;Secretaria.Administracao.Federal;Subsecretaria.Recursos.Humanos 7,02-02-1994,"Oficio.Circular Presidencia.Republica;Secretaria.Administracao.Federal;Subsecretaria.Recursos.Humanos 7, promulgada em 02-02-1994, Brasil"
SAF,2025-06-06 12:28:16,https://www.lexml.gov.br/urn/urn:lex:br;justica.trabalho;regiao.3:tribunal.regional.trabalho;turma.5:acordao:2023-04-27;0010702-06.2022.5.03.0105,Acórdão PJe TRT 3ª / Quinta Turma / 2023-04-27,urn:lex:br;justica.trabalho;regiao.3:tribunal.regional.trabalho;turma.5:acordao:2023-04-27;0010702-06.2022.5.03.0105,jurisprudence,Brasil,,,Justiça do Trabalho,3ª região,"Tribunal Regional do Trabalho, 5ª turma",Acórdão número 0010702-06.2022.5.03.0105,27-04-2023,"Acórdão número 0010702-06.2022.5.03.0105, publicado em 27-04-2023, Tribunal Regional do Trabalho, 5ª turma, da 3ª região, Justiça do Trabalho"
SAF,2025-06-06 12:28:16,https://www.lexml.gov.br/urn/urn:lex:br:agencia.nacional.energia.eletrica:resolucao:2002-01-31;039,"RESOLUÇÃO nº 039, de 31/01/2002",urn:lex:br:agencia.nacional.energia.eletrica:resolucao:2002-01-31;039,legislation,Brasil,,,,,,Resolução Agencia.Nacional.Energia.Eletrica 039,31-01-2002,"Resolução Agencia.Nacional.Energia.Eletrica 039, promulgada em 31-01-2002, Brasil"
SAF,2025-06-06 12:28:16,https://www.lexml.gov.br/urn/urn:lex:br;rio.janeiro;mangaratiba:municipal:lei:2017-09-05;1045,"Lei n° 1045, de 05 de Setembro de 2017",urn:lex:br;rio.janeiro;mangaratiba:municipal:lei:2017-09-05;1045,legislation,Brasil,Rio.Janeiro,Mangaratiba,,,,Lei Municipal 1045,05-09-2017,"Lei Municipal 1045, promulgada em 05-09-2017, Município de Mangaratiba, Estado de Rio.Janeiro, Brasil"
SAF,2025-06-06 12:28:16,https://www.lexml.gov.br/urn/urn:lex:br;justica.trabalho;regiao.3:tribunal.regional.trabalho;turma.recursal.juiz.fora:acordao:2022-09-12;0010317-49.2022.5.03.0108,Acórdão PJe TRT 3ª / Decima Primeira Turma / 2022-09-12,urn:lex:br;justica.trabalho;regiao.3:tribunal.regional.trabalho;turma.recursal.juiz.fora:acordao:2022-09-12;0010317-49.2022.5.03.0108,jurisprudence,Brasil,,,Justiça do Trabalho,3ª região,"Tribunal Regional do Trabalho, recursal.juiz.foraª turma",Acórdão número 0010317-49.2022.5.03.0108,12-09-2022,"Acórdão número 0010317-49.2022.5.03.0108, publicado em 12-09-2022, Tribunal Regional do Trabalho, recursal.juiz.foraª turma, da 3ª região, Justiça do Trabalho"
SAF,2025-06-06 12:28:16,https://www.lexml.gov.br/urn/urn:lex:br;justica.trabalho;regiao.3:tribunal.regional.trabalho;turma.recursal.juiz.fora:acordao:2023-05-29;0010593-38.2022.5.03.0025,Acórdão PJe TRT 3ª / Decima Primeira Turma / 2023-05-29,urn:lex:br;justica.trabalho;regiao.3:tribunal.regional.trabalho;turma.recursal.juiz.fora:acordao:2023-05-29;0010593-38.2022.5.03.0025,jurisprudence,Brasil,,,Justiça do Trabalho,3ª região,"Tribunal Regional do Trabalho, recursal.juiz.foraª turma",Acórdão número 0010593-38.2022.5.03.0025,29-05-2023,"Acórdão número 0010593-38.2022.5.03.0025, publicado em 29-05-2023, Tribunal Regional do Trabalho, recursal.juiz.foraª turma, da 3ª região, Justiça do Trabalho"
SAF,2025-06-06 12:28:16,https://www.lexml.gov.br/urn/urn:lex:br:superior.tribunal.militar;plenario:acordao:1994-08-11;210_1994010002278,Mandado de Segurança - 1994.01.000227-8/DF,urn:lex:br:superior.tribunal.militar;plenario:acordao:1994-08-11;210_1994010002278,jurisprudence,Brasil,,,,,"Superior Tribunal Militar, Plenario",Acórdão número 210_1994010002278,11-08-1994,"Acórdão número 210_1994010002278, publicado em 11-08-1994, Superior Tribunal Militar, Plenario"
SAF,2025-06-06 12:28:16,https://www.lexml.gov.br/urn/urn:lex:br;justica.trabalho;regiao.3:tribunal.regional.trabalho;turma.6:acordao:2023-09-06;0010641-57.2022.5.03.0005,Acórdão PJe TRT 3ª / Sexta Turma / 2023-09-06,urn:lex:br;justica.trabalho;regiao.3:tribunal.regional.trabalho;turma.6:acordao:2023-09-06;0010641-57.2022.5.03.0005,jurisprudence,Brasil,,,Justiça do Trabalho,3ª região,"Tribunal Regional do Trabalho, 6ª turma",Acórdão número 0010641-57.2022.5.03.0005,06-09-2023,"Acórdão número 0010641-57.2022.5.03.0005, publicado em 06-09-2023, Tribunal Regional do Trabalho, 6ª turma, da 3ª região, Justiça do Trabalho"
SAF,2025-06-06 12:28:16,https://www.lexml.gov.br/urn/urn:lex:br;justica.trabalho;regiao.3:tribunal.regional.trabalho;turma.1:acordao:2022-12-18;0010055-65.2022.5.03.0184,Acórdão PJe TRT 3ª / Primeira Turma / 2022-12-18,urn:lex:br;justica.trabalho;regiao.3:tribunal.regional.trabalho;turma.1:acordao:2022-12-18;0010055-65.2022.5.03.0184,jurisprudence,Brasil,,,Justiça do Trabalho,3ª região,"Tribunal Regional do Trabalho, 1ª turma",Acórdão número 0010055-65.2022.5.03.0184,18-12-2022,"Acórdão número 0010055-65.2022.5.03.0184, publicado em 18-12-2022, Tribunal Regional do Trabalho, 1ª turma, da 3ª região, Justiça do Trabalho"
SAF,2025-06-06 12:28:16,https://www.lexml.gov.br/urn/urn:lex:br;justica.trabalho;regiao.3:tribunal.regional.trabalho;turma.5:acordao:2022-04-29;0010376-66.2020.5.03.0024,Acórdão PJe TRT 3ª / Quinta Turma / 2022-04-29,urn:lex:br;justica.trabalho;regiao.3:tribunal.regional.trabalho;turma.5:acordao:2022-04-29;0010376-66.2020.5.03.0024,jurisprudence,Brasil,,,Justiça do Trabalho,3ª região,"Tribunal Regional do Trabalho, 5ª turma",Acórdão número 0010376-66.2020.5.03.0024,29-04-2022,"Acórdão número 0010376-66.2020.5.03.0024, publicado em 29-04-2022, Tribunal Regional do Trabalho, 5ª turma, da 3ª região, Justiça do Trabalho"
SAF,2025-06-06 12:28:16,https://www.lexml.gov.br/urn/urn:lex:br;justica.trabalho;regiao.3:tribunal.regional.trabalho;turma.8:acordao:2023-03-24;0010025-22.2022.5.03.0025,Acórdão PJe TRT 3ª / Oitava Turma / 2023-03-24,urn:lex:br;justica.trabalho;regiao.3:tribunal.regional.trabalho;turma.8:acordao:2023-03-24;0010025-22.2022.5.03.0025,jurisprudence,Brasil,,,Justiça do Trabalho,3ª região,"Tribunal Regional do Trabalho, 8ª turma",Acórdão número 0010025-22.2022.5.03.0025,24-03-2023,"Acórdão número 0010025-22.2022.5.03.0025, publicado em 24-03-2023, Tribunal Regional do Trabalho, 8ª turma, da 3ª região, Justiça do Trabalho"
SAF,2025-06-06 12:28:16,https://www.lexml.gov.br/urn/urn:lex:br;justica.trabalho;regiao.3:tribunal.regional.trabalho;turma.2:acordao:2023-06-02;0010245-65.2022.5.03.0010,Acórdão PJe TRT 3ª / Segunda Turma / 2023-06-02,urn:lex:br;justica.trabalho;regiao.3:tribunal.regional.trabalho;turma.2:acordao:2023-06-02;0010245-65.2022.5.03.0010,jurisprudence,Brasil,,,Justiça do Trabalho,3ª região,"Tribunal Regional do Trabalho, 2ª turma",Acórdão número 0010245-65.2022.5.03.0010,02-06-2023,"Acórdão número 0010245-65.2022.5.03.0010, publicado em 02-06-2023, Tribunal Regional do Trabalho, 2ª turma, da 3ª região, Justiça do Trabalho"
SAF,2025-06-06 12:28:16,https://www.lexml.gov.br/urn/urn:lex:br;justica.trabalho;regiao.3:tribunal.regional.trabalho;turma.1:acordao:2024-08-29;0010348-41.2022.5.03.0182,Acórdão PJe TRT 3ª / Primeira Turma / 2024-08-29,urn:lex:br;justica.trabalho;regiao.3:tribunal.regional.trabalho;turma.1:acordao:2024-08-29;0010348-41.2022.5.03.0182,jurisprudence,Brasil,,,Justiça do Trabalho,3ª região,"Tribunal Regional do Trabalho, 1ª turma",Acórdão número 0010348-41.2022.5.03.0182,29-08-2024,"Acórdão número 0010348-41.2022.5.03.0182, publicado em 29-08-2024, Tribunal Regional do Trabalho, 1ª turma, da 3ª região, Justiça do Trabalho"
SAF,2025-06-06 12:28:16,https://www.lexml.gov.br/urn/urn:lex:br;justica.trabalho;regiao.3:tribunal.regional.trabalho;turma.1:acordao:2023-10-17;0010544-05.2023.5.03.0011,Acórdão PJe TRT 3ª / Primeira Turma / 2023-10-17,urn:lex:br;justica.trabalho;regiao.3:tribunal.regional.trabalho;turma.1:acordao:2023-10-17;0010544-05.2023.5.03.0011,jurisprudence,Brasil,,,Justiça do Trabalho,3ª região,"Tribunal Regional do Trabalho, 1ª turma",Acórdão número 0010544-05.2023.5.03.0011,17-10-2023,"Acórdão número 0010544-05.2023.5.03.0011, publicado em 17-10-2023, Tribunal Regional do Trabalho, 1ª turma, da 3ª região, Justiça do Trabalho"
SAF,2025-06-06 12:28:16,https://www.lexml.gov.br/urn/urn:lex:br;justica.trabalho;regiao.3:tribunal.regional.trabalho;turma.3:acordao:2023-12-15;0010791-30.2022.5.03.0137,Acórdão PJe TRT 3ª / Terceira Turma / 2023-12-15,urn:lex:br;justica.trabalho;regiao.3:tribunal.regional.trabalho;turma.3:acordao:2023-12-15;0010791-30.2022.5.03.0137,jurisprudence,Brasil,,,Justiça do Trabalho,3ª região,"Tribunal Regional do Trabalho, 3ª turma",Acórdão número 0010791-30.2022.5.03.0137,15-12-2023,"Acórdão número 0010791-30.2022.5.03.0137, publicado em 15-12-2023, Tribunal Regional do Trabalho, 3ª turma, da 3ª região, Justiça do Trabalho"
carga aérea,2025-06-06 12:28:18,https://www.lexml.gov.br/urn/urn:lex:br:federal:decreto:1977-03-14;79391,"Decreto nº 79.391, de 14 de Março de 1977",urn:lex:br:federal:decreto:1977-03-14;79391,legislation,Brasil,,,,,,Decreto Federal 79391,14-03-1977,"Decreto Federal 79391, promulgada em 14-03-1977, Brasil"
carga aérea,2025-06-06 12:28:18,https://www.lexml.gov.br/urn/urn:lex:br:rede.virtual.bibliotecas:artigo.revista:2012;1001053141,Quando nem tudo está azul,urn:lex:br:rede.virtual.bibliotecas:artigo.revista:2012;1001053141,legislation,Brasil,,,,,,Artigo.Revista Rede.Virtual.Bibliotecas 1001053141,2012,"Artigo.Revista Rede.Virtual.Bibliotecas 1001053141, promulgada em 2012, Brasil"
carga aérea,2025-06-06 12:28:18,https://www.lexml.gov.br/urn/urn:lex:br:rede.virtual.bibliotecas:artigo.revista:2018;1001153092,A capital do mundo,urn:lex:br:rede.virtual.bibliotecas:artigo.revista:2018;1001153092,legislation,Brasil,,,,,,Artigo.Revista Rede.Virtual.Bibliotecas 1001153092,2018,"Artigo.Revista Rede.Virtual.Bibliotecas 1001153092, promulgada em 2018, Brasil"
carga aérea,2025-06-06 12:28:18,https://www.lexml.gov.br/urn/urn:lex:br:federal:decreto:1983-08-01;88557,"Decreto nº 88.557, de 1º de Agosto de 1983",urn:lex:br:federal:decreto:1983-08-01;88557,legislation,Brasil,,,,,,Decreto Federal 88557,01-08-1983,"Decreto Federal 88557, promulgada em 01-08-1983, Brasil"
carga aérea,2025-06-06 12:28:18,https://www.lexml.gov.br/urn/urn:lex:br:rede.virtual.bibliotecas:livro:1925;000051153,De la responsabilité en matière de navegation aérienne,urn:lex:br:rede.virtual.bibliotecas:livro:1925;000051153,legislation,Brasil,,,,,,Livro Rede.Virtual.Bibliotecas 000051153,1925,"Livro Rede.Virtual.Bibliotecas 000051153, promulgada em 1925, Brasil"
carga aérea,2025-06-06 12:28:18,https://www.lexml.gov.br/urn/urn:lex:br:federal:decreto:1991-06-06;seq-sf-1,Decreto de 06/06/1991 ( seq-sf: 1 ),urn:lex:br:federal:decreto:1991-06-06;seq-sf-1,legislation,Brasil,,,,,,Decreto Federal seq-sf-1,06-06-1991,"Decreto Federal seq-sf-1, promulgada em 06-06-1991, Brasil"
carga aérea,2025-06-06 12:28:18,https://www.lexml.gov.br/urn/urn:lex:br:federal:decreto:1998-05-25;seq-sf-3,Decreto de 25/05/1998 ( seq-sf: 3 ),urn:lex:br:federal:decreto:1998-05-25;seq-sf-3,legislation,Brasil,,,,,,Decreto Federal seq-sf-3,25-05-1998,"Decreto Federal seq-sf-3, promulgada em 25-05-1998, Brasil"
carga aérea,2025-06-06 12:28:18,https://www.lexml.gov.br/urn/urn:lex:br:federal:decreto:1997-09-24;seq-sf-9,Decreto de 24/09/1997 ( seq-sf: 9 ),urn:lex:br:federal:decreto:1997-09-24;seq-sf-9,legislation,Brasil,,,,,,Decreto Federal seq-sf-9,24-09-1997,"Decreto Federal seq-sf-9, promulgada em 24-09-1997, Brasil"
combustível,2025-06-06 12:28:20,https://www.lexml.gov.br/urn/urn:lex:br:federal:lei:1999-10-26;9847,"Lei nº 9.847, de 26 de Outubro de 1999",urn:lex:br:federal:lei:1999-10-26;9847,legislation,Brasil,,,,,,Lei Federal 9847,26-10-1999,"Lei Federal 9847, promulgada em 26-10-1999, Brasil"
combustível,2025-06-06 12:28:20,https://www.lexml.gov.br/urn/urn:lex:br:congresso.nacional:medida.provisoria;mpv:2022-05-18;1118,MPV 1118/2022,urn:lex:br:congresso.nacional:medida.provisoria;mpv:2022-05-18;1118,legislation,Brasil,,,,,,Medida Provisória (MPV) Federal 1118,18-05-2022,"Medida Provisória (MPV) Federal 1118, promulgada em 18-05-2022, Brasil"
combustível,2025-06-06 12:28:20,https://www.lexml.gov.br/urn/urn:lex:br:federal:lei:2019-10-17;13885,"Lei nº 13.885, de 17 de Outubro de 2019",urn:lex:br:federal:lei:2019-10-17;13885,legislation,Brasil,,,,,,Lei Federal 13885,17-10-2019,"Lei Federal 13885, promulgada em 17-10-2019, Brasil"
combustível,2025-06-06 12:28:20,https://www.lexml.gov.br/urn/urn:lex:br:federal:lei:2001-12-19;10336,"Lei nº 10.336, de 19 de Dezembro de 2001",urn:lex:br:federal:lei:2001-12-19;10336,legislation,Brasil,,,,,,Lei Federal 10336,19-12-2001,"Lei Federal 10336, promulgada em 19-12-2001, Brasil"
combustível,2025-06-06 12:28:20,https://www.lexml.gov.br/urn/urn:lex:br:federal:lei:2002-12-30;10636,"Lei nº 10.636, de 30 de Dezembro de 2002",urn:lex:br:federal:lei:2002-12-30;10636,legislation,Brasil,,,,,,Lei Federal 10636,30-12-2002,"Lei Federal 10636, promulgada em 30-12-2002, Brasil"
combustível,2025-06-06 12:28:20,https://www.lexml.gov.br/urn/urn:lex:br:congresso.nacional:medida.provisoria;mpv:1999;1883,[ Medida Provisória nº 1883-15/1999 ],urn:lex:br:congresso.nacional:medida.provisoria;mpv:1999;1883,legislation,Brasil,,,,,,Medida Provisória (MPV) Federal 1883,1999,"Medida Provisória (MPV) Federal 1883, promulgada em 1999, Brasil"
eficiência energética,2025-06-06 12:28:22,https://www.lexml.gov.br/urn/urn:lex:br:federal:lei:2001-10-17;10295,"Lei nº 10.295, de 17 de Outubro de 2001",urn:lex:br:federal:lei:2001-10-17;10295,legislation,Brasil,,,,,,Lei Federal 10295,17-10-2001,"Lei Federal 10295, promulgada em 17-10-2001, Brasil"
eficiência energética,2025-06-06 12:28:22,https://www.lexml.gov.br/urn/urn:lex:br:agencia.nacional.energia.eletrica:resolucao.normativa:2013-07-02;556,"RESOLUÇÃO NORMATIVA nº 556, de 02/07/2013",urn:lex:br:agencia.nacional.energia.eletrica:resolucao.normativa:2013-07-02;556,legislation,Brasil,,,,,,Resolucao.Normativa Agencia.Nacional.Energia.Eletrica 556,02-07-2013,"Resolucao.Normativa Agencia.Nacional.Energia.Eletrica 556, promulgada em 02-07-2013, Brasil"
eficiência energética,2025-06-06 12:28:22,https://www.lexml.gov.br/urn/urn:lex:br:agencia.nacional.energia.eletrica:resolucao.normativa:2008-02-22;300,"RESOLUÇÃO NORMATIVA nº 300, de 22/02/2008",urn:lex:br:agencia.nacional.energia.eletrica:resolucao.normativa:2008-02-22;300,legislation,Brasil,,,,,,Resolucao.Normativa Agencia.Nacional.Energia.Eletrica 300,22-02-2008,"Resolucao.Normativa Agencia.Nacional.Energia.Eletrica 300, promulgada em 22-02-2008, Brasil"
eficiência energética,2025-06-06 12:28:22,https://www.lexml.gov.br/urn/urn:lex:br;rondonia:estadual:lei:2009-10-14;2160,"Lei ordinária nº 2160, de 14 de Outubro de 2009",urn:lex:br;rondonia:estadual:lei:2009-10-14;2160,legislation,Brasil,Rondônia,,,,,Lei Estadual 2160,14-10-2009,"Lei Estadual 2160, promulgada em 14-10-2009, Estado de Rondônia, Brasil"
eficiência energética,2025-06-06 12:28:22,https://www.lexml.gov.br/urn/urn:lex:br;espirito.santo;domingos.martins:municipal:lei:2014-11-03;2649,"Lei Municipal n° 2649, de 03 de Novembro de 2014",urn:lex:br;espirito.santo;domingos.martins:municipal:lei:2014-11-03;2649,legislation,Brasil,Espírito Santo,Domingos Martins,,,,Lei Municipal 2649,03-11-2014,"Lei Municipal 2649, promulgada em 03-11-2014, Município de Domingos Martins, Estado de Espírito Santo, Brasil"
eficiência energética,2025-06-06 12:28:22,https://www.lexml.gov.br/urn/urn:lex:br:agencia.nacional.energia.eletrica:resolucao.normativa:2020-08-24;892,"RESOLUÇÃO NORMATIVA nº 892, de 24/08/2020",urn:lex:br:agencia.nacional.energia.eletrica:resolucao.normativa:2020-08-24;892,legislation,Brasil,,,,,,Resolucao.Normativa Agencia.Nacional.Energia.Eletrica 892,24-08-2020,"Resolucao.Normativa Agencia.Nacional.Energia.Eletrica 892, promulgada em 24-08-2020, Brasil"
eficiência energética,2025-06-06 12:28:22,https://www.lexml.gov.br/urn/urn:lex:br:agencia.nacional.energia.eletrica:resolucao.normativa:2012-07-24;495,"RESOLUÇÃO NORMATIVA nº 495, de 24/07/2012",urn:lex:br:agencia.nacional.energia.eletrica:resolucao.normativa:2012-07-24;495,legislation,Brasil,,,,,,Resolucao.Normativa Agencia.Nacional.Energia.Eletrica 495,24-07-2012,"Resolucao.Normativa Agencia.Nacional.Energia.Eletrica 495, promulgada em 24-07-2012, Brasil"
eficiência energética,2025-06-06 12:28:22,https://www.lexml.gov.br/urn/urn:lex:br:agencia.nacional.energia.eletrica:resolucao:2002-09-05;492,"RESOLUÇÃO nº 492, de 05/09/2002",urn:lex:br:agencia.nacional.energia.eletrica:resolucao:2002-09-05;492,legislation,Brasil,,,,,,Resolução Agencia.Nacional.Energia.Eletrica 492,05-09-2002,"Resolução Agencia.Nacional.Energia.Eletrica 492, promulgada em 05-09-2002, Brasil"
eficiência energética,2025-06-06 12:28:22,https://www.lexml.gov.br/urn/urn:lex:br:agencia.nacional.energia.eletrica:resolucao.normativa:2005-12-15;176,"RESOLUÇÃO NORMATIVA nº 176, de 15/12/2005",urn:lex:br:agencia.nacional.energia.eletrica:resolucao.normativa:2005-12-15;176,legislation,Brasil,,,,,,Resolucao.Normativa Agencia.Nacional.Energia.Eletrica 176,15-12-2005,"Resolucao.Normativa Agencia.Nacional.Energia.Eletrica 176, promulgada em 15-12-2005, Brasil"
eficiência energética,2025-06-06 12:28:22,https://www.lexml.gov.br/urn/urn:lex:br:agencia.nacional.energia.eletrica:resolucao.normativa:2006-04-05;215,"RESOLUÇÃO NORMATIVA nº 215, de 05/04/2006",urn:lex:br:agencia.nacional.energia.eletrica:resolucao.normativa:2006-04-05;215,legislation,Brasil,,,,,,Resolucao.Normativa Agencia.Nacional.Energia.Eletrica 215,05-04-2006,"Resolucao.Normativa Agencia.Nacional.Energia.Eletrica 215, promulgada em 05-04-2006, Brasil"
eficiência energética,2025-06-06 12:28:22,https://www.lexml.gov.br/urn/urn:lex:br:agencia.nacional.energia.eletrica:resolucao.autorizativa:2004-10-06;347,"RESOLUÇÃO AUTORIZATIVA nº 347, de 06/10/2004",urn:lex:br:agencia.nacional.energia.eletrica:resolucao.autorizativa:2004-10-06;347,legislation,Brasil,,,,,,Resolucao.Autorizativa Agencia.Nacional.Energia.Eletrica 347,06-10-2004,"Resolucao.Autorizativa Agencia.Nacional.Energia.Eletrica 347, promulgada em 06-10-2004, Brasil"
eficiência energética,2025-06-06 12:28:22,https://www.lexml.gov.br/urn/urn:lex:br:agencia.nacional.energia.eletrica:resolucao:2002-11-26;644,"RESOLUÇÃO nº 644, de 26/11/2002",urn:lex:br:agencia.nacional.energia.eletrica:resolucao:2002-11-26;644,legislation,Brasil,,,,,,Resolução Agencia.Nacional.Energia.Eletrica 644,26-11-2002,"Resolução Agencia.Nacional.Energia.Eletrica 644, promulgada em 26-11-2002, Brasil"
eficiência energética,2025-06-06 12:28:22,https://www.lexml.gov.br/urn/urn:lex:br:agencia.nacional.energia.eletrica:resolucao.normativa:2018-11-05;830,"RESOLUÇÃO NORMATIVA nº 830, de 05/11/2018",urn:lex:br:agencia.nacional.energia.eletrica:resolucao.normativa:2018-11-05;830,legislation,Brasil,,,,,,Resolucao.Normativa Agencia.Nacional.Energia.Eletrica 830,05-11-2018,"Resolucao.Normativa Agencia.Nacional.Energia.Eletrica 830, promulgada em 05-11-2018, Brasil"
eficiência energética,2025-06-06 12:28:22,https://www.lexml.gov.br/urn/urn:lex:br:agencia.nacional.energia.eletrica:resolucao.autorizativa:2024-07-12;15415,"RESOLUÇÃO AUTORIZATIVA nº 15415, de 12/07/2024",urn:lex:br:agencia.nacional.energia.eletrica:resolucao.autorizativa:2024-07-12;15415,legislation,Brasil,,,,,,Resolucao.Autorizativa Agencia.Nacional.Energia.Eletrica 15415,12-07-2024,"Resolucao.Autorizativa Agencia.Nacional.Energia.Eletrica 15415, promulgada em 12-07-2024, Brasil"
eficiência energética,2025-06-06 12:28:22,https://www.lexml.gov.br/urn/urn:lex:br:agencia.nacional.energia.eletrica:resolucao.normativa:2021-03-01;920,"RESOLUÇÃO NORMATIVA nº 920, de 01/03/2021",urn:lex:br:agencia.nacional.energia.eletrica:resolucao.normativa:2021-03-01;920,legislation,Brasil,,,,,,Resolucao.Normativa Agencia.Nacional.Energia.Eletrica 920,01-03-2021,"Resolucao.Normativa Agencia.Nacional.Energia.Eletrica 920, promulgada em 01-03-2021, Brasil"
eficiência energética,2025-06-06 12:28:22,https://www.lexml.gov.br/urn/urn:lex:br;santa.catarina:estadual:lei:2017-05-15;17145,"LEI N° 17.145, DE 15 DE MAIO DE 2017",urn:lex:br;santa.catarina:estadual:lei:2017-05-15;17145,legislation,Brasil,Santa Catarina,,,,,Lei Estadual 17145,15-05-2017,"Lei Estadual 17145, promulgada em 15-05-2017, Estado de Santa Catarina, Brasil"
eficiência energética,2025-06-06 12:28:22,https://www.lexml.gov.br/urn/urn:lex:br:agencia.nacional.energia.eletrica:resolucao:2001-06-04;185,"RESOLUÇÃO nº 185, de 04/06/2001",urn:lex:br:agencia.nacional.energia.eletrica:resolucao:2001-06-04;185,legislation,Brasil,,,,,,Resolução Agencia.Nacional.Energia.Eletrica 185,04-06-2001,"Resolução Agencia.Nacional.Energia.Eletrica 185, promulgada em 04-06-2001, Brasil"
emissões,2025-06-06 12:28:24,https://www.lexml.gov.br/urn/urn:lex:br:federal:lei:2001-02-06;10179,"Lei nº 10.179, de 6 de Fevereiro de 2001",urn:lex:br:federal:lei:2001-02-06;10179,legislation,Brasil,,,,,,Lei Federal 10179,06-02-2001,"Lei Federal 10179, promulgada em 06-02-2001, Brasil"
emissões,2025-06-06 12:28:24,https://www.lexml.gov.br/urn/urn:lex:br:congresso.nacional:projeto.lei;pln:2017;8,[ Projeto de Lei do Congresso Nacional nº 8/2017 : Lei nº 13.469 de 19/07/2017 ],urn:lex:br:congresso.nacional:projeto.lei;pln:2017;8,legislation,Brasil,,,,,,Projeto.Lei (Pln) Federal 8,2017,"Projeto.Lei (Pln) Federal 8, promulgada em 2017, Brasil"
descarbonização,2025-06-06 12:28:26,https://www.lexml.gov.br/urn/urn:lex:br:rede.virtual.bibliotecas:artigo.revista:2018;1001131474,Renovabio - reflexões sobre a segurança jurídica e extrafiscalidade,urn:lex:br:rede.virtual.bibliotecas:artigo.revista:2018;1001131474,legislation,Brasil,,,,,,Artigo.Revista Rede.Virtual.Bibliotecas 1001131474,2018,"Artigo.Revista Rede.Virtual.Bibliotecas 1001131474, promulgada em 2018, Brasil"
descarbonização,2025-06-06 12:28:26,https://www.lexml.gov.br/urn/urn:lex:br:federal:decreto:2019-08-08;9964,"Decreto nº 9.964, de 8 de Agosto de 2019",urn:lex:br:federal:decreto:2019-08-08;9964,legislation,Brasil,,,,,,Decreto Federal 9964,08-08-2019,"Decreto Federal 9964, promulgada em 08-08-2019, Brasil"
descarbonização,2025-06-06 12:28:26,https://www.lexml.gov.br/urn/urn:lex:br:senado.federal:projeto.lei;pl:2024;2798,[ Projeto de Lei nº 2798/2024 ],urn:lex:br:senado.federal:projeto.lei;pl:2024;2798,legislation,Brasil,,,,,,Projeto.Lei (Pl) Senado.Federal 2798,2024,"Projeto.Lei (Pl) Senado.Federal 2798, promulgada em 2024, Brasil"
descarbonização,2025-06-06 12:28:26,https://www.lexml.gov.br/urn/urn:lex:br;minas.gerais:estadual:lei:2024-12-20;25073,"Lei nº 25073, de 20 de dezembro de 2024",urn:lex:br;minas.gerais:estadual:lei:2024-12-20;25073,legislation,Brasil,Minas Gerais,,,,,Lei Estadual 25073,20-12-2024,"Lei Estadual 25073, promulgada em 20-12-2024, Estado de Minas Gerais, Brasil"
gases de efeito estufa,2025-06-06 12:28:28,https://www.lexml.gov.br/urn/urn:lex:br:federal:lei:2024-12-11;15042,Lei nº 15.042 de 11/12/2024,urn:lex:br:federal:lei:2024-12-11;15042,legislation,Brasil,,,,,,Lei Federal 15042,11-12-2024,"Lei Federal 15042, promulgada em 11-12-2024, Brasil"
gases de efeito estufa,2025-06-06 12:28:28,https://www.lexml.gov.br/urn/urn:lex:br;sao.paulo;hortolandia:municipal:lei:2011-12-16;2655,"Lei n° 2655, de 16 de dezembro de 2011",urn:lex:br;sao.paulo;hortolandia:municipal:lei:2011-12-16;2655,legislation,Brasil,São Paulo,Hortolandia,,,,Lei Municipal 2655,16-12-2011,"Lei Municipal 2655, promulgada em 16-12-2011, Município de Hortolandia, Estado de São Paulo, Brasil"
gases de efeito estufa,2025-06-06 12:28:28,https://www.lexml.gov.br/urn/urn:lex:br:federal:decreto:2019-11-28;10144,"Decreto nº 10.144, de 28 de Novembro de 2019",urn:lex:br:federal:decreto:2019-11-28;10144,legislation,Brasil,,,,,,Decreto Federal 10144,28-11-2019,"Decreto Federal 10144, promulgada em 28-11-2019, Brasil"
gases de efeito estufa,2025-06-06 12:28:28,https://www.lexml.gov.br/urn/urn:lex:br:federal:decreto:2023-06-05;11548,"Decreto nº 11.548, de 5 de Junho de 2023",urn:lex:br:federal:decreto:2023-06-05;11548,legislation,Brasil,,,,,,Decreto Federal 11548,05-06-2023,"Decreto Federal 11548, promulgada em 05-06-2023, Brasil"
gases de efeito estufa,2025-06-06 12:28:28,https://www.lexml.gov.br/urn/urn:lex:br;sao.paulo;campinas:municipal:lei:2007-07-24;13030,"Lei nº 13030, de 24 de Julho de 2007",urn:lex:br;sao.paulo;campinas:municipal:lei:2007-07-24;13030,legislation,Brasil,São Paulo,Campinas,,,,Lei Municipal 13030,24-07-2007,"Lei Municipal 13030, promulgada em 24-07-2007, Município de Campinas, Estado de São Paulo, Brasil"
gases de efeito estufa,2025-06-06 12:28:28,https://www.lexml.gov.br/urn/urn:lex:br;sao.paulo;campinas:municipal:decreto:2009-09-18;16773,"Decreto nº 16773, de 18 de Setembro de 2009",urn:lex:br;sao.paulo;campinas:municipal:decreto:2009-09-18;16773,legislation,Brasil,São Paulo,Campinas,,,,Decreto Municipal 16773,18-09-2009,"Decreto Municipal 16773, promulgada em 18-09-2009, Município de Campinas, Estado de São Paulo, Brasil"
gases de efeito estufa,2025-06-06 12:28:28,https://www.lexml.gov.br/urn/urn:lex:br:federal:decreto:2022-05-19;11075,"Decreto nº 11.075, de 19 de Maio de 2022",urn:lex:br:federal:decreto:2022-05-19;11075,legislation,Brasil,,,,,,Decreto Federal 11075,19-05-2022,"Decreto Federal 11075, promulgada em 19-05-2022, Brasil"
gases de efeito estufa,2025-06-06 12:28:28,https://www.lexml.gov.br/urn/urn:lex:br:federal:decreto:2018-03-15;9308,"Decreto nº 9.308, de 15 de Março de 2018",urn:lex:br:federal:decreto:2018-03-15;9308,legislation,Brasil,,,,,,Decreto Federal 9308,15-03-2018,"Decreto Federal 9308, promulgada em 15-03-2018, Brasil"
gases de efeito estufa,2025-06-06 12:28:28,https://www.lexml.gov.br/urn/urn:lex:br:rede.virtual.bibliotecas:artigo.revista:2011;1000937941,"Quotas de Co2, biens et titres financiers",urn:lex:br:rede.virtual.bibliotecas:artigo.revista:2011;1000937941,legislation,Brasil,,,,,,Artigo.Revista Rede.Virtual.Bibliotecas 1000937941,2011,"Artigo.Revista Rede.Virtual.Bibliotecas 1000937941, promulgada em 2011, Brasil"
gases de efeito estufa,2025-06-06 12:28:28,https://www.lexml.gov.br/urn/urn:lex:br:federal:decreto:2015-11-26;8576,"Decreto nº 8.576, de 26 de Novembro de 2015",urn:lex:br:federal:decreto:2015-11-26;8576,legislation,Brasil,,,,,,Decreto Federal 8576,26-11-2015,"Decreto Federal 8576, promulgada em 26-11-2015, Brasil"
gases de efeito estufa,2025-06-06 12:28:28,https://www.lexml.gov.br/urn/urn:lex:br:rede.virtual.bibliotecas:artigo.revista:2014;1001094680,Intervenção do Estado na ordem econômica por meio da tributação sobre as emissões de carbono com a finalidade de tutela do meio ambiente e promoção do desenvolvimento sustentável,urn:lex:br:rede.virtual.bibliotecas:artigo.revista:2014;1001094680,legislation,Brasil,,,,,,Artigo.Revista Rede.Virtual.Bibliotecas 1001094680,2014,"Artigo.Revista Rede.Virtual.Bibliotecas 1001094680, promulgada em 2014, Brasil"
gases de efeito estufa,2025-06-06 12:28:28,https://www.lexml.gov.br/urn/urn:lex:br;distrito.federal:distrital:lei:2013-06-11;5113,"Lei nº 5113, de 11 de junho de 2013",urn:lex:br;distrito.federal:distrital:lei:2013-06-11;5113,legislation,Brasil,Distrito Federal,,,,,Lei Distrital 5113,11-06-2013,"Lei Distrital 5113, promulgada em 11-06-2013, Estado de Distrito Federal, Brasil"
gases de efeito estufa,2025-06-06 12:28:28,https://www.lexml.gov.br/urn/urn:lex:br:federal:decreto:2019-06-27;9888,"Decreto nº 9.888, de 27 de Junho de 2019",urn:lex:br:federal:decreto:2019-06-27;9888,legislation,Brasil,,,,,,Decreto Federal 9888,27-06-2019,"Decreto Federal 9888, promulgada em 27-06-2019, Brasil"
gases de efeito estufa,2025-06-06 12:28:28,https://www.lexml.gov.br/urn/urn:lex:br:federal:decreto:2019-11-06;10102,"Decreto nº 10.102, de 6 de Novembro de 2019",urn:lex:br:federal:decreto:2019-11-06;10102,legislation,Brasil,,,,,,Decreto Federal 10102,06-11-2019,"Decreto Federal 10102, promulgada em 06-11-2019, Brasil"
gases de efeito estufa,2025-06-06 12:28:28,https://www.lexml.gov.br/urn/urn:lex:br:federal:decreto:2022-07-21;11141,"Decreto nº 11.141, de 21 de Julho de 2022",urn:lex:br:federal:decreto:2022-07-21;11141,legislation,Brasil,,,,,,Decreto Federal 11141,21-07-2022,"Decreto Federal 11141, promulgada em 21-07-2022, Brasil"
rotulagem veicular,2025-06-06 12:28:31,https://www.lexml.gov.br/urn/urn:lex:br:supremo.tribunal.federal;turma.1:acordao;ai:2012-05-22;842865-4157324,AI 842865 AgR / PR - PARANÁ,urn:lex:br:supremo.tribunal.federal;turma.1:acordao;ai:2012-05-22;842865-4157324,jurisprudence,Brasil,,,,,"Supremo Tribunal Federal, 1ª turma",Acórdão (AI) número 842865-4157324,22-05-2012,"Acórdão (AI) número 842865-4157324, publicado em 22-05-2012, Supremo Tribunal Federal, 1ª turma"
consumo de combustível,2025-06-06 12:28:33,https://www.lexml.gov.br/urn/urn:lex:br:agencia.nacional.energia.eletrica:resolucao.normativa:2009-01-27;350,"RESOLUÇÃO NORMATIVA nº 350, de 27/01/2009",urn:lex:br:agencia.nacional.energia.eletrica:resolucao.normativa:2009-01-27;350,legislation,Brasil,,,,,,Resolucao.Normativa Agencia.Nacional.Energia.Eletrica 350,27-01-2009,"Resolucao.Normativa Agencia.Nacional.Energia.Eletrica 350, promulgada em 27-01-2009, Brasil"
consumo de combustível,2025-06-06 12:28:33,https://www.lexml.gov.br/urn/urn:lex:br:agencia.nacional.energia.eletrica:resolucao.normativa:2013-03-26;535,"RESOLUÇÃO NORMATIVA nº 535, de 26/03/2013",urn:lex:br:agencia.nacional.energia.eletrica:resolucao.normativa:2013-03-26;535,legislation,Brasil,,,,,,Resolucao.Normativa Agencia.Nacional.Energia.Eletrica 535,26-03-2013,"Resolucao.Normativa Agencia.Nacional.Energia.Eletrica 535, promulgada em 26-03-2013, Brasil"
consumo de combustível,2025-06-06 12:28:33,https://www.lexml.gov.br/urn/urn:lex:br;minas.gerais:estadual:decreto:1984-02-28;23474,"Decreto nº 23474, de 28 de fevereiro de 1984",urn:lex:br;minas.gerais:estadual:decreto:1984-02-28;23474,legislation,Brasil,Minas Gerais,,,,,Decreto Estadual 23474,28-02-1984,"Decreto Estadual 23474, promulgada em 28-02-1984, Estado de Minas Gerais, Brasil"
consumo de combustível,2025-06-06 12:28:33,https://www.lexml.gov.br/urn/urn:lex:br:agencia.nacional.energia.eletrica:resolucao.homologatoria:2010-06-02;986,"RESOLUÇÃO HOMOLOGATÓRIA nº 986, de 02/06/2010",urn:lex:br:agencia.nacional.energia.eletrica:resolucao.homologatoria:2010-06-02;986,legislation,Brasil,,,,,,Resolucao.Homologatoria Agencia.Nacional.Energia.Eletrica 986,02-06-2010,"Resolucao.Homologatoria Agencia.Nacional.Energia.Eletrica 986, promulgada em 02-06-2010, Brasil"
consumo de combustível,2025-06-06 12:28:33,https://www.lexml.gov.br/urn/urn:lex:br:agencia.nacional.energia.eletrica:resolucao.homologatoria:2013-04-22;1491,"RESOLUÇÃO HOMOLOGATÓRIA nº 1491, de 22/04/2013",urn:lex:br:agencia.nacional.energia.eletrica:resolucao.homologatoria:2013-04-22;1491,legislation,Brasil,,,,,,Resolucao.Homologatoria Agencia.Nacional.Energia.Eletrica 1491,22-04-2013,"Resolucao.Homologatoria Agencia.Nacional.Energia.Eletrica 1491, promulgada em 22-04-2013, Brasil"
consumo de combustível,2025-06-06 12:28:33,https://www.lexml.gov.br/urn/urn:lex:br:agencia.nacional.energia.eletrica:resolucao.normativa:2005-08-11;163,"RESOLUÇÃO NORMATIVA nº 163, de 11/08/2005",urn:lex:br:agencia.nacional.energia.eletrica:resolucao.normativa:2005-08-11;163,legislation,Brasil,,,,,,Resolucao.Normativa Agencia.Nacional.Energia.Eletrica 163,11-08-2005,"Resolucao.Normativa Agencia.Nacional.Energia.Eletrica 163, promulgada em 11-08-2005, Brasil"
consumo de combustível,2025-06-06 12:28:33,https://www.lexml.gov.br/urn/urn:lex:br:agencia.nacional.energia.eletrica:resolucao:1999-12-23;350,"RESOLUÇÃO nº 350, de 23/12/1999",urn:lex:br:agencia.nacional.energia.eletrica:resolucao:1999-12-23;350,legislation,Brasil,,,,,,Resolução Agencia.Nacional.Energia.Eletrica 350,23-12-1999,"Resolução Agencia.Nacional.Energia.Eletrica 350, promulgada em 23-12-1999, Brasil"
consumo de combustível,2025-06-06 12:28:33,https://www.lexml.gov.br/urn/urn:lex:br:agencia.nacional.energia.eletrica:resolucao:2002-11-28;657,"RESOLUÇÃO nº 657, de 28/11/2002",urn:lex:br:agencia.nacional.energia.eletrica:resolucao:2002-11-28;657,legislation,Brasil,,,,,,Resolução Agencia.Nacional.Energia.Eletrica 657,28-11-2002,"Resolução Agencia.Nacional.Energia.Eletrica 657, promulgada em 28-11-2002, Brasil"
consumo de combustível,2025-06-06 12:28:33,https://www.lexml.gov.br/urn/urn:lex:br:agencia.nacional.energia.eletrica:resolucao.homologatoria:2008-02-01;613,"RESOLUÇÃO HOMOLOGATÓRIA nº 613, de 01/02/2008",urn:lex:br:agencia.nacional.energia.eletrica:resolucao.homologatoria:2008-02-01;613,legislation,Brasil,,,,,,Resolucao.Homologatoria Agencia.Nacional.Energia.Eletrica 613,01-02-2008,"Resolucao.Homologatoria Agencia.Nacional.Energia.Eletrica 613, promulgada em 01-02-2008, Brasil"
consumo de combustível,2025-06-06 12:28:33,https://www.lexml.gov.br/urn/urn:lex:br:agencia.nacional.energia.eletrica:resolucao.homologatoria:2009-03-04;779,"RESOLUÇÃO HOMOLOGATÓRIA nº 779, de 04/03/2009",urn:lex:br:agencia.nacional.energia.eletrica:resolucao.homologatoria:2009-03-04;779,legislation,Brasil,,,,,,Resolucao.Homologatoria Agencia.Nacional.Energia.Eletrica 779,04-03-2009,"Resolucao.Homologatoria Agencia.Nacional.Energia.Eletrica 779, promulgada em 04-03-2009, Brasil"
consumo de combustível,2025-06-06 12:28:33,https://www.lexml.gov.br/urn/urn:lex:br:agencia.nacional.energia.eletrica:resolucao.homologatoria:2009-02-04;775,"RESOLUÇÃO HOMOLOGATÓRIA nº 775, de 04/02/2009",urn:lex:br:agencia.nacional.energia.eletrica:resolucao.homologatoria:2009-02-04;775,legislation,Brasil,,,,,,Resolucao.Homologatoria Agencia.Nacional.Energia.Eletrica 775,04-02-2009,"Resolucao.Homologatoria Agencia.Nacional.Energia.Eletrica 775, promulgada em 04-02-2009, Brasil"
consumo de combustível,2025-06-06 12:28:33,https://www.lexml.gov.br/urn/urn:lex:br:agencia.nacional.energia.eletrica:resolucao:1997-12-30;025,"RESOLUÇÃO nº 025, de 30/12/1997",urn:lex:br:agencia.nacional.energia.eletrica:resolucao:1997-12-30;025,legislation,Brasil,,,,,,Resolução Agencia.Nacional.Energia.Eletrica 025,30-12-1997,"Resolução Agencia.Nacional.Energia.Eletrica 025, promulgada em 30-12-1997, Brasil"
consumo de combustível,2025-06-06 12:28:33,https://www.lexml.gov.br/urn/urn:lex:br:agencia.nacional.energia.eletrica:resolucao:1998-05-11;154,"RESOLUÇÃO nº 154, de 11/05/1998",urn:lex:br:agencia.nacional.energia.eletrica:resolucao:1998-05-11;154,legislation,Brasil,,,,,,Resolução Agencia.Nacional.Energia.Eletrica 154,11-05-1998,"Resolução Agencia.Nacional.Energia.Eletrica 154, promulgada em 11-05-1998, Brasil"
consumo de combustível,2025-06-06 12:28:33,https://www.lexml.gov.br/urn/urn:lex:br:agencia.nacional.energia.eletrica:resolucao:2001-12-26;600,"RESOLUÇÃO nº 600, de 26/12/2001",urn:lex:br:agencia.nacional.energia.eletrica:resolucao:2001-12-26;600,legislation,Brasil,,,,,,Resolução Agencia.Nacional.Energia.Eletrica 600,26-12-2001,"Resolução Agencia.Nacional.Energia.Eletrica 600, promulgada em 26-12-2001, Brasil"
consumo de combustível,2025-06-06 12:28:33,https://www.lexml.gov.br/urn/urn:lex:br:agencia.nacional.energia.eletrica:resolucao:2001-02-02;021,"RESOLUÇÃO nº 021, de 02/02/2001",urn:lex:br:agencia.nacional.energia.eletrica:resolucao:2001-02-02;021,legislation,Brasil,,,,,,Resolução Agencia.Nacional.Energia.Eletrica 021,02-02-2001,"Resolução Agencia.Nacional.Energia.Eletrica 021, promulgada em 02-02-2001, Brasil"
consumo de combustível,2025-06-06 12:28:33,https://www.lexml.gov.br/urn/urn:lex:br;minas.gerais:estadual:decreto:1983-06-27;22860,"Decreto nº 22860, de 27 de junho de 1983",urn:lex:br;minas.gerais:estadual:decreto:1983-06-27;22860,legislation,Brasil,Minas Gerais,,,,,Decreto Estadual 22860,27-06-1983,"Decreto Estadual 22860, promulgada em 27-06-1983, Estado de Minas Gerais, Brasil"
emissões veiculares,2025-06-06 12:28:35,https://www.lexml.gov.br/urn/urn:lex:br:camara.deputados:projeto.lei;pl:2009-04-15;5063,PL 5063/2009,urn:lex:br:camara.deputados:projeto.lei;pl:2009-04-15;5063,legislation,Brasil,,,,,,Projeto.Lei (Pl) Camara.Deputados 5063,15-04-2009,"Projeto.Lei (Pl) Camara.Deputados 5063, promulgada em 15-04-2009, Brasil"
emissões veiculares,2025-06-06 12:28:35,https://www.lexml.gov.br/urn/urn:lex:br:camara.deputados:projeto.lei;pl:2011-02-07;165,PL 165/2011,urn:lex:br:camara.deputados:projeto.lei;pl:2011-02-07;165,legislation,Brasil,,,,,,Projeto.Lei (Pl) Camara.Deputados 165,07-02-2011,"Projeto.Lei (Pl) Camara.Deputados 165, promulgada em 07-02-2011, Brasil"
emissões veiculares,2025-06-06 12:28:35,https://www.lexml.gov.br/urn/urn:lex:br:camara.deputados:projeto.lei;pl:2019-02-27;1263,PL 1263/2019,urn:lex:br:camara.deputados:projeto.lei;pl:2019-02-27;1263,legislation,Brasil,,,,,,Projeto.Lei (Pl) Camara.Deputados 1263,27-02-2019,"Projeto.Lei (Pl) Camara.Deputados 1263, promulgada em 27-02-2019, Brasil"
emissões veiculares,2025-06-06 12:28:35,https://www.lexml.gov.br/urn/urn:lex:br;distrito.federal:tribunal.justica.distrito.federal.territorios;turma.civel.1:acordao:2013-09-26;716773,Acórdão nº 716773 do Processo nº20050110217965apc,urn:lex:br;distrito.federal:tribunal.justica.distrito.federal.territorios;turma.civel.1:acordao:2013-09-26;716773,jurisprudence,Brasil,,,Distrito Federal,,"Tribunal Justica Distrito Federal Territorios, civel.1ª turma",Acórdão número 716773,26-09-2013,"Acórdão número 716773, publicado em 26-09-2013, Tribunal Justica Distrito Federal Territorios, civel.1ª turma, Distrito Federal"
emissões veiculares,2025-06-06 12:28:35,https://www.lexml.gov.br/urn/urn:lex:br:superior.tribunal.justica;turma.3:acordao;resp:2000-11-23;188512-380092,REsp 188512 / ES,urn:lex:br:superior.tribunal.justica;turma.3:acordao;resp:2000-11-23;188512-380092,jurisprudence,Brasil,,,,,"Superior Tribunal de Justiça, 3ª turma",Acórdão (RESP) número 188512-380092,23-11-2000,"Acórdão (RESP) número 188512-380092, publicado em 23-11-2000, Superior Tribunal de Justiça, 3ª turma"
emissões veiculares,2025-06-06 12:28:35,https://www.lexml.gov.br/urn/urn:lex:br;amazonas:estadual:lei:2010-10-22;3565,"Lei Ordinária n° 3565, de 22 de Outubro de 2010",urn:lex:br;amazonas:estadual:lei:2010-10-22;3565,legislation,Brasil,Amazonas,,,,,Lei Estadual 3565,22-10-2010,"Lei Estadual 3565, promulgada em 22-10-2010, Estado de Amazonas, Brasil"
emissões veiculares,2025-06-06 12:28:35,https://www.lexml.gov.br/urn/urn:lex:br;minas.gerais;teofilo.otoni:municipal:lei:2015-11-09;6951,"Lei n° 6951, de 09 de Novembro de 2015",urn:lex:br;minas.gerais;teofilo.otoni:municipal:lei:2015-11-09;6951,legislation,Brasil,Minas Gerais,Teofilo Otoni,,,,Lei Municipal 6951,09-11-2015,"Lei Municipal 6951, promulgada em 09-11-2015, Município de Teofilo Otoni, Estado de Minas Gerais, Brasil"
emissões veiculares,2025-06-06 12:28:35,https://www.lexml.gov.br/urn/urn:lex:br;distrito.federal:tribunal.justica.distrito.federal.territorios;turma.civel.6:acordao:2008-05-14;306016,Acórdão nº 306016 do Processo nº20060110276492apc,urn:lex:br;distrito.federal:tribunal.justica.distrito.federal.territorios;turma.civel.6:acordao:2008-05-14;306016,jurisprudence,Brasil,,,Distrito Federal,,"Tribunal Justica Distrito Federal Territorios, civel.6ª turma",Acórdão número 306016,14-05-2008,"Acórdão número 306016, publicado em 14-05-2008, Tribunal Justica Distrito Federal Territorios, civel.6ª turma, Distrito Federal"
emissões veiculares,2025-06-06 12:28:35,https://www.lexml.gov.br/urn/urn:lex:br:camara.deputados:projeto.lei;pl:2004-04-13;3342,PL 3342/2004,urn:lex:br:camara.deputados:projeto.lei;pl:2004-04-13;3342,legislation,Brasil,,,,,,Projeto.Lei (Pl) Camara.Deputados 3342,13-04-2004,"Projeto.Lei (Pl) Camara.Deputados 3342, promulgada em 13-04-2004, Brasil"
emissões veiculares,2025-06-06 12:28:35,https://www.lexml.gov.br/urn/urn:lex:br:supremo.tribunal.federal;plenario:acordao;adi:2020-08-05;4551-4024787,ADI 4551 / RN - RIO GRANDE DO NORTE,urn:lex:br:supremo.tribunal.federal;plenario:acordao;adi:2020-08-05;4551-4024787,jurisprudence,Brasil,,,,,"Supremo Tribunal Federal, Plenario",Acórdão (ADI) número 4551-4024787,05-08-2020,"Acórdão (ADI) número 4551-4024787, publicado em 05-08-2020, Supremo Tribunal Federal, Plenario"
emissões veiculares,2025-06-06 12:28:35,https://www.lexml.gov.br/urn/urn:lex:br:supremo.tribunal.federal;plenario:acordao;adi:2007-06-04;3049-2183098,ADI 3049 / AL - ALAGOAS,urn:lex:br:supremo.tribunal.federal;plenario:acordao;adi:2007-06-04;3049-2183098,jurisprudence,Brasil,,,,,"Supremo Tribunal Federal, Plenario",Acórdão (ADI) número 3049-2183098,04-06-2007,"Acórdão (ADI) número 3049-2183098, publicado em 04-06-2007, Supremo Tribunal Federal, Plenario"
emissões veiculares,2025-06-06 12:28:35,https://www.lexml.gov.br/urn/urn:lex:br:supremo.tribunal.federal;plenario:acordao;adi:2019-05-15;5916-5373505,ADI 5916 / RJ - RIO DE JANEIRO,urn:lex:br:supremo.tribunal.federal;plenario:acordao;adi:2019-05-15;5916-5373505,jurisprudence,Brasil,,,,,"Supremo Tribunal Federal, Plenario",Acórdão (ADI) número 5916-5373505,15-05-2019,"Acórdão (ADI) número 5916-5373505, publicado em 15-05-2019, Supremo Tribunal Federal, Plenario"
emissões veiculares,2025-06-06 12:28:35,https://www.lexml.gov.br/urn/urn:lex:br;minas.gerais:estadual:decreto:2023-12-28;48741,"Decreto nº 48741, de 28 de dezembro de 2023",urn:lex:br;minas.gerais:estadual:decreto:2023-12-28;48741,legislation,Brasil,Minas Gerais,,,,,Decreto Estadual 48741,28-12-2023,"Decreto Estadual 48741, promulgada em 28-12-2023, Estado de Minas Gerais, Brasil"
emissões veiculares,2025-06-06 12:28:35,https://www.lexml.gov.br/urn/urn:lex:br:supremo.tribunal.federal;turma.2:acordao;re:2021-05-31;1275708-6128506,RE 1275708 AgR / DF - DISTRITO FEDERAL,urn:lex:br:supremo.tribunal.federal;turma.2:acordao;re:2021-05-31;1275708-6128506,jurisprudence,Brasil,,,,,"Supremo Tribunal Federal, 2ª turma",Acórdão (RE) número 1275708-6128506,31-05-2021,"Acórdão (RE) número 1275708-6128506, publicado em 31-05-2021, Supremo Tribunal Federal, 2ª turma"
emissões veiculares,2025-06-06 12:28:35,"https://www.lexml.gov.br/urn/urn:lex:br:conselho.administrativo.recursos.fiscais;secao.julgamento.3;camara.2;turma.ordinaria.1:acordao:2021-03-24;3201-008.147,8746051",Acórdão nº 3201-008.147 do Processo 13982.720911/2012-34,"urn:lex:br:conselho.administrativo.recursos.fiscais;secao.julgamento.3;camara.2;turma.ordinaria.1:acordao:2021-03-24;3201-008.147,8746051",jurisprudence,Brasil,,,,,"Conselho Administrativo Recursos Fiscais, Secao Julgamento 3","Acórdão número 3201-008.147,8746051",24-03-2021,"Acórdão número 3201-008.147,8746051, publicado em 24-03-2021, Conselho Administrativo Recursos Fiscais, Secao Julgamento 3"
emissões veiculares,2025-06-06 12:28:35,"https://www.lexml.gov.br/urn/urn:lex:br:conselho.administrativo.recursos.fiscais;secao.julgamento.3;camara.2;turma.ordinaria.1:acordao:2021-03-24;3201-008.130,8749230",Acórdão nº 3201-008.130 do Processo 10925.906122/2011-02,"urn:lex:br:conselho.administrativo.recursos.fiscais;secao.julgamento.3;camara.2;turma.ordinaria.1:acordao:2021-03-24;3201-008.130,8749230",jurisprudence,Brasil,,,,,"Conselho Administrativo Recursos Fiscais, Secao Julgamento 3","Acórdão número 3201-008.130,8749230",24-03-2021,"Acórdão número 3201-008.130,8749230, publicado em 24-03-2021, Conselho Administrativo Recursos Fiscais, Secao Julgamento 3"
emissões veiculares,2025-06-06 12:28:35,"https://www.lexml.gov.br/urn/urn:lex:br:conselho.administrativo.recursos.fiscais;secao.julgamento.3;camara.2;turma.ordinaria.1:acordao:2021-03-24;3201-008.132,8749234",Acórdão nº 3201-008.132 do Processo 10925.906124/2011-93,"urn:lex:br:conselho.administrativo.recursos.fiscais;secao.julgamento.3;camara.2;turma.ordinaria.1:acordao:2021-03-24;3201-008.132,8749234",jurisprudence,Brasil,,,,,"Conselho Administrativo Recursos Fiscais, Secao Julgamento 3","Acórdão número 3201-008.132,8749234",24-03-2021,"Acórdão número 3201-008.132,8749234, publicado em 24-03-2021, Conselho Administrativo Recursos Fiscais, Secao Julgamento 3"
emissões veiculares,2025-06-06 12:28:35,"https://www.lexml.gov.br/urn/urn:lex:br:conselho.administrativo.recursos.fiscais;secao.julgamento.3;camara.2;turma.ordinaria.1:acordao:2021-03-24;3201-008.133,8749236",Acórdão nº 3201-008.133 do Processo 10925.906125/2011-38,"urn:lex:br:conselho.administrativo.recursos.fiscais;secao.julgamento.3;camara.2;turma.ordinaria.1:acordao:2021-03-24;3201-008.133,8749236",jurisprudence,Brasil,,,,,"Conselho Administrativo Recursos Fiscais, Secao Julgamento 3","Acórdão número 3201-008.133,8749236",24-03-2021,"Acórdão número 3201-008.133,8749236, publicado em 24-03-2021, Conselho Administrativo Recursos Fiscais, Secao Julgamento 3"
emissões veiculares,2025-06-06 12:28:35,"https://www.lexml.gov.br/urn/urn:lex:br:conselho.administrativo.recursos.fiscais;secao.julgamento.3;camara.2;turma.ordinaria.1:acordao:2021-03-24;3201-008.134,8749238",Acórdão nº 3201-008.134 do Processo 10925.906126/2011-82,"urn:lex:br:conselho.administrativo.recursos.fiscais;secao.julgamento.3;camara.2;turma.ordinaria.1:acordao:2021-03-24;3201-008.134,8749238",jurisprudence,Brasil,,,,,"Conselho Administrativo Recursos Fiscais, Secao Julgamento 3","Acórdão número 3201-008.134,8749238",24-03-2021,"Acórdão número 3201-008.134,8749238, publicado em 24-03-2021, Conselho Administrativo Recursos Fiscais, Secao Julgamento 3"
tecnologias assistivas,2025-06-06 12:28:37,https://www.lexml.gov.br/urn/urn:lex:br:camara.deputados:projeto.lei;pl:2023-04-08;1697,PL 1697/2023,urn:lex:br:camara.deputados:projeto.lei;pl:2023-04-08;1697,legislation,Brasil,,,,,,Projeto.Lei (Pl) Camara.Deputados 1697,08-04-2023,"Projeto.Lei (Pl) Camara.Deputados 1697, promulgada em 08-04-2023, Brasil"
tecnologias assistivas,2025-06-06 12:28:37,https://www.lexml.gov.br/urn/urn:lex:br:camara.deputados:projeto.lei;pl:2016-08-09;5968,PL 5968/2016,urn:lex:br:camara.deputados:projeto.lei;pl:2016-08-09;5968,legislation,Brasil,,,,,,Projeto.Lei (Pl) Camara.Deputados 5968,09-08-2016,"Projeto.Lei (Pl) Camara.Deputados 5968, promulgada em 09-08-2016, Brasil"
tecnologias assistivas,2025-06-06 12:28:37,https://www.lexml.gov.br/urn/urn:lex:br:camara.deputados:projeto.lei;pl:2023-09-11;4378,PL 4378/2023,urn:lex:br:camara.deputados:projeto.lei;pl:2023-09-11;4378,legislation,Brasil,,,,,,Projeto.Lei (Pl) Camara.Deputados 4378,11-09-2023,"Projeto.Lei (Pl) Camara.Deputados 4378, promulgada em 11-09-2023, Brasil"
tecnologias assistivas,2025-06-06 12:28:37,https://www.lexml.gov.br/urn/urn:lex:br:camara.deputados:projeto.lei;pl:2023-09-19;4541,PL 4541/2023,urn:lex:br:camara.deputados:projeto.lei;pl:2023-09-19;4541,legislation,Brasil,,,,,,Projeto.Lei (Pl) Camara.Deputados 4541,19-09-2023,"Projeto.Lei (Pl) Camara.Deputados 4541, promulgada em 19-09-2023, Brasil"
tecnologias assistivas,2025-06-06 12:28:37,https://www.lexml.gov.br/urn/urn:lex:br:senado.federal:projeto.lei;pl:2019;1254,[ Projeto de Lei nº 1254/2019 ],urn:lex:br:senado.federal:projeto.lei;pl:2019;1254,legislation,Brasil,,,,,,Projeto.Lei (Pl) Senado.Federal 1254,2019,"Projeto.Lei (Pl) Senado.Federal 1254, promulgada em 2019, Brasil"
tecnologias assistivas,2025-06-06 12:28:37,https://www.lexml.gov.br/urn/urn:lex:br:camara.deputados:projeto.lei;pl:2016-12-13;6674,PL 6674/2016,urn:lex:br:camara.deputados:projeto.lei;pl:2016-12-13;6674,legislation,Brasil,,,,,,Projeto.Lei (Pl) Camara.Deputados 6674,13-12-2016,"Projeto.Lei (Pl) Camara.Deputados 6674, promulgada em 13-12-2016, Brasil"
tecnologias assistivas,2025-06-06 12:28:37,https://www.lexml.gov.br/urn/urn:lex:br:camara.deputados:projeto.lei;pl:2019-06-13;3542,PL 3542/2019,urn:lex:br:camara.deputados:projeto.lei;pl:2019-06-13;3542,legislation,Brasil,,,,,,Projeto.Lei (Pl) Camara.Deputados 3542,13-06-2019,"Projeto.Lei (Pl) Camara.Deputados 3542, promulgada em 13-06-2019, Brasil"
tecnologias assistivas,2025-06-06 12:28:37,https://www.lexml.gov.br/urn/urn:lex:br:camara.deputados:projeto.lei;pl:2022-04-13;1224,PL 1224/2019,urn:lex:br:camara.deputados:projeto.lei;pl:2022-04-13;1224,legislation,Brasil,,,,,,Projeto.Lei (Pl) Camara.Deputados 1224,13-04-2022,"Projeto.Lei (Pl) Camara.Deputados 1224, promulgada em 13-04-2022, Brasil"
tecnologias assistivas,2025-06-06 12:28:37,https://www.lexml.gov.br/urn/urn:lex:br:senado.federal:projeto.lei;pls:2016;275,[ Projeto de Lei do Senado nº 275/2016 ],urn:lex:br:senado.federal:projeto.lei;pls:2016;275,legislation,Brasil,,,,,,Projeto.Lei (Pls) Senado.Federal 275,2016,"Projeto.Lei (Pls) Senado.Federal 275, promulgada em 2016, Brasil"
tecnologias assistivas,2025-06-06 12:28:37,https://www.lexml.gov.br/urn/urn:lex:br:senado.federal:projeto.lei;pl:2019;1224,[ Projeto de Lei nº 1224/2019 ],urn:lex:br:senado.federal:projeto.lei;pl:2019;1224,legislation,Brasil,,,,,,Projeto.Lei (Pl) Senado.Federal 1224,2019,"Projeto.Lei (Pl) Senado.Federal 1224, promulgada em 2019, Brasil"
tecnologias assistivas,2025-06-06 12:28:37,https://www.lexml.gov.br/urn/urn:lex:br:camara.deputados:projeto.lei;pl:2019-02-05;388,PL 388/2019,urn:lex:br:camara.deputados:projeto.lei;pl:2019-02-05;388,legislation,Brasil,,,,,,Projeto.Lei (Pl) Camara.Deputados 388,05-02-2019,"Projeto.Lei (Pl) Camara.Deputados 388, promulgada em 05-02-2019, Brasil"
tecnologias assistivas,2025-06-06 12:28:37,https://www.lexml.gov.br/urn/urn:lex:br:camara.deputados:projeto.lei;pl:2011-06-28;1695,PL 1695/2011,urn:lex:br:camara.deputados:projeto.lei;pl:2011-06-28;1695,legislation,Brasil,,,,,,Projeto.Lei (Pl) Camara.Deputados 1695,28-06-2011,"Projeto.Lei (Pl) Camara.Deputados 1695, promulgada em 28-06-2011, Brasil"
tecnologias assistivas,2025-06-06 12:28:37,https://www.lexml.gov.br/urn/urn:lex:br;minas.gerais:estadual:lei:2024-06-06;24786,"Lei nº 24786, de 6 de junho de 2024",urn:lex:br;minas.gerais:estadual:lei:2024-06-06;24786,legislation,Brasil,Minas Gerais,,,,,Lei Estadual 24786,06-06-2024,"Lei Estadual 24786, promulgada em 06-06-2024, Estado de Minas Gerais, Brasil"
tecnologias assistivas,2025-06-06 12:28:37,https://www.lexml.gov.br/urn/urn:lex:br:senado.federal:projeto.lei;pl:2024;1500,[ Projeto de Lei nº 1500/2024 ],urn:lex:br:senado.federal:projeto.lei;pl:2024;1500,legislation,Brasil,,,,,,Projeto.Lei (Pl) Senado.Federal 1500,2024,"Projeto.Lei (Pl) Senado.Federal 1500, promulgada em 2024, Brasil"
tecnologias assistivas,2025-06-06 12:28:37,https://www.lexml.gov.br/urn/urn:lex:br:superior.tribunal.justica;turma.2:acordao;aresp:2016-09-15;905875-1563579,AgInt no AREsp 905875 / MG,urn:lex:br:superior.tribunal.justica;turma.2:acordao;aresp:2016-09-15;905875-1563579,jurisprudence,Brasil,,,,,"Superior Tribunal de Justiça, 2ª turma",Acórdão (ARESP) número 905875-1563579,15-09-2016,"Acórdão (ARESP) número 905875-1563579, publicado em 15-09-2016, Superior Tribunal de Justiça, 2ª turma"
tecnologias assistivas,2025-06-06 12:28:37,https://www.lexml.gov.br/urn/urn:lex:br:rede.virtual.bibliotecas:livro:2012;000929959,Pessoas com deficiência intelectual,urn:lex:br:rede.virtual.bibliotecas:livro:2012;000929959,legislation,Brasil,,,,,,Livro Rede.Virtual.Bibliotecas 000929959,2012,"Livro Rede.Virtual.Bibliotecas 000929959, promulgada em 2012, Brasil"
tecnologias assistivas,2025-06-06 12:28:37,https://www.lexml.gov.br/urn/urn:lex:br:supremo.tribunal.federal;plenario:acordao;adi:2021-09-08;6476-5949232,ADI 6476 / DF - DISTRITO FEDERAL,urn:lex:br:supremo.tribunal.federal;plenario:acordao;adi:2021-09-08;6476-5949232,jurisprudence,Brasil,,,,,"Supremo Tribunal Federal, Plenario",Acórdão (ADI) número 6476-5949232,08-09-2021,"Acórdão (ADI) número 6476-5949232, publicado em 08-09-2021, Supremo Tribunal Federal, Plenario"
tecnologias assistivas,2025-06-06 12:28:37,https://www.lexml.gov.br/urn/urn:lex:br:tribunal.superior.trabalho;turma.7:acordao;rr:2023-10-10;3573-2014-482-1-0,Acórdão do processo Nº RR - 3573-18.2014.5.01.0482,urn:lex:br:tribunal.superior.trabalho;turma.7:acordao;rr:2023-10-10;3573-2014-482-1-0,jurisprudence,Brasil,,,,,"Tribunal Superior do Trabalho, 7ª turma",Acórdão (RR) número 3573-2014-482-1-0,10-10-2023,"Acórdão (RR) número 3573-2014-482-1-0, publicado em 10-10-2023, Tribunal Superior do Trabalho, 7ª turma"
tecnologias assistivas,2025-06-06 12:28:37,https://www.lexml.gov.br/urn/urn:lex:br:tribunal.superior.trabalho;turma.7:acordao;rr:2022-08-10;100941-2018-482-1-0,Acórdão do processo Nº RR - 100941-85.2018.5.01.0482,urn:lex:br:tribunal.superior.trabalho;turma.7:acordao;rr:2022-08-10;100941-2018-482-1-0,jurisprudence,Brasil,,,,,"Tribunal Superior do Trabalho, 7ª turma",Acórdão (RR) número 100941-2018-482-1-0,10-08-2022,"Acórdão (RR) número 100941-2018-482-1-0, publicado em 10-08-2022, Tribunal Superior do Trabalho, 7ª turma"
tecnologias assistivas,2025-06-06 12:28:37,https://www.lexml.gov.br/urn/urn:lex:br:superior.tribunal.justica;turma.3:acordao;resp:2023-06-13;2041463-2306626,REsp 2041463 / RJ,urn:lex:br:superior.tribunal.justica;turma.3:acordao;resp:2023-06-13;2041463-2306626,jurisprudence,Brasil,,,,,"Superior Tribunal de Justiça, 3ª turma",Acórdão (RESP) número 2041463-2306626,13-06-2023,"Acórdão (RESP) número 2041463-2306626, publicado em 13-06-2023, Superior Tribunal de Justiça, 3ª turma"
veículos autônomos,2025-06-06 12:28:39,https://www.lexml.gov.br/urn/urn:lex:br:federal:decreto:1977-06-08;79797,"Decreto nº 79.797, de 8 de Junho de 1977",urn:lex:br:federal:decreto:1977-06-08;79797,legislation,Brasil,,,,,,Decreto Federal 79797,08-06-1977,"Decreto Federal 79797, promulgada em 08-06-1977, Brasil"
veículos autônomos,2025-06-06 12:28:39,https://www.lexml.gov.br/urn/urn:lex:br:federal:lei:1974-08-30;6094,"Lei nº 6.094, de 30 de Agosto de 1974",urn:lex:br:federal:lei:1974-08-30;6094,legislation,Brasil,,,,,,Lei Federal 6094,30-08-1974,"Lei Federal 6094, promulgada em 30-08-1974, Brasil"
veículos autônomos,2025-06-06 12:28:39,https://www.lexml.gov.br/urn/urn:lex:br;minas.gerais;divinopolis:municipal:lei:1974-10-16;1119,"Lei Ordinária n° 1119, de 16 de Outubro de 1974",urn:lex:br;minas.gerais;divinopolis:municipal:lei:1974-10-16;1119,legislation,Brasil,Minas Gerais,Divinopolis,,,,Lei Municipal 1119,16-10-1974,"Lei Municipal 1119, promulgada em 16-10-1974, Município de Divinopolis, Estado de Minas Gerais, Brasil"
veículos autônomos,2025-06-06 12:28:39,https://www.lexml.gov.br/urn/urn:lex:br:federal:decreto:1964-08-26;54208,"Decreto nº 54.208, de 26 de Agosto de 1964",urn:lex:br:federal:decreto:1964-08-26;54208,legislation,Brasil,,,,,,Decreto Federal 54208,26-08-1964,"Decreto Federal 54208, promulgada em 26-08-1964, Brasil"
veículos autônomos,2025-06-06 12:28:39,https://www.lexml.gov.br/urn/urn:lex:br;sao.paulo;campinas:municipal:decreto:2007-09-20;15988,"Decreto nº 15988, de 20 de Setembro de 2007",urn:lex:br;sao.paulo;campinas:municipal:decreto:2007-09-20;15988,legislation,Brasil,São Paulo,Campinas,,,,Decreto Municipal 15988,20-09-2007,"Decreto Municipal 15988, promulgada em 20-09-2007, Município de Campinas, Estado de São Paulo, Brasil"
veículos autônomos,2025-06-06 12:28:39,https://www.lexml.gov.br/urn/urn:lex:br;sao.paulo;campinas:municipal:decreto:2007-10-31;16052,"Decreto nº 16052, de 31 de Outubro de 2007",urn:lex:br;sao.paulo;campinas:municipal:decreto:2007-10-31;16052,legislation,Brasil,São Paulo,Campinas,,,,Decreto Municipal 16052,31-10-2007,"Decreto Municipal 16052, promulgada em 31-10-2007, Município de Campinas, Estado de São Paulo, Brasil"
veículos autônomos,2025-06-06 12:28:39,https://www.lexml.gov.br/urn/urn:lex:br;sao.paulo;catanduva:municipal:lei:1998-12-14;3462,"Lei Ordinária nº 3462, de 14 de Dezembro de 1998",urn:lex:br;sao.paulo;catanduva:municipal:lei:1998-12-14;3462,legislation,Brasil,São Paulo,Catanduva,,,,Lei Municipal 3462,14-12-1998,"Lei Municipal 3462, promulgada em 14-12-1998, Município de Catanduva, Estado de São Paulo, Brasil"
veículos autônomos,2025-06-06 12:28:39,https://www.lexml.gov.br/urn/urn:lex:br;minas.gerais;divinopolis:municipal:lei:1991-04-02;2883,"Lei Ordinária n° 2883, de 02 de Abril de 1991",urn:lex:br;minas.gerais;divinopolis:municipal:lei:1991-04-02;2883,legislation,Brasil,Minas Gerais,Divinopolis,,,,Lei Municipal 2883,02-04-1991,"Lei Municipal 2883, promulgada em 02-04-1991, Município de Divinopolis, Estado de Minas Gerais, Brasil"
veículos autônomos,2025-06-06 12:28:39,https://www.lexml.gov.br/urn/urn:lex:br;minas.gerais;sete.lagoas:municipal:lei:1990-04-02;4206,"Lei n° 4206, de 02 de Abril de 1990",urn:lex:br;minas.gerais;sete.lagoas:municipal:lei:1990-04-02;4206,legislation,Brasil,Minas Gerais,Sete Lagoas,,,,Lei Municipal 4206,02-04-1990,"Lei Municipal 4206, promulgada em 02-04-1990, Município de Sete Lagoas, Estado de Minas Gerais, Brasil"
veículos autônomos,2025-06-06 12:28:39,https://www.lexml.gov.br/urn/urn:lex:br;sao.paulo;campinas:municipal:lei:1967-02-09;3560,"Lei nº 3560, de 09 de Fevereiro de 1967",urn:lex:br;sao.paulo;campinas:municipal:lei:1967-02-09;3560,legislation,Brasil,São Paulo,Campinas,,,,Lei Municipal 3560,09-02-1967,"Lei Municipal 3560, promulgada em 09-02-1967, Município de Campinas, Estado de São Paulo, Brasil"
veículos autônomos,2025-06-06 12:28:39,https://www.lexml.gov.br/urn/urn:lex:br;justica.trabalho;regiao.16:tribunal.regional.trabalho;turma.1:acordao:2011-03-02;0247900-75.2009.5.16.0012,ACORDÃO TRT 16ª / 1ª Turma / RO 0247900-75.2009.5.16.0012,urn:lex:br;justica.trabalho;regiao.16:tribunal.regional.trabalho;turma.1:acordao:2011-03-02;0247900-75.2009.5.16.0012,jurisprudence,Brasil,,,Justiça do Trabalho,16ª região,"Tribunal Regional do Trabalho, 1ª turma",Acórdão número 0247900-75.2009.5.16.0012,02-03-2011,"Acórdão número 0247900-75.2009.5.16.0012, publicado em 02-03-2011, Tribunal Regional do Trabalho, 1ª turma, da 16ª região, Justiça do Trabalho"
telemetria,2025-06-06 12:28:41,https://www.lexml.gov.br/urn/urn:lex:br;justica.trabalho;regiao.3:tribunal.regional.trabalho;turma.7:acordao:2024-09-25;0010118-08.2024.5.03.0027,Acórdão PJe TRT 3ª / Setima Turma / 2024-09-25,urn:lex:br;justica.trabalho;regiao.3:tribunal.regional.trabalho;turma.7:acordao:2024-09-25;0010118-08.2024.5.03.0027,jurisprudence,Brasil,,,Justiça do Trabalho,3ª região,"Tribunal Regional do Trabalho, 7ª turma",Acórdão número 0010118-08.2024.5.03.0027,25-09-2024,"Acórdão número 0010118-08.2024.5.03.0027, publicado em 25-09-2024, Tribunal Regional do Trabalho, 7ª turma, da 3ª região, Justiça do Trabalho"
telemetria,2025-06-06 12:28:41,https://www.lexml.gov.br/urn/urn:lex:br:federal:decreto:1942-08-25;10322,"Decreto nº 10.322, de 25 de Agosto de 1942",urn:lex:br:federal:decreto:1942-08-25;10322,legislation,Brasil,,,,,,Decreto Federal 10322,25-08-1942,"Decreto Federal 10322, promulgada em 25-08-1942, Brasil"
telemetria,2025-06-06 12:28:41,https://www.lexml.gov.br/urn/urn:lex:br:federal:decreto:1994-05-30;seq-sf-6,Decreto de 30/05/1994 ( seq-sf: 6 ),urn:lex:br:federal:decreto:1994-05-30;seq-sf-6,legislation,Brasil,,,,,,Decreto Federal seq-sf-6,30-05-1994,"Decreto Federal seq-sf-6, promulgada em 30-05-1994, Brasil"
telemetria,2025-06-06 12:28:41,https://www.lexml.gov.br/urn/urn:lex:br:camara.deputados:projeto.lei;pl:2013-10-01;6468,PL 6468/2013,urn:lex:br:camara.deputados:projeto.lei;pl:2013-10-01;6468,legislation,Brasil,,,,,,Projeto.Lei (Pl) Camara.Deputados 6468,01-10-2013,"Projeto.Lei (Pl) Camara.Deputados 6468, promulgada em 01-10-2013, Brasil"
telemetria,2025-06-06 12:28:41,https://www.lexml.gov.br/urn/urn:lex:br:rede.virtual.bibliotecas:artigo.revista:2020;1001202861,Sprinklers em museus,urn:lex:br:rede.virtual.bibliotecas:artigo.revista:2020;1001202861,legislation,Brasil,,,,,,Artigo.Revista Rede.Virtual.Bibliotecas 1001202861,2020,"Artigo.Revista Rede.Virtual.Bibliotecas 1001202861, promulgada em 2020, Brasil"
telemetria,2025-06-06 12:28:41,https://www.lexml.gov.br/urn/urn:lex:br:tribunal.superior.trabalho;turma.1:acordao;airr:2011-11-09;45300-2009-203-4-0,Acórdão do processo Nº AIRR - 45300-10.2009.5.04.0203,urn:lex:br:tribunal.superior.trabalho;turma.1:acordao;airr:2011-11-09;45300-2009-203-4-0,jurisprudence,Brasil,,,,,"Tribunal Superior do Trabalho, 1ª turma",Acórdão (AIRR) número 45300-2009-203-4-0,09-11-2011,"Acórdão (AIRR) número 45300-2009-203-4-0, publicado em 09-11-2011, Tribunal Superior do Trabalho, 1ª turma"
telemetria,2025-06-06 12:28:41,https://www.lexml.gov.br/urn/urn:lex:br;justica.trabalho;regiao.3:tribunal.regional.trabalho;turma.1:acordao:2012-07-02;0001431-73.2011.5.03.0067,Acórdão TRT 3ª / Primeira Turma / 2012-07-02,urn:lex:br;justica.trabalho;regiao.3:tribunal.regional.trabalho;turma.1:acordao:2012-07-02;0001431-73.2011.5.03.0067,jurisprudence,Brasil,,,Justiça do Trabalho,3ª região,"Tribunal Regional do Trabalho, 1ª turma",Acórdão número 0001431-73.2011.5.03.0067,02-07-2012,"Acórdão número 0001431-73.2011.5.03.0067, publicado em 02-07-2012, Tribunal Regional do Trabalho, 1ª turma, da 3ª região, Justiça do Trabalho"
telemetria,2025-06-06 12:28:41,https://www.lexml.gov.br/urn/urn:lex:br;justica.trabalho;regiao.3:tribunal.regional.trabalho;turma.9:acordao:2011-08-10;0000803-62.2010.5.03.0021,Acórdão TRT 3ª / Nona Turma / 2011-08-10,urn:lex:br;justica.trabalho;regiao.3:tribunal.regional.trabalho;turma.9:acordao:2011-08-10;0000803-62.2010.5.03.0021,jurisprudence,Brasil,,,Justiça do Trabalho,3ª região,"Tribunal Regional do Trabalho, 9ª turma",Acórdão número 0000803-62.2010.5.03.0021,10-08-2011,"Acórdão número 0000803-62.2010.5.03.0021, publicado em 10-08-2011, Tribunal Regional do Trabalho, 9ª turma, da 3ª região, Justiça do Trabalho"
telemetria,2025-06-06 12:28:41,https://www.lexml.gov.br/urn/urn:lex:br:tribunal.superior.trabalho;turma.3:acordao;ag:2023-12-13;1000616-2022-63-2-0,Acórdão do processo Nº Ag-AIRR - 1000616-15.2022.5.02.0063,urn:lex:br:tribunal.superior.trabalho;turma.3:acordao;ag:2023-12-13;1000616-2022-63-2-0,jurisprudence,Brasil,,,,,"Tribunal Superior do Trabalho, 3ª turma",Acórdão (AG) número 1000616-2022-63-2-0,13-12-2023,"Acórdão (AG) número 1000616-2022-63-2-0, publicado em 13-12-2023, Tribunal Superior do Trabalho, 3ª turma"
telemetria,2025-06-06 12:28:41,https://www.lexml.gov.br/urn/urn:lex:br:tribunal.superior.trabalho;turma.7:acordao;airr:2016-10-05;1196-2010-6-5-0,Acórdão do processo Nº AIRR - 1196-75.2010.5.05.0006,urn:lex:br:tribunal.superior.trabalho;turma.7:acordao;airr:2016-10-05;1196-2010-6-5-0,jurisprudence,Brasil,,,,,"Tribunal Superior do Trabalho, 7ª turma",Acórdão (AIRR) número 1196-2010-6-5-0,05-10-2016,"Acórdão (AIRR) número 1196-2010-6-5-0, publicado em 05-10-2016, Tribunal Superior do Trabalho, 7ª turma"
telemetria,2025-06-06 12:28:41,https://www.lexml.gov.br/urn/urn:lex:br:tribunal.superior.trabalho;turma.8:acordao;airr:2021-08-25;1007-2017-101-10-0,Acórdão do processo Nº AIRR - 1007-21.2017.5.10.0101,urn:lex:br:tribunal.superior.trabalho;turma.8:acordao;airr:2021-08-25;1007-2017-101-10-0,jurisprudence,Brasil,,,,,"Tribunal Superior do Trabalho, 8ª turma",Acórdão (AIRR) número 1007-2017-101-10-0,25-08-2021,"Acórdão (AIRR) número 1007-2017-101-10-0, publicado em 25-08-2021, Tribunal Superior do Trabalho, 8ª turma"
telemetria,2025-06-06 12:28:41,https://www.lexml.gov.br/urn/urn:lex:br;justica.trabalho;regiao.3:tribunal.regional.trabalho;turma.1:acordao:2023-12-15;0010386-24.2021.5.03.0009,Acórdão PJe TRT 3ª / Primeira Turma / 2023-12-15,urn:lex:br;justica.trabalho;regiao.3:tribunal.regional.trabalho;turma.1:acordao:2023-12-15;0010386-24.2021.5.03.0009,jurisprudence,Brasil,,,Justiça do Trabalho,3ª região,"Tribunal Regional do Trabalho, 1ª turma",Acórdão número 0010386-24.2021.5.03.0009,15-12-2023,"Acórdão número 0010386-24.2021.5.03.0009, publicado em 15-12-2023, Tribunal Regional do Trabalho, 1ª turma, da 3ª região, Justiça do Trabalho"
telemetria,2025-06-06 12:28:41,https://www.lexml.gov.br/urn/urn:lex:br;justica.trabalho;regiao.3:tribunal.regional.trabalho;turma.1:acordao:2024-02-26;0010372-25.2023.5.03.0153,Acórdão PJe TRT 3ª / Primeira Turma / 2024-02-26,urn:lex:br;justica.trabalho;regiao.3:tribunal.regional.trabalho;turma.1:acordao:2024-02-26;0010372-25.2023.5.03.0153,jurisprudence,Brasil,,,Justiça do Trabalho,3ª região,"Tribunal Regional do Trabalho, 1ª turma",Acórdão número 0010372-25.2023.5.03.0153,26-02-2024,"Acórdão número 0010372-25.2023.5.03.0153, publicado em 26-02-2024, Tribunal Regional do Trabalho, 1ª turma, da 3ª região, Justiça do Trabalho"
telemetria,2025-06-06 12:28:41,https://www.lexml.gov.br/urn/urn:lex:br;justica.trabalho;regiao.3:tribunal.regional.trabalho;turma.1:acordao:2024-04-15;0010405-72.2023.5.03.0037,Acórdão PJe TRT 3ª / Primeira Turma / 2024-04-15,urn:lex:br;justica.trabalho;regiao.3:tribunal.regional.trabalho;turma.1:acordao:2024-04-15;0010405-72.2023.5.03.0037,jurisprudence,Brasil,,,Justiça do Trabalho,3ª região,"Tribunal Regional do Trabalho, 1ª turma",Acórdão número 0010405-72.2023.5.03.0037,15-04-2024,"Acórdão número 0010405-72.2023.5.03.0037, publicado em 15-04-2024, Tribunal Regional do Trabalho, 1ª turma, da 3ª região, Justiça do Trabalho"
telemetria,2025-06-06 12:28:41,https://www.lexml.gov.br/urn/urn:lex:br:tribunal.superior.trabalho;turma.5:acordao;rr:2018-12-05;10326-2014-44-3-0,Acórdão do processo Nº RR - 10326-87.2014.5.03.0044,urn:lex:br:tribunal.superior.trabalho;turma.5:acordao;rr:2018-12-05;10326-2014-44-3-0,jurisprudence,Brasil,,,,,"Tribunal Superior do Trabalho, 5ª turma",Acórdão (RR) número 10326-2014-44-3-0,05-12-2018,"Acórdão (RR) número 10326-2014-44-3-0, publicado em 05-12-2018, Tribunal Superior do Trabalho, 5ª turma"
rastreamento,2025-06-06 12:28:43,https://www.lexml.gov.br/urn/urn:lex:br;justica.trabalho;regiao.3:tribunal.regional.trabalho;secao.especializada.1:acordao:1999-03-23;01483-1996-011-03-00-8,Acórdão TRT 3ª / Secao Especializada / 1999-03-23,urn:lex:br;justica.trabalho;regiao.3:tribunal.regional.trabalho;secao.especializada.1:acordao:1999-03-23;01483-1996-011-03-00-8,jurisprudence,Brasil,,,Justiça do Trabalho,3ª região,"Tribunal Regional do Trabalho, Secao Especializada 1",Acórdão número 01483-1996-011-03-00-8,23-03-1999,"Acórdão número 01483-1996-011-03-00-8, publicado em 23-03-1999, Tribunal Regional do Trabalho, Secao Especializada 1, da 3ª região, Justiça do Trabalho"
rastreamento,2025-06-06 12:28:43,https://www.lexml.gov.br/urn/urn:lex:br;justica.trabalho;regiao.3:tribunal.regional.trabalho;turma.5:acordao:2001-11-06;00156-1996-032-03-00-0,Acórdão TRT 3ª / Quinta Turma / 2001-11-06,urn:lex:br;justica.trabalho;regiao.3:tribunal.regional.trabalho;turma.5:acordao:2001-11-06;00156-1996-032-03-00-0,jurisprudence,Brasil,,,Justiça do Trabalho,3ª região,"Tribunal Regional do Trabalho, 5ª turma",Acórdão número 00156-1996-032-03-00-0,06-11-2001,"Acórdão número 00156-1996-032-03-00-0, publicado em 06-11-2001, Tribunal Regional do Trabalho, 5ª turma, da 3ª região, Justiça do Trabalho"
rastreamento,2025-06-06 12:28:43,https://www.lexml.gov.br/urn/urn:lex:br;minas.gerais;ponte.nova:municipal:lei:2019-10-11;4315,"Lei n° 4315, de 11 de Outubro de 2019",urn:lex:br;minas.gerais;ponte.nova:municipal:lei:2019-10-11;4315,legislation,Brasil,Minas Gerais,Ponte Nova,,,,Lei Municipal 4315,11-10-2019,"Lei Municipal 4315, promulgada em 11-10-2019, Município de Ponte Nova, Estado de Minas Gerais, Brasil"
rastreamento,2025-06-06 12:28:43,https://www.lexml.gov.br/urn/urn:lex:br;justica.trabalho;regiao.3:tribunal.regional.trabalho;turma.3:acordao:2013-03-07;0099800-16.1996.5.03.0007,Acórdão TRT 3ª / Terceira Turma / 2013-03-07,urn:lex:br;justica.trabalho;regiao.3:tribunal.regional.trabalho;turma.3:acordao:2013-03-07;0099800-16.1996.5.03.0007,jurisprudence,Brasil,,,Justiça do Trabalho,3ª região,"Tribunal Regional do Trabalho, 3ª turma",Acórdão número 0099800-16.1996.5.03.0007,07-03-2013,"Acórdão número 0099800-16.1996.5.03.0007, publicado em 07-03-2013, Tribunal Regional do Trabalho, 3ª turma, da 3ª região, Justiça do Trabalho"
rastreamento,2025-06-06 12:28:43,https://www.lexml.gov.br/urn/urn:lex:br;justica.trabalho;regiao.3:tribunal.regional.trabalho;turma.4:acordao:2013-09-25;0027800-28.2006.5.03.0149,Acórdão TRT 3ª / Quarta Turma / 2013-09-25,urn:lex:br;justica.trabalho;regiao.3:tribunal.regional.trabalho;turma.4:acordao:2013-09-25;0027800-28.2006.5.03.0149,jurisprudence,Brasil,,,Justiça do Trabalho,3ª região,"Tribunal Regional do Trabalho, 4ª turma",Acórdão número 0027800-28.2006.5.03.0149,25-09-2013,"Acórdão número 0027800-28.2006.5.03.0149, publicado em 25-09-2013, Tribunal Regional do Trabalho, 4ª turma, da 3ª região, Justiça do Trabalho"
rastreamento,2025-06-06 12:28:43,https://www.lexml.gov.br/urn/urn:lex:br;justica.trabalho;regiao.16:tribunal.regional.trabalho;turma.2:acordao:2016-06-07;0199700-62.2013.5.16.0023,ACORDÃO TRT 16ª / 2ª Turma / RO 0199700-62.2013.5.16.0023,urn:lex:br;justica.trabalho;regiao.16:tribunal.regional.trabalho;turma.2:acordao:2016-06-07;0199700-62.2013.5.16.0023,jurisprudence,Brasil,,,Justiça do Trabalho,16ª região,"Tribunal Regional do Trabalho, 2ª turma",Acórdão número 0199700-62.2013.5.16.0023,07-06-2016,"Acórdão número 0199700-62.2013.5.16.0023, publicado em 07-06-2016, Tribunal Regional do Trabalho, 2ª turma, da 16ª região, Justiça do Trabalho"
rastreamento,2025-06-06 12:28:43,https://www.lexml.gov.br/urn/urn:lex:br;justica.trabalho;regiao.3:tribunal.regional.trabalho;turma.2:acordao:2015-01-22;0000062-34.2011.5.03.0135,Acórdão TRT 3ª / Segunda Turma / 2015-01-22,urn:lex:br;justica.trabalho;regiao.3:tribunal.regional.trabalho;turma.2:acordao:2015-01-22;0000062-34.2011.5.03.0135,jurisprudence,Brasil,,,Justiça do Trabalho,3ª região,"Tribunal Regional do Trabalho, 2ª turma",Acórdão número 0000062-34.2011.5.03.0135,22-01-2015,"Acórdão número 0000062-34.2011.5.03.0135, publicado em 22-01-2015, Tribunal Regional do Trabalho, 2ª turma, da 3ª região, Justiça do Trabalho"
rastreamento,2025-06-06 12:28:43,https://www.lexml.gov.br/urn/urn:lex:br:superior.tribunal.justica;turma.3:acordao;resp:2024-04-16;1967252-2429805,REsp 1967252 / RJ,urn:lex:br:superior.tribunal.justica;turma.3:acordao;resp:2024-04-16;1967252-2429805,jurisprudence,Brasil,,,,,"Superior Tribunal de Justiça, 3ª turma",Acórdão (RESP) número 1967252-2429805,16-04-2024,"Acórdão (RESP) número 1967252-2429805, publicado em 16-04-2024, Superior Tribunal de Justiça, 3ª turma"
rastreamento,2025-06-06 12:28:43,https://www.lexml.gov.br/urn/urn:lex:br:superior.tribunal.justica;turma.3:acordao;aresp:2016-03-15;813686-1524095,AgRg no AREsp 813686 / SP,urn:lex:br:superior.tribunal.justica;turma.3:acordao;aresp:2016-03-15;813686-1524095,jurisprudence,Brasil,,,,,"Superior Tribunal de Justiça, 3ª turma",Acórdão (ARESP) número 813686-1524095,15-03-2016,"Acórdão (ARESP) número 813686-1524095, publicado em 15-03-2016, Superior Tribunal de Justiça, 3ª turma"
rastreamento,2025-06-06 12:28:43,https://www.lexml.gov.br/urn/urn:lex:br;minas.gerais;divinopolis:municipal:lei.complementar:2022-07-05;226,"Lei Complementar n° 226, de 05 de Julho de 2022",urn:lex:br;minas.gerais;divinopolis:municipal:lei.complementar:2022-07-05;226,legislation,Brasil,Minas Gerais,Divinopolis,,,,Lei.Complementar Municipal 226,05-07-2022,"Lei.Complementar Municipal 226, promulgada em 05-07-2022, Município de Divinopolis, Estado de Minas Gerais, Brasil"
rastreamento,2025-06-06 12:28:43,https://www.lexml.gov.br/urn/urn:lex:br:tribunal.superior.trabalho;turma.2:acordao;rr:2018-03-20;190-2014-222-5-0,Acórdão do processo Nº RR - 190-25.2014.5.05.0222,urn:lex:br:tribunal.superior.trabalho;turma.2:acordao;rr:2018-03-20;190-2014-222-5-0,jurisprudence,Brasil,,,,,"Tribunal Superior do Trabalho, 2ª turma",Acórdão (RR) número 190-2014-222-5-0,20-03-2018,"Acórdão (RR) número 190-2014-222-5-0, publicado em 20-03-2018, Tribunal Superior do Trabalho, 2ª turma"
rastreamento,2025-06-06 12:28:43,https://www.lexml.gov.br/urn/urn:lex:br:tribunal.superior.trabalho;turma.2:acordao;rr:2018-11-27;2128-2012-242-9-0,Acórdão do processo Nº RR - 2128-52.2012.5.09.0242,urn:lex:br:tribunal.superior.trabalho;turma.2:acordao;rr:2018-11-27;2128-2012-242-9-0,jurisprudence,Brasil,,,,,"Tribunal Superior do Trabalho, 2ª turma",Acórdão (RR) número 2128-2012-242-9-0,27-11-2018,"Acórdão (RR) número 2128-2012-242-9-0, publicado em 27-11-2018, Tribunal Superior do Trabalho, 2ª turma"
rastreamento,2025-06-06 12:28:43,https://www.lexml.gov.br/urn/urn:lex:br;justica.trabalho;regiao.24:tribunal.regional.trabalho;turma.2:acordao:2013-12-04;0001300-54.2010.5.24.0001,ACÓRDÃO TRT 24ª / 2ª Turma / RO.1 0001300-54.2010.5.24.0001,urn:lex:br;justica.trabalho;regiao.24:tribunal.regional.trabalho;turma.2:acordao:2013-12-04;0001300-54.2010.5.24.0001,jurisprudence,Brasil,,,Justiça do Trabalho,24ª região,"Tribunal Regional do Trabalho, 2ª turma",Acórdão número 0001300-54.2010.5.24.0001,04-12-2013,"Acórdão número 0001300-54.2010.5.24.0001, publicado em 04-12-2013, Tribunal Regional do Trabalho, 2ª turma, da 24ª região, Justiça do Trabalho"
rastreamento,2025-06-06 12:28:43,https://www.lexml.gov.br/urn/urn:lex:br:tribunal.superior.trabalho;turma.4:acordao;rr:2021-06-08;10890-2016-18-18-0,Acórdão do processo Nº RR - 10890-59.2016.5.18.0018,urn:lex:br:tribunal.superior.trabalho;turma.4:acordao;rr:2021-06-08;10890-2016-18-18-0,jurisprudence,Brasil,,,,,"Tribunal Superior do Trabalho, 4ª turma",Acórdão (RR) número 10890-2016-18-18-0,08-06-2021,"Acórdão (RR) número 10890-2016-18-18-0, publicado em 08-06-2021, Tribunal Superior do Trabalho, 4ª turma"
rastreamento,2025-06-06 12:28:43,https://www.lexml.gov.br/urn/urn:lex:br:tribunal.superior.trabalho;turma.3:acordao;ed:2020-10-20;107100-1998-16-2-0,Acórdão do processo Nº ED-AIRR - 107100-58.1998.5.02.0016,urn:lex:br:tribunal.superior.trabalho;turma.3:acordao;ed:2020-10-20;107100-1998-16-2-0,jurisprudence,Brasil,,,,,"Tribunal Superior do Trabalho, 3ª turma",Acórdão (ED) número 107100-1998-16-2-0,20-10-2020,"Acórdão (ED) número 107100-1998-16-2-0, publicado em 20-10-2020, Tribunal Superior do Trabalho, 3ª turma"
rastreamento,2025-06-06 12:28:43,https://www.lexml.gov.br/urn/urn:lex:br:superior.tribunal.justica;turma.2:acordao;aresp:2022-09-27;2076095-2212753,AREsp 2076095 / RS,urn:lex:br:superior.tribunal.justica;turma.2:acordao;aresp:2022-09-27;2076095-2212753,jurisprudence,Brasil,,,,,"Superior Tribunal de Justiça, 2ª turma",Acórdão (ARESP) número 2076095-2212753,27-09-2022,"Acórdão (ARESP) número 2076095-2212753, publicado em 27-09-2022, Superior Tribunal de Justiça, 2ª turma"
rastreamento,2025-06-06 12:28:43,https://www.lexml.gov.br/urn/urn:lex:br:camara.deputados:projeto.lei;pl:2023-05-16;2580,PL 2580/2023,urn:lex:br:camara.deputados:projeto.lei;pl:2023-05-16;2580,legislation,Brasil,,,,,,Projeto.Lei (Pl) Camara.Deputados 2580,16-05-2023,"Projeto.Lei (Pl) Camara.Deputados 2580, promulgada em 16-05-2023, Brasil"
motorização,2025-06-06 12:28:45,https://www.lexml.gov.br/urn/urn:lex:br:federal:decreto:1940-01-15;5131,"Decreto nº 5.131, de 15 de Janeiro de 1940",urn:lex:br:federal:decreto:1940-01-15;5131,legislation,Brasil,,,,,,Decreto Federal 5131,15-01-1940,"Decreto Federal 5131, promulgada em 15-01-1940, Brasil"
motorização,2025-06-06 12:28:45,https://www.lexml.gov.br/urn/urn:lex:br:camara.deputados:projeto.lei;pl:2020-05-06;2427,PL 2427/2020,urn:lex:br:camara.deputados:projeto.lei;pl:2020-05-06;2427,legislation,Brasil,,,,,,Projeto.Lei (Pl) Camara.Deputados 2427,06-05-2020,"Projeto.Lei (Pl) Camara.Deputados 2427, promulgada em 06-05-2020, Brasil"
motorização,2025-06-06 12:28:45,https://www.lexml.gov.br/urn/urn:lex:br:camara.deputados:projeto.lei;pl:2009-03-04;4776,PL 4776/2009,urn:lex:br:camara.deputados:projeto.lei;pl:2009-03-04;4776,legislation,Brasil,,,,,,Projeto.Lei (Pl) Camara.Deputados 4776,04-03-2009,"Projeto.Lei (Pl) Camara.Deputados 4776, promulgada em 04-03-2009, Brasil"
motorização,2025-06-06 12:28:45,https://www.lexml.gov.br/urn/urn:lex:br;distrito.federal:tribunal.justica.distrito.federal.territorios;turma.recursal.juizados.especiais.civeis.criminais.df.2:acordao:2013-01-22;648526,Acórdão nº 648526 do Processo nº20121010059700acj,urn:lex:br;distrito.federal:tribunal.justica.distrito.federal.territorios;turma.recursal.juizados.especiais.civeis.criminais.df.2:acordao:2013-01-22;648526,jurisprudence,Brasil,,,Distrito Federal,,"Tribunal Justica Distrito Federal Territorios, recursal.juizados.especiais.civeis.criminais.df.2ª turma",Acórdão número 648526,22-01-2013,"Acórdão número 648526, publicado em 22-01-2013, Tribunal Justica Distrito Federal Territorios, recursal.juizados.especiais.civeis.criminais.df.2ª turma, Distrito Federal"
motorização,2025-06-06 12:28:45,https://www.lexml.gov.br/urn/urn:lex:br;distrito.federal:tribunal.justica.distrito.federal.territorios;turma.civel.2:acordao:2011-10-26;545571,Acórdão nº 545571 do Processo nº20090910064183apc,urn:lex:br;distrito.federal:tribunal.justica.distrito.federal.territorios;turma.civel.2:acordao:2011-10-26;545571,jurisprudence,Brasil,,,Distrito Federal,,"Tribunal Justica Distrito Federal Territorios, civel.2ª turma",Acórdão número 545571,26-10-2011,"Acórdão número 545571, publicado em 26-10-2011, Tribunal Justica Distrito Federal Territorios, civel.2ª turma, Distrito Federal"
motorização,2025-06-06 12:28:45,https://www.lexml.gov.br/urn/urn:lex:br:superior.tribunal.justica;turma.3:acordao;resp:2014-03-11;1249363-1335784,REsp 1249363 / SP,urn:lex:br:superior.tribunal.justica;turma.3:acordao;resp:2014-03-11;1249363-1335784,jurisprudence,Brasil,,,,,"Superior Tribunal de Justiça, 3ª turma",Acórdão (RESP) número 1249363-1335784,11-03-2014,"Acórdão (RESP) número 1249363-1335784, publicado em 11-03-2014, Superior Tribunal de Justiça, 3ª turma"
motorização,2025-06-06 12:28:45,https://www.lexml.gov.br/urn/urn:lex:br;distrito.federal:tribunal.justica.distrito.federal.territorios;turma.civel.5:acordao:2011-05-04;501492,Acórdão nº 501492 do Processo nº20060110588912apc,urn:lex:br;distrito.federal:tribunal.justica.distrito.federal.territorios;turma.civel.5:acordao:2011-05-04;501492,jurisprudence,Brasil,,,Distrito Federal,,"Tribunal Justica Distrito Federal Territorios, civel.5ª turma",Acórdão número 501492,04-05-2011,"Acórdão número 501492, publicado em 04-05-2011, Tribunal Justica Distrito Federal Territorios, civel.5ª turma, Distrito Federal"
tecnologia veicular,2025-06-06 12:28:50,https://www.lexml.gov.br/urn/urn:lex:br:rede.virtual.bibliotecas:livro:2013;001009491,Inteligência digital,urn:lex:br:rede.virtual.bibliotecas:livro:2013;001009491,legislation,Brasil,,,,,,Livro Rede.Virtual.Bibliotecas 001009491,2013,"Livro Rede.Virtual.Bibliotecas 001009491, promulgada em 2013, Brasil"
tecnologia veicular,2025-06-06 12:28:50,https://www.lexml.gov.br/urn/urn:lex:br:rede.virtual.bibliotecas:artigo.revista:2017;1001108602,O Estado como agente de fomento no atendimento da função social no ambiente urbano,urn:lex:br:rede.virtual.bibliotecas:artigo.revista:2017;1001108602,legislation,Brasil,,,,,,Artigo.Revista Rede.Virtual.Bibliotecas 1001108602,2017,"Artigo.Revista Rede.Virtual.Bibliotecas 1001108602, promulgada em 2017, Brasil"
tecnologia veicular,2025-06-06 12:28:50,https://www.lexml.gov.br/urn/urn:lex:br;minas.gerais:estadual:decreto:2022-06-27;48453,"Decreto nº 48453, de 27 de junho de 2022",urn:lex:br;minas.gerais:estadual:decreto:2022-06-27;48453,legislation,Brasil,Minas Gerais,,,,,Decreto Estadual 48453,27-06-2022,"Decreto Estadual 48453, promulgada em 27-06-2022, Estado de Minas Gerais, Brasil"
tecnologia veicular,2025-06-06 12:28:50,https://www.lexml.gov.br/urn/urn:lex:br;minas.gerais:estadual:decreto:2022-09-23;48511,"Decreto nº 48511, de 23 de setembro de 2022",urn:lex:br;minas.gerais:estadual:decreto:2022-09-23;48511,legislation,Brasil,Minas Gerais,,,,,Decreto Estadual 48511,23-09-2022,"Decreto Estadual 48511, promulgada em 23-09-2022, Estado de Minas Gerais, Brasil"
tecnologia veicular,2025-06-06 12:28:50,https://www.lexml.gov.br/urn/urn:lex:br;minas.gerais:estadual:decreto:2018-02-06;47368,"Decreto nº 47368, de 6 de fevereiro de 2018",urn:lex:br;minas.gerais:estadual:decreto:2018-02-06;47368,legislation,Brasil,Minas Gerais,,,,,Decreto Estadual 47368,06-02-2018,"Decreto Estadual 47368, promulgada em 06-02-2018, Estado de Minas Gerais, Brasil"
tecnologia veicular,2025-06-06 12:28:50,https://www.lexml.gov.br/urn/urn:lex:br;santa.catarina:estadual:lei:2014-06-11;16402,"LEI Nº 16.402, DE 11 DE JUNHO DE 2014",urn:lex:br;santa.catarina:estadual:lei:2014-06-11;16402,legislation,Brasil,Santa Catarina,,,,,Lei Estadual 16402,11-06-2014,"Lei Estadual 16402, promulgada em 11-06-2014, Estado de Santa Catarina, Brasil"
tecnologia veicular,2025-06-06 12:28:50,https://www.lexml.gov.br/urn/urn:lex:br;distrito.federal:tribunal.justica.distrito.federal.territorios;turma.civel.2:acordao:2012-09-26;622830,Acórdão nº 622830 do Processo nº20070111427388apc,urn:lex:br;distrito.federal:tribunal.justica.distrito.federal.territorios;turma.civel.2:acordao:2012-09-26;622830,jurisprudence,Brasil,,,Distrito Federal,,"Tribunal Justica Distrito Federal Territorios, civel.2ª turma",Acórdão número 622830,26-09-2012,"Acórdão número 622830, publicado em 26-09-2012, Tribunal Justica Distrito Federal Territorios, civel.2ª turma, Distrito Federal"
tecnologia veicular,2025-06-06 12:28:50,https://www.lexml.gov.br/urn/urn:lex:br;minas.gerais:estadual:decreto:2022-09-14;48506,"Decreto nº 48506, de 14 de setembro de 2022",urn:lex:br;minas.gerais:estadual:decreto:2022-09-14;48506,legislation,Brasil,Minas Gerais,,,,,Decreto Estadual 48506,14-09-2022,"Decreto Estadual 48506, promulgada em 14-09-2022, Estado de Minas Gerais, Brasil"
tecnologia veicular,2025-06-06 12:28:50,https://www.lexml.gov.br/urn/urn:lex:br:superior.tribunal.justica;turma.1:acordao;ag:2010-06-01;1069662-1032318,AgRg no Ag 1069662 / SP,urn:lex:br:superior.tribunal.justica;turma.1:acordao;ag:2010-06-01;1069662-1032318,jurisprudence,Brasil,,,,,"Superior Tribunal de Justiça, 1ª turma",Acórdão (AG) número 1069662-1032318,01-06-2010,"Acórdão (AG) número 1069662-1032318, publicado em 01-06-2010, Superior Tribunal de Justiça, 1ª turma"
postos de abastecimento,2025-06-06 12:28:52,https://www.lexml.gov.br/urn/urn:lex:br;sao.paulo;campinas:municipal:lei:1996-06-21;8867,"Lei nº 8867, de 21 de Junho de 1996",urn:lex:br;sao.paulo;campinas:municipal:lei:1996-06-21;8867,legislation,Brasil,São Paulo,Campinas,,,,Lei Municipal 8867,21-06-1996,"Lei Municipal 8867, promulgada em 21-06-1996, Município de Campinas, Estado de São Paulo, Brasil"
postos de abastecimento,2025-06-06 12:28:52,https://www.lexml.gov.br/urn/urn:lex:br;minas.gerais;divinopolis:municipal:lei:2008-12-16;6921,"Lei Ordinária n° 6921, de 16 de Dezembro de 2008",urn:lex:br;minas.gerais;divinopolis:municipal:lei:2008-12-16;6921,legislation,Brasil,Minas Gerais,Divinopolis,,,,Lei Municipal 6921,16-12-2008,"Lei Municipal 6921, promulgada em 16-12-2008, Município de Divinopolis, Estado de Minas Gerais, Brasil"
postos de abastecimento,2025-06-06 12:28:52,https://www.lexml.gov.br/urn/urn:lex:br;sao.paulo;campinas:municipal:lei:1995-02-16;8298,"Lei nº 8298, de 16 de Fevereiro de 1995",urn:lex:br;sao.paulo;campinas:municipal:lei:1995-02-16;8298,legislation,Brasil,São Paulo,Campinas,,,,Lei Municipal 8298,16-02-1995,"Lei Municipal 8298, promulgada em 16-02-1995, Município de Campinas, Estado de São Paulo, Brasil"
postos de abastecimento,2025-06-06 12:28:52,https://www.lexml.gov.br/urn/urn:lex:br;minas.gerais;divinopolis:municipal:lei:1997-12-15;4289,"Lei Ordinária n° 4289, de 15 de Dezembro de 1997",urn:lex:br;minas.gerais;divinopolis:municipal:lei:1997-12-15;4289,legislation,Brasil,Minas Gerais,Divinopolis,,,,Lei Municipal 4289,15-12-1997,"Lei Municipal 4289, promulgada em 15-12-1997, Município de Divinopolis, Estado de Minas Gerais, Brasil"
postos de abastecimento,2025-06-06 12:28:52,https://www.lexml.gov.br/urn/urn:lex:br;sao.paulo;campinas:municipal:lei:1992-12-17;7379,"Lei nº 7379, de 17 de Dezembro de 1992",urn:lex:br;sao.paulo;campinas:municipal:lei:1992-12-17;7379,legislation,Brasil,São Paulo,Campinas,,,,Lei Municipal 7379,17-12-1992,"Lei Municipal 7379, promulgada em 17-12-1992, Município de Campinas, Estado de São Paulo, Brasil"
postos de abastecimento,2025-06-06 12:28:52,https://www.lexml.gov.br/urn/urn:lex:br;sao.paulo;campinas:municipal:lei:2002-09-26;11370,"Lei nº 11370, de 26 de Setembro de 2002",urn:lex:br;sao.paulo;campinas:municipal:lei:2002-09-26;11370,legislation,Brasil,São Paulo,Campinas,,,,Lei Municipal 11370,26-09-2002,"Lei Municipal 11370, promulgada em 26-09-2002, Município de Campinas, Estado de São Paulo, Brasil"
postos de abastecimento,2025-06-06 12:28:52,https://www.lexml.gov.br/urn/urn:lex:br;sao.paulo;hortolandia:municipal:lei:1998-05-12;657,"Lei n° 657, de 12 de maio de 1998",urn:lex:br;sao.paulo;hortolandia:municipal:lei:1998-05-12;657,legislation,Brasil,São Paulo,Hortolandia,,,,Lei Municipal 657,12-05-1998,"Lei Municipal 657, promulgada em 12-05-1998, Município de Hortolandia, Estado de São Paulo, Brasil"
postos de abastecimento,2025-06-06 12:28:52,https://www.lexml.gov.br/urn/urn:lex:br:federal:lei:2000-01-12;9956,"Lei nº 9.956, de 12 de Janeiro de 2000",urn:lex:br:federal:lei:2000-01-12;9956,legislation,Brasil,,,,,,Lei Federal 9956,12-01-2000,"Lei Federal 9956, promulgada em 12-01-2000, Brasil"
postos de abastecimento,2025-06-06 12:28:52,https://www.lexml.gov.br/urn/urn:lex:br;distrito.federal:distrital:lei:2014-08-12;5378,"Lei nº 5378, de 12 de agosto de 2014",urn:lex:br;distrito.federal:distrital:lei:2014-08-12;5378,legislation,Brasil,Distrito Federal,,,,,Lei Distrital 5378,12-08-2014,"Lei Distrital 5378, promulgada em 12-08-2014, Estado de Distrito Federal, Brasil"
postos de abastecimento,2025-06-06 12:28:52,https://www.lexml.gov.br/urn/urn:lex:br:federal:decreto.lei:1945-01-16;7249,"Decreto-Lei nº 7.249, de 16 de Janeiro de 1945",urn:lex:br:federal:decreto.lei:1945-01-16;7249,legislation,Brasil,,,,,,Decreto.Lei Federal 7249,16-01-1945,"Decreto.Lei Federal 7249, promulgada em 16-01-1945, Brasil"
postos de abastecimento,2025-06-06 12:28:52,https://www.lexml.gov.br/urn/urn:lex:br;distrito.federal:distrital:lei:1996-07-11;1147,"Lei nº 1147, de 11 de julho de 1996",urn:lex:br;distrito.federal:distrital:lei:1996-07-11;1147,legislation,Brasil,Distrito Federal,,,,,Lei Distrital 1147,11-07-1996,"Lei Distrital 1147, promulgada em 11-07-1996, Estado de Distrito Federal, Brasil"
postos de abastecimento,2025-06-06 12:28:52,https://www.lexml.gov.br/urn/urn:lex:br;distrito.federal:distrital:decreto:2012-04-10;33606,"Decreto nº 33606, de 10 de abril de 2012",urn:lex:br;distrito.federal:distrital:decreto:2012-04-10;33606,legislation,Brasil,Distrito Federal,,,,,Decreto Distrital 33606,10-04-2012,"Decreto Distrital 33606, promulgada em 10-04-2012, Estado de Distrito Federal, Brasil"
postos de abastecimento,2025-06-06 12:28:52,https://www.lexml.gov.br/urn/urn:lex:br;minas.gerais;divinopolis:municipal:lei:2000-08-30;4849,"Lei Ordinária n° 4849, de 30 de Agosto de 2000",urn:lex:br;minas.gerais;divinopolis:municipal:lei:2000-08-30;4849,legislation,Brasil,Minas Gerais,Divinopolis,,,,Lei Municipal 4849,30-08-2000,"Lei Municipal 4849, promulgada em 30-08-2000, Município de Divinopolis, Estado de Minas Gerais, Brasil"
infraestrutura,2025-06-06 12:28:54,https://www.lexml.gov.br/urn/urn:lex:br:congresso.nacional:medida.provisoria;mpv:2021-03-05;1035,MPV 1035/2021,urn:lex:br:congresso.nacional:medida.provisoria;mpv:2021-03-05;1035,legislation,Brasil,,,,,,Medida Provisória (MPV) Federal 1035,05-03-2021,"Medida Provisória (MPV) Federal 1035, promulgada em 05-03-2021, Brasil"
infraestrutura,2025-06-06 12:28:54,https://www.lexml.gov.br/urn/urn:lex:br:congresso.nacional:projeto.lei;pln:2019;49,[ Projeto de Lei do Congresso Nacional nº 49/2019 ],urn:lex:br:congresso.nacional:projeto.lei;pln:2019;49,legislation,Brasil,,,,,,Projeto.Lei (Pln) Federal 49,2019,"Projeto.Lei (Pln) Federal 49, promulgada em 2019, Brasil"
infraestrutura,2025-06-06 12:28:54,https://www.lexml.gov.br/urn/urn:lex:br:congresso.nacional:medida.provisoria;mpv:2019-05-03;882,MPV 882/2019,urn:lex:br:congresso.nacional:medida.provisoria;mpv:2019-05-03;882,legislation,Brasil,,,,,,Medida Provisória (MPV) Federal 882,03-05-2019,"Medida Provisória (MPV) Federal 882, promulgada em 03-05-2019, Brasil"
infraestrutura,2025-06-06 12:28:54,https://www.lexml.gov.br/urn/urn:lex:br:congresso.nacional:medida.provisoria;mpv:2020-05-08;963,MPV 963/2020,urn:lex:br:congresso.nacional:medida.provisoria;mpv:2020-05-08;963,legislation,Brasil,,,,,,Medida Provisória (MPV) Federal 963,08-05-2020,"Medida Provisória (MPV) Federal 963, promulgada em 08-05-2020, Brasil"
infraestrutura,2025-06-06 12:28:54,https://www.lexml.gov.br/urn/urn:lex:br:congresso.nacional:projeto.lei;pln:2021;44,[ Projeto de Lei do Congresso Nacional nº 44/2021 ],urn:lex:br:congresso.nacional:projeto.lei;pln:2021;44,legislation,Brasil,,,,,,Projeto.Lei (Pln) Federal 44,2021,"Projeto.Lei (Pln) Federal 44, promulgada em 2021, Brasil"
infraestrutura,2025-06-06 12:28:54,https://www.lexml.gov.br/urn/urn:lex:br:congresso.nacional:medida.provisoria;mpv:2023-12-29;1204,MPV 1204/2023,urn:lex:br:congresso.nacional:medida.provisoria;mpv:2023-12-29;1204,legislation,Brasil,,,,,,Medida Provisória (MPV) Federal 1204,29-12-2023,"Medida Provisória (MPV) Federal 1204, promulgada em 29-12-2023, Brasil"
infraestrutura,2025-06-06 12:28:54,https://www.lexml.gov.br/urn/urn:lex:br:congresso.nacional:projeto.lei;pln:2019;42,[ Projeto de Lei do Congresso Nacional nº 42/2019 ],urn:lex:br:congresso.nacional:projeto.lei;pln:2019;42,legislation,Brasil,,,,,,Projeto.Lei (Pln) Federal 42,2019,"Projeto.Lei (Pln) Federal 42, promulgada em 2019, Brasil"
infraestrutura,2025-06-06 12:28:54,https://www.lexml.gov.br/urn/urn:lex:br:congresso.nacional:projeto.lei;pln:2020;22,[ Projeto de Lei do Congresso Nacional nº 22/2020 ],urn:lex:br:congresso.nacional:projeto.lei;pln:2020;22,legislation,Brasil,,,,,,Projeto.Lei (Pln) Federal 22,2020,"Projeto.Lei (Pln) Federal 22, promulgada em 2020, Brasil"
infraestrutura,2025-06-06 12:28:54,https://www.lexml.gov.br/urn/urn:lex:br:congresso.nacional:medida.provisoria;mpv:2024;1278,[ Medida Provisória nº 1278/2024 ],urn:lex:br:congresso.nacional:medida.provisoria;mpv:2024;1278,legislation,Brasil,,,,,,Medida Provisória (MPV) Federal 1278,2024,"Medida Provisória (MPV) Federal 1278, promulgada em 2024, Brasil"
infraestrutura,2025-06-06 12:28:54,https://www.lexml.gov.br/urn/urn:lex:br:congresso.nacional:medida.provisoria;mpv:2024;1243,[ Medida Provisória nº 1243/2024 ],urn:lex:br:congresso.nacional:medida.provisoria;mpv:2024;1243,legislation,Brasil,,,,,,Medida Provisória (MPV) Federal 1243,2024,"Medida Provisória (MPV) Federal 1243, promulgada em 2024, Brasil"
infraestrutura,2025-06-06 12:28:54,https://www.lexml.gov.br/urn/urn:lex:br:congresso.nacional:medida.provisoria;mpv:2024;1252,[ Medida Provisória nº 1252/2024 ],urn:lex:br:congresso.nacional:medida.provisoria;mpv:2024;1252,legislation,Brasil,,,,,,Medida Provisória (MPV) Federal 1252,2024,"Medida Provisória (MPV) Federal 1252, promulgada em 2024, Brasil"
infraestrutura,2025-06-06 12:28:54,https://www.lexml.gov.br/urn/urn:lex:br:congresso.nacional:medida.provisoria;mpv:2024;1282,[ Medida Provisória nº 1282/2024 ],urn:lex:br:congresso.nacional:medida.provisoria;mpv:2024;1282,legislation,Brasil,,,,,,Medida Provisória (MPV) Federal 1282,2024,"Medida Provisória (MPV) Federal 1282, promulgada em 2024, Brasil"
infraestrutura,2025-06-06 12:28:54,https://www.lexml.gov.br/urn/urn:lex:br:congresso.nacional:medida.provisoria;mpv:2024;1275,[ Medida Provisória nº 1275/2024 ],urn:lex:br:congresso.nacional:medida.provisoria;mpv:2024;1275,legislation,Brasil,,,,,,Medida Provisória (MPV) Federal 1275,2024,"Medida Provisória (MPV) Federal 1275, promulgada em 2024, Brasil"
combustíveis alternativos,2025-06-06 12:28:56,https://www.lexml.gov.br/urn/urn:lex:br:agencia.nacional.energia.eletrica:resolucao.autorizativa:2021-08-27;10422,"RESOLUÇÃO AUTORIZATIVA nº 10422, de 27/08/2021",urn:lex:br:agencia.nacional.energia.eletrica:resolucao.autorizativa:2021-08-27;10422,legislation,Brasil,,,,,,Resolucao.Autorizativa Agencia.Nacional.Energia.Eletrica 10422,27-08-2021,"Resolucao.Autorizativa Agencia.Nacional.Energia.Eletrica 10422, promulgada em 27-08-2021, Brasil"
combustíveis alternativos,2025-06-06 12:28:56,https://www.lexml.gov.br/urn/urn:lex:br;minas.gerais:estadual:decreto:2009-05-22;45106,"Decreto nº 45106, de 22 de maio de 2009",urn:lex:br;minas.gerais:estadual:decreto:2009-05-22;45106,legislation,Brasil,Minas Gerais,,,,,Decreto Estadual 45106,22-05-2009,"Decreto Estadual 45106, promulgada em 22-05-2009, Estado de Minas Gerais, Brasil"
combustíveis alternativos,2025-06-06 12:28:56,https://www.lexml.gov.br/urn/urn:lex:br;minas.gerais:estadual:decreto:2006-07-04;44345,"Decreto nº 44345, de 4 de julho de 2006",urn:lex:br;minas.gerais:estadual:decreto:2006-07-04;44345,legislation,Brasil,Minas Gerais,,,,,Decreto Estadual 44345,04-07-2006,"Decreto Estadual 44345, promulgada em 04-07-2006, Estado de Minas Gerais, Brasil"
combustíveis alternativos,2025-06-06 12:28:56,https://www.lexml.gov.br/urn/urn:lex:br;distrito.federal:distrital:decreto:1980-03-13;5140,"Decreto nº 5140, de 13 de março de 1980",urn:lex:br;distrito.federal:distrital:decreto:1980-03-13;5140,legislation,Brasil,Distrito Federal,,,,,Decreto Distrital 5140,13-03-1980,"Decreto Distrital 5140, promulgada em 13-03-1980, Estado de Distrito Federal, Brasil"
combustíveis alternativos,2025-06-06 12:28:56,https://www.lexml.gov.br/urn/urn:lex:br;minas.gerais:estadual:lei:2006-01-13;15976,"Lei nº 15976, de 13 de janeiro de 2006",urn:lex:br;minas.gerais:estadual:lei:2006-01-13;15976,legislation,Brasil,Minas Gerais,,,,,Lei Estadual 15976,13-01-2006,"Lei Estadual 15976, promulgada em 13-01-2006, Estado de Minas Gerais, Brasil"
combustíveis alternativos,2025-06-06 12:28:56,https://www.lexml.gov.br/urn/urn:lex:br:rede.virtual.bibliotecas:artigo.revista:2012;1000977131,Reflexões sobre a regulação jurídica da produção de etanol da cana-de-açúcar no Brasil,urn:lex:br:rede.virtual.bibliotecas:artigo.revista:2012;1000977131,legislation,Brasil,,,,,,Artigo.Revista Rede.Virtual.Bibliotecas 1000977131,2012,"Artigo.Revista Rede.Virtual.Bibliotecas 1000977131, promulgada em 2012, Brasil"
combustíveis alternativos,2025-06-06 12:28:56,https://www.lexml.gov.br/urn/urn:lex:br:agencia.nacional.energia.eletrica:resolucao.homologatoria:2012-09-28;1363,"RESOLUÇÃO HOMOLOGATÓRIA nº 1363, de 28/09/2012",urn:lex:br:agencia.nacional.energia.eletrica:resolucao.homologatoria:2012-09-28;1363,legislation,Brasil,,,,,,Resolucao.Homologatoria Agencia.Nacional.Energia.Eletrica 1363,28-09-2012,"Resolucao.Homologatoria Agencia.Nacional.Energia.Eletrica 1363, promulgada em 28-09-2012, Brasil"
combustíveis alternativos,2025-06-06 12:28:56,https://www.lexml.gov.br/urn/urn:lex:br:federal:decreto:2009-07-14;6897,"Decreto nº 6.897, de 14 de Julho de 2009",urn:lex:br:federal:decreto:2009-07-14;6897,legislation,Brasil,,,,,,Decreto Federal 6897,14-07-2009,"Decreto Federal 6897, promulgada em 14-07-2009, Brasil"
combustíveis alternativos,2025-06-06 12:28:56,https://www.lexml.gov.br/urn/urn:lex:br:federal:decreto:2008-07-15;seq-sf-6,Decreto de 15/07/2008 ( seq-sf: 6 ),urn:lex:br:federal:decreto:2008-07-15;seq-sf-6,legislation,Brasil,,,,,,Decreto Federal seq-sf-6,15-07-2008,"Decreto Federal seq-sf-6, promulgada em 15-07-2008, Brasil"
combustíveis alternativos,2025-06-06 12:28:56,https://www.lexml.gov.br/urn/urn:lex:br:federal:decreto.legislativo:2009-11-20;897,Decreto Legislativo nº 897 de 20/11/2009,urn:lex:br:federal:decreto.legislativo:2009-11-20;897,legislation,Brasil,,,,,,Decreto.Legislativo Federal 897,20-11-2009,"Decreto.Legislativo Federal 897, promulgada em 20-11-2009, Brasil"
combustíveis alternativos,2025-06-06 12:28:56,https://www.lexml.gov.br/urn/urn:lex:br:federal:decreto.legislativo:2009-03-30;43,Decreto Legislativo nº 43 de 30/03/2009,urn:lex:br:federal:decreto.legislativo:2009-03-30;43,legislation,Brasil,,,,,,Decreto.Legislativo Federal 43,30-03-2009,"Decreto.Legislativo Federal 43, promulgada em 30-03-2009, Brasil"
combustíveis alternativos,2025-06-06 12:28:56,https://www.lexml.gov.br/urn/urn:lex:br:federal:decreto.legislativo:2009-05-14;173,Decreto Legislativo nº 173 de 14/05/2009,urn:lex:br:federal:decreto.legislativo:2009-05-14;173,legislation,Brasil,,,,,,Decreto.Legislativo Federal 173,14-05-2009,"Decreto.Legislativo Federal 173, promulgada em 14-05-2009, Brasil"
combustíveis alternativos,2025-06-06 12:28:56,https://www.lexml.gov.br/urn/urn:lex:br:agencia.nacional.energia.eletrica:resolucao.homologatoria:2012-09-28;1359,"RESOLUÇÃO HOMOLOGATÓRIA nº 1359, de 28/09/2012",urn:lex:br:agencia.nacional.energia.eletrica:resolucao.homologatoria:2012-09-28;1359,legislation,Brasil,,,,,,Resolucao.Homologatoria Agencia.Nacional.Energia.Eletrica 1359,28-09-2012,"Resolucao.Homologatoria Agencia.Nacional.Energia.Eletrica 1359, promulgada em 28-09-2012, Brasil"
combustíveis alternativos,2025-06-06 12:28:56,https://www.lexml.gov.br/urn/urn:lex:br:federal:decreto:1982-04-02;87079,"Decreto nº 87.079, de 2 de Abril de 1982",urn:lex:br:federal:decreto:1982-04-02;87079,legislation,Brasil,,,,,,Decreto Federal 87079,02-04-1982,"Decreto Federal 87079, promulgada em 02-04-1982, Brasil"
combustíveis alternativos,2025-06-06 12:28:56,https://www.lexml.gov.br/urn/urn:lex:br:rede.virtual.bibliotecas:livro:2013;000965330,Consequências jurídico-tributárias do desvio das receitas de contribuições,urn:lex:br:rede.virtual.bibliotecas:livro:2013;000965330,legislation,Brasil,,,,,,Livro Rede.Virtual.Bibliotecas 000965330,2013,"Livro Rede.Virtual.Bibliotecas 000965330, promulgada em 2013, Brasil"
combustíveis alternativos,2025-06-06 12:28:56,https://www.lexml.gov.br/urn/urn:lex:br:agencia.nacional.energia.eletrica:resolucao.homologatoria:2012-09-28;1360,"RESOLUÇÃO HOMOLOGATÓRIA nº 1360, de 28/09/2012",urn:lex:br:agencia.nacional.energia.eletrica:resolucao.homologatoria:2012-09-28;1360,legislation,Brasil,,,,,,Resolucao.Homologatoria Agencia.Nacional.Energia.Eletrica 1360,28-09-2012,"Resolucao.Homologatoria Agencia.Nacional.Energia.Eletrica 1360, promulgada em 28-09-2012, Brasil"
combustíveis alternativos,2025-06-06 12:28:56,https://www.lexml.gov.br/urn/urn:lex:br:federal:decreto:2009-09-29;6965,"Decreto nº 6.965, de 29 de Setembro de 2009",urn:lex:br:federal:decreto:2009-09-29;6965,legislation,Brasil,,,,,,Decreto Federal 6965,29-09-2009,"Decreto Federal 6965, promulgada em 29-09-2009, Brasil"
combustíveis alternativos,2025-06-06 12:28:56,https://www.lexml.gov.br/urn/urn:lex:br:agencia.nacional.energia.eletrica:resolucao.homologatoria:2013-05-16;1529,"RESOLUÇÃO HOMOLOGATÓRIA nº 1529, de 16/05/2013",urn:lex:br:agencia.nacional.energia.eletrica:resolucao.homologatoria:2013-05-16;1529,legislation,Brasil,,,,,,Resolucao.Homologatoria Agencia.Nacional.Energia.Eletrica 1529,16-05-2013,"Resolucao.Homologatoria Agencia.Nacional.Energia.Eletrica 1529, promulgada em 16-05-2013, Brasil"
terminais de carga,2025-06-06 12:28:59,https://www.lexml.gov.br/urn/urn:lex:br;sao.paulo;campinas:municipal:decreto:1986-11-11;8976,"Decreto nº 8976, de 11 de Novembro de 1986",urn:lex:br;sao.paulo;campinas:municipal:decreto:1986-11-11;8976,legislation,Brasil,São Paulo,Campinas,,,,Decreto Municipal 8976,11-11-1986,"Decreto Municipal 8976, promulgada em 11-11-1986, Município de Campinas, Estado de São Paulo, Brasil"
terminais de carga,2025-06-06 12:28:59,https://www.lexml.gov.br/urn/urn:lex:br;sao.paulo;campinas:municipal:decreto:1986-07-04;8847,"Decreto nº 8847, de 04 de Julho de 1986",urn:lex:br;sao.paulo;campinas:municipal:decreto:1986-07-04;8847,legislation,Brasil,São Paulo,Campinas,,,,Decreto Municipal 8847,04-07-1986,"Decreto Municipal 8847, promulgada em 04-07-1986, Município de Campinas, Estado de São Paulo, Brasil"
terminais de carga,2025-06-06 12:28:59,https://www.lexml.gov.br/urn/urn:lex:br;sao.paulo;campinas:municipal:decreto:1985-07-25;8545,"Decreto nº 8545, de 25 de Julho de 1985",urn:lex:br;sao.paulo;campinas:municipal:decreto:1985-07-25;8545,legislation,Brasil,São Paulo,Campinas,,,,Decreto Municipal 8545,25-07-1985,"Decreto Municipal 8545, promulgada em 25-07-1985, Município de Campinas, Estado de São Paulo, Brasil"
terminais de carga,2025-06-06 12:28:59,https://www.lexml.gov.br/urn/urn:lex:br;sao.paulo;campinas:municipal:decreto:1988-03-22;9471,"Decreto nº 9471, de 22 de Março de 1988",urn:lex:br;sao.paulo;campinas:municipal:decreto:1988-03-22;9471,legislation,Brasil,São Paulo,Campinas,,,,Decreto Municipal 9471,22-03-1988,"Decreto Municipal 9471, promulgada em 22-03-1988, Município de Campinas, Estado de São Paulo, Brasil"
terminais de carga,2025-06-06 12:28:59,https://www.lexml.gov.br/urn/urn:lex:br;sao.paulo;campinas:municipal:decreto:1987-06-16;9183,"Decreto nº 9183, de 16 de Junho de 1987",urn:lex:br;sao.paulo;campinas:municipal:decreto:1987-06-16;9183,legislation,Brasil,São Paulo,Campinas,,,,Decreto Municipal 9183,16-06-1987,"Decreto Municipal 9183, promulgada em 16-06-1987, Município de Campinas, Estado de São Paulo, Brasil"
terminais de carga,2025-06-06 12:28:59,https://www.lexml.gov.br/urn/urn:lex:br;sao.paulo;campinas:municipal:decreto:1987-05-12;9154,"Decreto nº 9154, de 12 de Maio de 1987",urn:lex:br;sao.paulo;campinas:municipal:decreto:1987-05-12;9154,legislation,Brasil,São Paulo,Campinas,,,,Decreto Municipal 9154,12-05-1987,"Decreto Municipal 9154, promulgada em 12-05-1987, Município de Campinas, Estado de São Paulo, Brasil"
terminais de carga,2025-06-06 12:28:59,https://www.lexml.gov.br/urn/urn:lex:br;sao.paulo;campinas:municipal:lei:1988-12-23;6030,"Lei nº 6030, de 23 de Dezembro de 1988",urn:lex:br;sao.paulo;campinas:municipal:lei:1988-12-23;6030,legislation,Brasil,São Paulo,Campinas,,,,Lei Municipal 6030,23-12-1988,"Lei Municipal 6030, promulgada em 23-12-1988, Município de Campinas, Estado de São Paulo, Brasil"
terminais de carga,2025-06-06 12:28:59,https://www.lexml.gov.br/urn/urn:lex:br;sao.paulo;campinas:municipal:decreto:1984-11-22;8280,"Decreto nº 8280, de 22 de Novembro de 1984",urn:lex:br;sao.paulo;campinas:municipal:decreto:1984-11-22;8280,legislation,Brasil,São Paulo,Campinas,,,,Decreto Municipal 8280,22-11-1984,"Decreto Municipal 8280, promulgada em 22-11-1984, Município de Campinas, Estado de São Paulo, Brasil"
terminais de carga,2025-06-06 12:28:59,https://www.lexml.gov.br/urn/urn:lex:br;sao.paulo;campinas:municipal:decreto:2000-07-26;13414,"Decreto nº 13414, de 26 de Julho de 2000",urn:lex:br;sao.paulo;campinas:municipal:decreto:2000-07-26;13414,legislation,Brasil,São Paulo,Campinas,,,,Decreto Municipal 13414,26-07-2000,"Decreto Municipal 13414, promulgada em 26-07-2000, Município de Campinas, Estado de São Paulo, Brasil"
terminais de carga,2025-06-06 12:28:59,https://www.lexml.gov.br/urn/urn:lex:br;sao.paulo;campinas:municipal:decreto:1988-08-12;9589,"Decreto nº 9589, de 12 de Agosto de 1988",urn:lex:br;sao.paulo;campinas:municipal:decreto:1988-08-12;9589,legislation,Brasil,São Paulo,Campinas,,,,Decreto Municipal 9589,12-08-1988,"Decreto Municipal 9589, promulgada em 12-08-1988, Município de Campinas, Estado de São Paulo, Brasil"
terminais de carga,2025-06-06 12:28:59,https://www.lexml.gov.br/urn/urn:lex:br;sao.paulo;campinas:municipal:lei:1996-09-27;8963,"Lei nº 8963, de 27 de Setembro de 1996",urn:lex:br;sao.paulo;campinas:municipal:lei:1996-09-27;8963,legislation,Brasil,São Paulo,Campinas,,,,Lei Municipal 8963,27-09-1996,"Lei Municipal 8963, promulgada em 27-09-1996, Município de Campinas, Estado de São Paulo, Brasil"
centros de distribuição,2025-06-06 12:29:01,https://www.lexml.gov.br/urn/urn:lex:br:superior.tribunal.justica;turma.2:acordao;resp:2013-08-06;1109298-1311457,EDcl nos EDcl no REsp 1109298 / RS,urn:lex:br:superior.tribunal.justica;turma.2:acordao;resp:2013-08-06;1109298-1311457,jurisprudence,Brasil,,,,,"Superior Tribunal de Justiça, 2ª turma",Acórdão (RESP) número 1109298-1311457,06-08-2013,"Acórdão (RESP) número 1109298-1311457, publicado em 06-08-2013, Superior Tribunal de Justiça, 2ª turma"
centros de distribuição,2025-06-06 12:29:01,https://www.lexml.gov.br/urn/urn:lex:br;minas.gerais:estadual:decreto:1981-06-03;21339,"Decreto nº 21339, de 3 de junho de 1981",urn:lex:br;minas.gerais:estadual:decreto:1981-06-03;21339,legislation,Brasil,Minas Gerais,,,,,Decreto Estadual 21339,03-06-1981,"Decreto Estadual 21339, promulgada em 03-06-1981, Estado de Minas Gerais, Brasil"
centros de distribuição,2025-06-06 12:29:01,https://www.lexml.gov.br/urn/urn:lex:br:agencia.nacional.energia.eletrica:resolucao.homologatoria:2013-12-20;1664,"RESOLUÇÃO HOMOLOGATÓRIA nº 1664, de 20/12/2013",urn:lex:br:agencia.nacional.energia.eletrica:resolucao.homologatoria:2013-12-20;1664,legislation,Brasil,,,,,,Resolucao.Homologatoria Agencia.Nacional.Energia.Eletrica 1664,20-12-2013,"Resolucao.Homologatoria Agencia.Nacional.Energia.Eletrica 1664, promulgada em 20-12-2013, Brasil"
centros de distribuição,2025-06-06 12:29:01,https://www.lexml.gov.br/urn/urn:lex:br;minas.gerais:estadual:decreto:1976-01-15;17709,"Decreto nº 17709, de 15 de janeiro de 1976",urn:lex:br;minas.gerais:estadual:decreto:1976-01-15;17709,legislation,Brasil,Minas Gerais,,,,,Decreto Estadual 17709,15-01-1976,"Decreto Estadual 17709, promulgada em 15-01-1976, Estado de Minas Gerais, Brasil"
centros de distribuição,2025-06-06 12:29:01,https://www.lexml.gov.br/urn/urn:lex:br;minas.gerais:estadual:decreto:1978-05-11;19183,"Decreto nº 19183, de 11 de maio de 1978",urn:lex:br;minas.gerais:estadual:decreto:1978-05-11;19183,legislation,Brasil,Minas Gerais,,,,,Decreto Estadual 19183,11-05-1978,"Decreto Estadual 19183, promulgada em 11-05-1978, Estado de Minas Gerais, Brasil"
centros de distribuição,2025-06-06 12:29:01,https://www.lexml.gov.br/urn/urn:lex:br;sao.paulo;campinas:municipal:decreto:2007-07-20;15908,"Decreto nº 15908, de 20 de Julho de 2007",urn:lex:br;sao.paulo;campinas:municipal:decreto:2007-07-20;15908,legislation,Brasil,São Paulo,Campinas,,,,Decreto Municipal 15908,20-07-2007,"Decreto Municipal 15908, promulgada em 20-07-2007, Município de Campinas, Estado de São Paulo, Brasil"
centros de distribuição,2025-06-06 12:29:01,https://www.lexml.gov.br/urn/urn:lex:br:agencia.nacional.energia.eletrica:resolucao:1998-04-30;132,"RESOLUÇÃO nº 132, de 30/04/1998",urn:lex:br:agencia.nacional.energia.eletrica:resolucao:1998-04-30;132,legislation,Brasil,,,,,,Resolução Agencia.Nacional.Energia.Eletrica 132,30-04-1998,"Resolução Agencia.Nacional.Energia.Eletrica 132, promulgada em 30-04-1998, Brasil"
centros de distribuição,2025-06-06 12:29:01,https://www.lexml.gov.br/urn/urn:lex:br;sao.paulo;campinas:municipal:decreto:2004-07-02;14796,"Decreto nº 14796, de 02 de Julho de 2004",urn:lex:br;sao.paulo;campinas:municipal:decreto:2004-07-02;14796,legislation,Brasil,São Paulo,Campinas,,,,Decreto Municipal 14796,02-07-2004,"Decreto Municipal 14796, promulgada em 02-07-2004, Município de Campinas, Estado de São Paulo, Brasil"
centros de distribuição,2025-06-06 12:29:01,https://www.lexml.gov.br/urn/urn:lex:br:agencia.nacional.energia.eletrica:resolucao.homologatoria:2021-12-21;2997,"RESOLUÇÃO HOMOLOGATÓRIA nº 2997, de 21/12/2021",urn:lex:br:agencia.nacional.energia.eletrica:resolucao.homologatoria:2021-12-21;2997,legislation,Brasil,,,,,,Resolucao.Homologatoria Agencia.Nacional.Energia.Eletrica 2997,21-12-2021,"Resolucao.Homologatoria Agencia.Nacional.Energia.Eletrica 2997, promulgada em 21-12-2021, Brasil"
centros de distribuição,2025-06-06 12:29:01,https://www.lexml.gov.br/urn/urn:lex:br:agencia.nacional.energia.eletrica:resolucao.homologatoria:2016-12-01;2178,"RESOLUÇÃO HOMOLOGATÓRIA nº 2178, de 01/12/2016",urn:lex:br:agencia.nacional.energia.eletrica:resolucao.homologatoria:2016-12-01;2178,legislation,Brasil,,,,,,Resolucao.Homologatoria Agencia.Nacional.Energia.Eletrica 2178,01-12-2016,"Resolucao.Homologatoria Agencia.Nacional.Energia.Eletrica 2178, promulgada em 01-12-2016, Brasil"
centros de distribuição,2025-06-06 12:29:01,https://www.lexml.gov.br/urn/urn:lex:br:agencia.nacional.energia.eletrica:resolucao.homologatoria:2015-12-18;2012,"RESOLUÇÃO HOMOLOGATÓRIA nº 2012, de 18/12/2015",urn:lex:br:agencia.nacional.energia.eletrica:resolucao.homologatoria:2015-12-18;2012,legislation,Brasil,,,,,,Resolucao.Homologatoria Agencia.Nacional.Energia.Eletrica 2012,18-12-2015,"Resolucao.Homologatoria Agencia.Nacional.Energia.Eletrica 2012, promulgada em 18-12-2015, Brasil"
centros de distribuição,2025-06-06 12:29:01,https://www.lexml.gov.br/urn/urn:lex:br;sao.paulo;campinas:municipal:lei:2007-05-07;12928,"Lei nº 12928, de 07 de Maio de 2007",urn:lex:br;sao.paulo;campinas:municipal:lei:2007-05-07;12928,legislation,Brasil,São Paulo,Campinas,,,,Lei Municipal 12928,07-05-2007,"Lei Municipal 12928, promulgada em 07-05-2007, Município de Campinas, Estado de São Paulo, Brasil"
centros de distribuição,2025-06-06 12:29:01,https://www.lexml.gov.br/urn/urn:lex:br:agencia.nacional.energia.eletrica:resolucao.autorizativa:2008-06-20;1412,"RESOLUÇÃO AUTORIZATIVA nº 1412, de 20/06/2008",urn:lex:br:agencia.nacional.energia.eletrica:resolucao.autorizativa:2008-06-20;1412,legislation,Brasil,,,,,,Resolucao.Autorizativa Agencia.Nacional.Energia.Eletrica 1412,20-06-2008,"Resolucao.Autorizativa Agencia.Nacional.Energia.Eletrica 1412, promulgada em 20-06-2008, Brasil"
centros de distribuição,2025-06-06 12:29:01,https://www.lexml.gov.br/urn/urn:lex:br;minas.gerais:estadual:decreto:2007-09-25;44622,"Decreto nº 44622, de 25 de setembro de 2007",urn:lex:br;minas.gerais:estadual:decreto:2007-09-25;44622,legislation,Brasil,Minas Gerais,,,,,Decreto Estadual 44622,25-09-2007,"Decreto Estadual 44622, promulgada em 25-09-2007, Estado de Minas Gerais, Brasil"
centros de distribuição,2025-06-06 12:29:01,https://www.lexml.gov.br/urn/urn:lex:br:agencia.nacional.energia.eletrica:resolucao.homologatoria:2014-04-03;1695,"RESOLUÇÃO HOMOLOGATÓRIA nº 1695, de 03/04/2014",urn:lex:br:agencia.nacional.energia.eletrica:resolucao.homologatoria:2014-04-03;1695,legislation,Brasil,,,,,,Resolucao.Homologatoria Agencia.Nacional.Energia.Eletrica 1695,03-04-2014,"Resolucao.Homologatoria Agencia.Nacional.Energia.Eletrica 1695, promulgada em 03-04-2014, Brasil"
centros de distribuição,2025-06-06 12:29:01,https://www.lexml.gov.br/urn/urn:lex:br:agencia.nacional.energia.eletrica:resolucao.homologatoria:2020-11-30;2804,"RESOLUÇÃO HOMOLOGATÓRIA nº 2804, de 30/11/2020",urn:lex:br:agencia.nacional.energia.eletrica:resolucao.homologatoria:2020-11-30;2804,legislation,Brasil,,,,,,Resolucao.Homologatoria Agencia.Nacional.Energia.Eletrica 2804,30-11-2020,"Resolucao.Homologatoria Agencia.Nacional.Energia.Eletrica 2804, promulgada em 30-11-2020, Brasil"
centros de distribuição,2025-06-06 12:29:01,https://www.lexml.gov.br/urn/urn:lex:br:agencia.nacional.energia.eletrica:resolucao.homologatoria:2017-12-13;2355,"RESOLUÇÃO HOMOLOGATÓRIA nº 2355, de 13/12/2017",urn:lex:br:agencia.nacional.energia.eletrica:resolucao.homologatoria:2017-12-13;2355,legislation,Brasil,,,,,,Resolucao.Homologatoria Agencia.Nacional.Energia.Eletrica 2355,13-12-2017,"Resolucao.Homologatoria Agencia.Nacional.Energia.Eletrica 2355, promulgada em 13-12-2017, Brasil"
centros de distribuição,2025-06-06 12:29:01,https://www.lexml.gov.br/urn/urn:lex:br:agencia.nacional.energia.eletrica:resolucao.autorizativa:2007-12-28;1166,"RESOLUÇÃO AUTORIZATIVA nº 1166, de 28/12/2007",urn:lex:br:agencia.nacional.energia.eletrica:resolucao.autorizativa:2007-12-28;1166,legislation,Brasil,,,,,,Resolucao.Autorizativa Agencia.Nacional.Energia.Eletrica 1166,28-12-2007,"Resolucao.Autorizativa Agencia.Nacional.Energia.Eletrica 1166, promulgada em 28-12-2007, Brasil"
armazéns,2025-06-06 12:29:03,https://www.lexml.gov.br/urn/urn:lex:br;santa.catarina;armazem:municipal:lei:2010-06-23;1408,"Lei nº 1408 de, 23 de Junho de 2010",urn:lex:br;santa.catarina;armazem:municipal:lei:2010-06-23;1408,legislation,Brasil,Santa Catarina,Armazem,,,,Lei Municipal 1408,23-06-2010,"Lei Municipal 1408, promulgada em 23-06-2010, Município de Armazem, Estado de Santa Catarina, Brasil"
armazéns,2025-06-06 12:29:03,https://www.lexml.gov.br/urn/urn:lex:br;santa.catarina:estadual:lei:2004-12-20;13226,"Lei nº 13.226, de 20 de dezembro de 2004",urn:lex:br;santa.catarina:estadual:lei:2004-12-20;13226,legislation,Brasil,Santa Catarina,,,,,Lei Estadual 13226,20-12-2004,"Lei Estadual 13226, promulgada em 20-12-2004, Estado de Santa Catarina, Brasil"
armazéns,2025-06-06 12:29:03,https://www.lexml.gov.br/urn/urn:lex:br;santa.catarina:estadual:lei:1980-12-22;5844,"Lei nº 5844, de 22 de dezembro de 1980",urn:lex:br;santa.catarina:estadual:lei:1980-12-22;5844,legislation,Brasil,Santa Catarina,,,,,Lei Estadual 5844,22-12-1980,"Lei Estadual 5844, promulgada em 22-12-1980, Estado de Santa Catarina, Brasil"
armazéns,2025-06-06 12:29:03,https://www.lexml.gov.br/urn/urn:lex:br:federal:decreto:1959-03-16;45574,"Decreto nº 45.574, de 16 de Março de 1959",urn:lex:br:federal:decreto:1959-03-16;45574,legislation,Brasil,,,,,,Decreto Federal 45574,16-03-1959,"Decreto Federal 45574, promulgada em 16-03-1959, Brasil"
armazéns,2025-06-06 12:29:03,https://www.lexml.gov.br/urn/urn:lex:br:federal:lei:1937-09-21;507,"Lei nº 507, de 21 de Setembro de 1937",urn:lex:br:federal:lei:1937-09-21;507,legislation,Brasil,,,,,,Lei Federal 507,21-09-1937,"Lei Federal 507, promulgada em 21-09-1937, Brasil"
armazéns,2025-06-06 12:29:03,https://www.lexml.gov.br/urn/urn:lex:br;santa.catarina:estadual:lei:1968-05-21;4164,"Lei nº 4164, de 21 de maio de 1968",urn:lex:br;santa.catarina:estadual:lei:1968-05-21;4164,legislation,Brasil,Santa Catarina,,,,,Lei Estadual 4164,21-05-1968,"Lei Estadual 4164, promulgada em 21-05-1968, Estado de Santa Catarina, Brasil"
armazéns,2025-06-06 12:29:03,https://www.lexml.gov.br/urn/urn:lex:br;santa.catarina:estadual:lei:1998-01-08;10683,"Lei nº 10.683, de 8 de janeiro de 1998",urn:lex:br;santa.catarina:estadual:lei:1998-01-08;10683,legislation,Brasil,Santa Catarina,,,,,Lei Estadual 10683,08-01-1998,"Lei Estadual 10683, promulgada em 08-01-1998, Estado de Santa Catarina, Brasil"
CONTRAN,2025-06-06 12:29:08,https://www.lexml.gov.br/urn/urn:lex:br:federal:decreto:1997-09-23;2327,"Decreto nº 2.327, de 23 de Setembro de 1997",urn:lex:br:federal:decreto:1997-09-23;2327,legislation,Brasil,,,,,,Decreto Federal 2327,23-09-1997,"Decreto Federal 2327, promulgada em 23-09-1997, Brasil"
CONTRAN,2025-06-06 12:29:08,https://www.lexml.gov.br/urn/urn:lex:br;distrito.federal:tribunal.justica.distrito.federal.territorios;turma.civel.4:acordao:2008-02-07;295728,Acórdão nº 295728 do Processo nº20060110496363apc,urn:lex:br;distrito.federal:tribunal.justica.distrito.federal.territorios;turma.civel.4:acordao:2008-02-07;295728,jurisprudence,Brasil,,,Distrito Federal,,"Tribunal Justica Distrito Federal Territorios, civel.4ª turma",Acórdão número 295728,07-02-2008,"Acórdão número 295728, publicado em 07-02-2008, Tribunal Justica Distrito Federal Territorios, civel.4ª turma, Distrito Federal"
CONTRAN,2025-06-06 12:29:08,https://www.lexml.gov.br/urn/urn:lex:br;distrito.federal:tribunal.justica.distrito.federal.territorios;turma.civel.6:acordao:2008-03-26;299964,Acórdão nº 299964 do Processo nº20050110999303apc,urn:lex:br;distrito.federal:tribunal.justica.distrito.federal.territorios;turma.civel.6:acordao:2008-03-26;299964,jurisprudence,Brasil,,,Distrito Federal,,"Tribunal Justica Distrito Federal Territorios, civel.6ª turma",Acórdão número 299964,26-03-2008,"Acórdão número 299964, publicado em 26-03-2008, Tribunal Justica Distrito Federal Territorios, civel.6ª turma, Distrito Federal"
CONTRAN,2025-06-06 12:29:08,https://www.lexml.gov.br/urn/urn:lex:br;distrito.federal:tribunal.justica.distrito.federal.territorios;turma.civel.6:acordao:2010-09-15;449688,Acórdão nº 449688 do Processo nº20050111414462apc,urn:lex:br;distrito.federal:tribunal.justica.distrito.federal.territorios;turma.civel.6:acordao:2010-09-15;449688,jurisprudence,Brasil,,,Distrito Federal,,"Tribunal Justica Distrito Federal Territorios, civel.6ª turma",Acórdão número 449688,15-09-2010,"Acórdão número 449688, publicado em 15-09-2010, Tribunal Justica Distrito Federal Territorios, civel.6ª turma, Distrito Federal"
CONTRAN,2025-06-06 12:29:08,https://www.lexml.gov.br/urn/urn:lex:br:superior.tribunal.justica;turma.1:acordao;resp:1996-06-13;69789-126646,REsp 69789 / DF,urn:lex:br:superior.tribunal.justica;turma.1:acordao;resp:1996-06-13;69789-126646,jurisprudence,Brasil,,,,,"Superior Tribunal de Justiça, 1ª turma",Acórdão (RESP) número 69789-126646,13-06-1996,"Acórdão (RESP) número 69789-126646, publicado em 13-06-1996, Superior Tribunal de Justiça, 1ª turma"
CONTRAN,2025-06-06 12:29:08,https://www.lexml.gov.br/urn/urn:lex:br;distrito.federal:tribunal.justica.distrito.federal.territorios;turma.civel.6:acordao:2005-03-28;211514,Acórdão nº 211514 do Processo nº20030110854122apc,urn:lex:br;distrito.federal:tribunal.justica.distrito.federal.territorios;turma.civel.6:acordao:2005-03-28;211514,jurisprudence,Brasil,,,Distrito Federal,,"Tribunal Justica Distrito Federal Territorios, civel.6ª turma",Acórdão número 211514,28-03-2005,"Acórdão número 211514, publicado em 28-03-2005, Tribunal Justica Distrito Federal Territorios, civel.6ª turma, Distrito Federal"
CONTRAN,2025-06-06 12:29:08,https://www.lexml.gov.br/urn/urn:lex:br;distrito.federal:tribunal.justica.distrito.federal.territorios;turma.civel.6:acordao:2011-04-27;500367,Acórdão nº 500367 do Processo nº20060110062394apc,urn:lex:br;distrito.federal:tribunal.justica.distrito.federal.territorios;turma.civel.6:acordao:2011-04-27;500367,jurisprudence,Brasil,,,Distrito Federal,,"Tribunal Justica Distrito Federal Territorios, civel.6ª turma",Acórdão número 500367,27-04-2011,"Acórdão número 500367, publicado em 27-04-2011, Tribunal Justica Distrito Federal Territorios, civel.6ª turma, Distrito Federal"
CONTRAN,2025-06-06 12:29:08,https://www.lexml.gov.br/urn/urn:lex:br;distrito.federal:tribunal.justica.distrito.federal.territorios;turma.civel.6:acordao:2007-08-22;280139,Acórdão nº 280139 do Processo nº20050111414438apc,urn:lex:br;distrito.federal:tribunal.justica.distrito.federal.territorios;turma.civel.6:acordao:2007-08-22;280139,jurisprudence,Brasil,,,Distrito Federal,,"Tribunal Justica Distrito Federal Territorios, civel.6ª turma",Acórdão número 280139,22-08-2007,"Acórdão número 280139, publicado em 22-08-2007, Tribunal Justica Distrito Federal Territorios, civel.6ª turma, Distrito Federal"
CONTRAN,2025-06-06 12:29:08,https://www.lexml.gov.br/urn/urn:lex:br;distrito.federal:tribunal.justica.distrito.federal.territorios;turma.civel.6:acordao:2007-10-10;285650,Acórdão nº 285650 do Processo nº20070110012780apc,urn:lex:br;distrito.federal:tribunal.justica.distrito.federal.territorios;turma.civel.6:acordao:2007-10-10;285650,jurisprudence,Brasil,,,Distrito Federal,,"Tribunal Justica Distrito Federal Territorios, civel.6ª turma",Acórdão número 285650,10-10-2007,"Acórdão número 285650, publicado em 10-10-2007, Tribunal Justica Distrito Federal Territorios, civel.6ª turma, Distrito Federal"
CONTRAN,2025-06-06 12:29:08,https://www.lexml.gov.br/urn/urn:lex:br;distrito.federal:tribunal.justica.distrito.federal.territorios;turma.civel.3:acordao:2008-04-16;302500,Acórdão nº 302500 do Processo nº20040111264124apc,urn:lex:br;distrito.federal:tribunal.justica.distrito.federal.territorios;turma.civel.3:acordao:2008-04-16;302500,jurisprudence,Brasil,,,Distrito Federal,,"Tribunal Justica Distrito Federal Territorios, civel.3ª turma",Acórdão número 302500,16-04-2008,"Acórdão número 302500, publicado em 16-04-2008, Tribunal Justica Distrito Federal Territorios, civel.3ª turma, Distrito Federal"
CONTRAN,2025-06-06 12:29:08,https://www.lexml.gov.br/urn/urn:lex:br;distrito.federal:tribunal.justica.distrito.federal.territorios;turma.criminal.2:acordao:2010-07-15;435975,Acórdão nº 435975 do Processo nº20091010014780apr,urn:lex:br;distrito.federal:tribunal.justica.distrito.federal.territorios;turma.criminal.2:acordao:2010-07-15;435975,jurisprudence,Brasil,,,Distrito Federal,,"Tribunal Justica Distrito Federal Territorios, criminal.2ª turma",Acórdão número 435975,15-07-2010,"Acórdão número 435975, publicado em 15-07-2010, Tribunal Justica Distrito Federal Territorios, criminal.2ª turma, Distrito Federal"
CONTRAN,2025-06-06 12:29:08,https://www.lexml.gov.br/urn/urn:lex:br;distrito.federal:tribunal.justica.distrito.federal.territorios;turma.civel.4:acordao:2005-04-14;212787,Acórdão nº 212787 do Processo nº20030110396513apc,urn:lex:br;distrito.federal:tribunal.justica.distrito.federal.territorios;turma.civel.4:acordao:2005-04-14;212787,jurisprudence,Brasil,,,Distrito Federal,,"Tribunal Justica Distrito Federal Territorios, civel.4ª turma",Acórdão número 212787,14-04-2005,"Acórdão número 212787, publicado em 14-04-2005, Tribunal Justica Distrito Federal Territorios, civel.4ª turma, Distrito Federal"
CONTRAN,2025-06-06 12:29:08,https://www.lexml.gov.br/urn/urn:lex:br;distrito.federal:tribunal.justica.distrito.federal.territorios;turma.civel.6:acordao:2005-09-01;225413,Acórdão nº 225413 do Processo nº20050110191908apc,urn:lex:br;distrito.federal:tribunal.justica.distrito.federal.territorios;turma.civel.6:acordao:2005-09-01;225413,jurisprudence,Brasil,,,Distrito Federal,,"Tribunal Justica Distrito Federal Territorios, civel.6ª turma",Acórdão número 225413,01-09-2005,"Acórdão número 225413, publicado em 01-09-2005, Tribunal Justica Distrito Federal Territorios, civel.6ª turma, Distrito Federal"
ANTT,2025-06-06 12:29:10,https://www.lexml.gov.br/urn/urn:lex:br:federal:decreto:2002-02-13;4130,"Decreto nº 4.130, de 13 de Fevereiro de 2002",urn:lex:br:federal:decreto:2002-02-13;4130,legislation,Brasil,,,,,,Decreto Federal 4130,13-02-2002,"Decreto Federal 4130, promulgada em 13-02-2002, Brasil"
ANTT,2025-06-06 12:29:10,https://www.lexml.gov.br/urn/urn:lex:br:federal:decreto:2012-03-20;7703,"Decreto nº 7.703, de 20 de Março de 2012",urn:lex:br:federal:decreto:2012-03-20;7703,legislation,Brasil,,,,,,Decreto Federal 7703,20-03-2012,"Decreto Federal 7703, promulgada em 20-03-2012, Brasil"
ANTT,2025-06-06 12:29:10,https://www.lexml.gov.br/urn/urn:lex:br:ministerio.planejamento.orcamento.gestao:portaria:2005-12-29;414,Portaria nº 414 de 29-12-2005,urn:lex:br:ministerio.planejamento.orcamento.gestao:portaria:2005-12-29;414,legislation,Brasil,,,,,,Portaria Ministerio.Planejamento.Orcamento.Gestao 414,29-12-2005,"Portaria Ministerio.Planejamento.Orcamento.Gestao 414, promulgada em 29-12-2005, Brasil"
ANTT,2025-06-06 12:29:10,https://www.lexml.gov.br/urn/urn:lex:br:ministerio.planejamento.orcamento.gestao:portaria:2004-11-22;296,Portaria nº 296 de 22-11-2004,urn:lex:br:ministerio.planejamento.orcamento.gestao:portaria:2004-11-22;296,legislation,Brasil,,,,,,Portaria Ministerio.Planejamento.Orcamento.Gestao 296,22-11-2004,"Portaria Ministerio.Planejamento.Orcamento.Gestao 296, promulgada em 22-11-2004, Brasil"
ANTT,2025-06-06 12:29:10,https://www.lexml.gov.br/urn/urn:lex:br:ministerio.planejamento.orcamento.gestao:portaria:2013-10-21;369,Portaria nº 369 de 21-10-2013,urn:lex:br:ministerio.planejamento.orcamento.gestao:portaria:2013-10-21;369,legislation,Brasil,,,,,,Portaria Ministerio.Planejamento.Orcamento.Gestao 369,21-10-2013,"Portaria Ministerio.Planejamento.Orcamento.Gestao 369, promulgada em 21-10-2013, Brasil"
ANTT,2025-06-06 12:29:10,https://www.lexml.gov.br/urn/urn:lex:br:federal:decreto.legislativo:2024-02-29;1,Decreto Legislativo nº 1 de 29/02/2024,urn:lex:br:federal:decreto.legislativo:2024-02-29;1,legislation,Brasil,,,,,,Decreto.Legislativo Federal 1,29-02-2024,"Decreto.Legislativo Federal 1, promulgada em 29-02-2024, Brasil"
ANTT,2025-06-06 12:29:10,https://www.lexml.gov.br/urn/urn:lex:br:tribunal.contas.uniao;plenario:acordao:2005-08-31;1316,ACÓRDÃO TCU 1316/2005,urn:lex:br:tribunal.contas.uniao;plenario:acordao:2005-08-31;1316,jurisprudence,Brasil,,,,,"Tribunal Contas Uniao, Plenario",Acórdão número 1316,31-08-2005,"Acórdão número 1316, publicado em 31-08-2005, Tribunal Contas Uniao, Plenario"
ANTT,2025-06-06 12:29:10,https://www.lexml.gov.br/urn/urn:lex:br:rede.virtual.bibliotecas:livro:2005;000733662,Coletânea de legislação básica,urn:lex:br:rede.virtual.bibliotecas:livro:2005;000733662,legislation,Brasil,,,,,,Livro Rede.Virtual.Bibliotecas 000733662,2005,"Livro Rede.Virtual.Bibliotecas 000733662, promulgada em 2005, Brasil"
ANTT,2025-06-06 12:29:10,https://www.lexml.gov.br/urn/urn:lex:br:tribunal.contas.uniao;plenario:acordao:2004-12-01;1933,ACÓRDÃO TCU 1933/2004,urn:lex:br:tribunal.contas.uniao;plenario:acordao:2004-12-01;1933,jurisprudence,Brasil,,,,,"Tribunal Contas Uniao, Plenario",Acórdão número 1933,01-12-2004,"Acórdão número 1933, publicado em 01-12-2004, Tribunal Contas Uniao, Plenario"
ANTT,2025-06-06 12:29:10,https://www.lexml.gov.br/urn/urn:lex:br:superior.tribunal.justica;turma.2:acordao;resp:2024-06-10;2111400-2445754,AgInt no REsp 2111400 / ES,urn:lex:br:superior.tribunal.justica;turma.2:acordao;resp:2024-06-10;2111400-2445754,jurisprudence,Brasil,,,,,"Superior Tribunal de Justiça, 2ª turma",Acórdão (RESP) número 2111400-2445754,10-06-2024,"Acórdão (RESP) número 2111400-2445754, publicado em 10-06-2024, Superior Tribunal de Justiça, 2ª turma"
ANTT,2025-06-06 12:29:10,https://www.lexml.gov.br/urn/urn:lex:br:federal:decreto:2013-08-26;8083,"Decreto nº 8.083, de 26 de Agosto de 2013",urn:lex:br:federal:decreto:2013-08-26;8083,legislation,Brasil,,,,,,Decreto Federal 8083,26-08-2013,"Decreto Federal 8083, promulgada em 26-08-2013, Brasil"
ANTT,2025-06-06 12:29:10,https://www.lexml.gov.br/urn/urn:lex:br;distrito.federal:tribunal.justica.distrito.federal.territorios;turma.civel.5:acordao:2008-03-12;298050,Acórdão nº 298050 do Processo nº20070111258217apc,urn:lex:br;distrito.federal:tribunal.justica.distrito.federal.territorios;turma.civel.5:acordao:2008-03-12;298050,jurisprudence,Brasil,,,Distrito Federal,,"Tribunal Justica Distrito Federal Territorios, civel.5ª turma",Acórdão número 298050,12-03-2008,"Acórdão número 298050, publicado em 12-03-2008, Tribunal Justica Distrito Federal Territorios, civel.5ª turma, Distrito Federal"
ANTT,2025-06-06 12:29:10,https://www.lexml.gov.br/urn/urn:lex:br:superior.tribunal.justica;turma.2:acordao;resp:2018-05-08;1708181-1780365,REsp 1708181 / RJ,urn:lex:br:superior.tribunal.justica;turma.2:acordao;resp:2018-05-08;1708181-1780365,jurisprudence,Brasil,,,,,"Superior Tribunal de Justiça, 2ª turma",Acórdão (RESP) número 1708181-1780365,08-05-2018,"Acórdão (RESP) número 1708181-1780365, publicado em 08-05-2018, Superior Tribunal de Justiça, 2ª turma"
ANTT,2025-06-06 12:29:10,https://www.lexml.gov.br/urn/urn:lex:br:superior.tribunal.justica;turma.2:acordao;aresp:2023-03-27;2174577-2270166,AgInt no AREsp 2174577 / RJ,urn:lex:br:superior.tribunal.justica;turma.2:acordao;aresp:2023-03-27;2174577-2270166,jurisprudence,Brasil,,,,,"Superior Tribunal de Justiça, 2ª turma",Acórdão (ARESP) número 2174577-2270166,27-03-2023,"Acórdão (ARESP) número 2174577-2270166, publicado em 27-03-2023, Superior Tribunal de Justiça, 2ª turma"
ANTT,2025-06-06 12:29:10,https://www.lexml.gov.br/urn/urn:lex:br:tribunal.contas.uniao;plenario:acordao:2004-12-15;2067,ACÓRDÃO TCU 2067/2004,urn:lex:br:tribunal.contas.uniao;plenario:acordao:2004-12-15;2067,jurisprudence,Brasil,,,,,"Tribunal Contas Uniao, Plenario",Acórdão número 2067,15-12-2004,"Acórdão número 2067, publicado em 15-12-2004, Tribunal Contas Uniao, Plenario"
ANTT,2025-06-06 12:29:10,https://www.lexml.gov.br/urn/urn:lex:br:tribunal.contas.uniao;plenario:acordao:2004-11-03;1703,ACÓRDÃO TCU 1703/2004,urn:lex:br:tribunal.contas.uniao;plenario:acordao:2004-11-03;1703,jurisprudence,Brasil,,,,,"Tribunal Contas Uniao, Plenario",Acórdão número 1703,03-11-2004,"Acórdão número 1703, publicado em 03-11-2004, Tribunal Contas Uniao, Plenario"
registro transportador,2025-06-06 12:29:12,https://www.lexml.gov.br/urn/urn:lex:br:federal:decreto:1987-03-26;94148,"Decreto nº 94.148, de 26 de Março de 1987",urn:lex:br:federal:decreto:1987-03-26;94148,legislation,Brasil,,,,,,Decreto Federal 94148,26-03-1987,"Decreto Federal 94148, promulgada em 26-03-1987, Brasil"
registro transportador,2025-06-06 12:29:12,https://www.lexml.gov.br/urn/urn:lex:br:federal:decreto:1984-06-28;89874,"Decreto nº 89.874, de 28 de Junho de 1984",urn:lex:br:federal:decreto:1984-06-28;89874,legislation,Brasil,,,,,,Decreto Federal 89874,28-06-1984,"Decreto Federal 89874, promulgada em 28-06-1984, Brasil"
registro transportador,2025-06-06 12:29:12,https://www.lexml.gov.br/urn/urn:lex:br;justica.trabalho;regiao.16:tribunal.regional.trabalho;tribunal.pleno:acordao:2007-11-20;0095000-42.2006.5.16.0003,ACORDÃO TRT 16ª / Tribunal Pleno / RO 0095000-42.2006.5.16.0003,urn:lex:br;justica.trabalho;regiao.16:tribunal.regional.trabalho;tribunal.pleno:acordao:2007-11-20;0095000-42.2006.5.16.0003,jurisprudence,Brasil,,,Justiça do Trabalho,16ª região,"Tribunal Regional do Trabalho, Tribunal Pleno",Acórdão número 0095000-42.2006.5.16.0003,20-11-2007,"Acórdão número 0095000-42.2006.5.16.0003, publicado em 20-11-2007, Tribunal Regional do Trabalho, Tribunal Pleno, da 16ª região, Justiça do Trabalho"
registro transportador,2025-06-06 12:29:12,https://www.lexml.gov.br/urn/urn:lex:br:federal:lei:1983-04-19;7092,"Lei nº 7.092, de 19 de Abril de 1983",urn:lex:br:federal:lei:1983-04-19;7092,legislation,Brasil,,,,,,Lei Federal 7092,19-04-1983,"Lei Federal 7092, promulgada em 19-04-1983, Brasil"
registro transportador,2025-06-06 12:29:12,https://www.lexml.gov.br/urn/urn:lex:br:federal:decreto:1990-08-24;99471,"Decreto nº 99.471, de 24 de Agosto de 1990",urn:lex:br:federal:decreto:1990-08-24;99471,legislation,Brasil,,,,,,Decreto Federal 99471,24-08-1990,"Decreto Federal 99471, promulgada em 24-08-1990, Brasil"
registro transportador,2025-06-06 12:29:12,https://www.lexml.gov.br/urn/urn:lex:br;justica.trabalho;regiao.16:tribunal.regional.trabalho;turma.2:acordao:2011-12-13;0092700-97.2008.5.16.0016,ACORDÃO TRT 16ª / 2ª Turma / RO 0092700-97.2008.5.16.0016,urn:lex:br;justica.trabalho;regiao.16:tribunal.regional.trabalho;turma.2:acordao:2011-12-13;0092700-97.2008.5.16.0016,jurisprudence,Brasil,,,Justiça do Trabalho,16ª região,"Tribunal Regional do Trabalho, 2ª turma",Acórdão número 0092700-97.2008.5.16.0016,13-12-2011,"Acórdão número 0092700-97.2008.5.16.0016, publicado em 13-12-2011, Tribunal Regional do Trabalho, 2ª turma, da 16ª região, Justiça do Trabalho"
registro transportador,2025-06-06 12:29:12,https://www.lexml.gov.br/urn/urn:lex:br:rede.virtual.bibliotecas:capitulo.livro:2004;1000742310,O fenômeno turístico,urn:lex:br:rede.virtual.bibliotecas:capitulo.livro:2004;1000742310,legislation,Brasil,,,,,,Capitulo.Livro Rede.Virtual.Bibliotecas 1000742310,2004,"Capitulo.Livro Rede.Virtual.Bibliotecas 1000742310, promulgada em 2004, Brasil"
registro transportador,2025-06-06 12:29:12,https://www.lexml.gov.br/urn/urn:lex:br;justica.trabalho;regiao.3:tribunal.regional.trabalho;turma.2:acordao:2022-05-11;0010368-78.2021.5.03.0081,Acórdão PJe TRT 3ª / Segunda Turma / 2022-05-11,urn:lex:br;justica.trabalho;regiao.3:tribunal.regional.trabalho;turma.2:acordao:2022-05-11;0010368-78.2021.5.03.0081,jurisprudence,Brasil,,,Justiça do Trabalho,3ª região,"Tribunal Regional do Trabalho, 2ª turma",Acórdão número 0010368-78.2021.5.03.0081,11-05-2022,"Acórdão número 0010368-78.2021.5.03.0081, publicado em 11-05-2022, Tribunal Regional do Trabalho, 2ª turma, da 3ª região, Justiça do Trabalho"
registro transportador,2025-06-06 12:29:12,https://www.lexml.gov.br/urn/urn:lex:br;justica.trabalho;regiao.3:tribunal.regional.trabalho;turma.5:acordao:2002-02-05;ro0116199,Acórdão TRT 3ª / Quinta Turma / 2002-02-05,urn:lex:br;justica.trabalho;regiao.3:tribunal.regional.trabalho;turma.5:acordao:2002-02-05;ro0116199,jurisprudence,Brasil,,,Justiça do Trabalho,3ª região,"Tribunal Regional do Trabalho, 5ª turma",Acórdão número ro0116199,05-02-2002,"Acórdão número ro0116199, publicado em 05-02-2002, Tribunal Regional do Trabalho, 5ª turma, da 3ª região, Justiça do Trabalho"
registro transportador,2025-06-06 12:29:12,https://www.lexml.gov.br/urn/urn:lex:br;justica.trabalho;regiao.3:tribunal.regional.trabalho;turma.2:acordao:2005-02-22;00760-2004-100-03-00-0,Acórdão TRT 3ª / Segunda Turma / 2005-02-22,urn:lex:br;justica.trabalho;regiao.3:tribunal.regional.trabalho;turma.2:acordao:2005-02-22;00760-2004-100-03-00-0,jurisprudence,Brasil,,,Justiça do Trabalho,3ª região,"Tribunal Regional do Trabalho, 2ª turma",Acórdão número 00760-2004-100-03-00-0,22-02-2005,"Acórdão número 00760-2004-100-03-00-0, publicado em 22-02-2005, Tribunal Regional do Trabalho, 2ª turma, da 3ª região, Justiça do Trabalho"
registro transportador,2025-06-06 12:29:12,https://www.lexml.gov.br/urn/urn:lex:br:superior.tribunal.justica;turma.1:acordao;resp:1995-09-18;54387-98531,REsp 54387 / RJ,urn:lex:br:superior.tribunal.justica;turma.1:acordao;resp:1995-09-18;54387-98531,jurisprudence,Brasil,,,,,"Superior Tribunal de Justiça, 1ª turma",Acórdão (RESP) número 54387-98531,18-09-1995,"Acórdão (RESP) número 54387-98531, publicado em 18-09-1995, Superior Tribunal de Justiça, 1ª turma"
registro transportador,2025-06-06 12:29:12,https://www.lexml.gov.br/urn/urn:lex:br;justica.trabalho;regiao.3:tribunal.regional.trabalho;turma.10:acordao:2011-04-12;0000445-16.2010.5.03.0145,Acórdão TRT 3ª / Decima Turma / 2011-04-12,urn:lex:br;justica.trabalho;regiao.3:tribunal.regional.trabalho;turma.10:acordao:2011-04-12;0000445-16.2010.5.03.0145,jurisprudence,Brasil,,,Justiça do Trabalho,3ª região,"Tribunal Regional do Trabalho, 10ª turma",Acórdão número 0000445-16.2010.5.03.0145,12-04-2011,"Acórdão número 0000445-16.2010.5.03.0145, publicado em 12-04-2011, Tribunal Regional do Trabalho, 10ª turma, da 3ª região, Justiça do Trabalho"
registro transportador,2025-06-06 12:29:12,https://www.lexml.gov.br/urn/urn:lex:br:superior.tribunal.justica;turma.1:acordao;resp:1999-05-04;203815-273653,REsp 203815 / RJ,urn:lex:br:superior.tribunal.justica;turma.1:acordao;resp:1999-05-04;203815-273653,jurisprudence,Brasil,,,,,"Superior Tribunal de Justiça, 1ª turma",Acórdão (RESP) número 203815-273653,04-05-1999,"Acórdão (RESP) número 203815-273653, publicado em 04-05-1999, Superior Tribunal de Justiça, 1ª turma"
registro transportador,2025-06-06 12:29:12,https://www.lexml.gov.br/urn/urn:lex:br;distrito.federal:distrital:lei:1993-01-07;407,"Lei nº 407, de 07 de janeiro de 1993",urn:lex:br;distrito.federal:distrital:lei:1993-01-07;407,legislation,Brasil,Distrito Federal,,,,,Lei Distrital 407,07-01-1993,"Lei Distrital 407, promulgada em 07-01-1993, Estado de Distrito Federal, Brasil"
registro transportador,2025-06-06 12:29:12,https://www.lexml.gov.br/urn/urn:lex:br:federal:decreto:1974-03-14;73845,"Decreto nº 73.845, de 14 de Março de 1974",urn:lex:br:federal:decreto:1974-03-14;73845,legislation,Brasil,,,,,,Decreto Federal 73845,14-03-1974,"Decreto Federal 73845, promulgada em 14-03-1974, Brasil"
registro transportador,2025-06-06 12:29:12,https://www.lexml.gov.br/urn/urn:lex:br;justica.trabalho;regiao.3:tribunal.regional.trabalho;turma.3:acordao:2020-10-16;0010067-95.2018.5.03.0030,Acórdão PJe TRT 3ª / Terceira Turma / 2020-10-16,urn:lex:br;justica.trabalho;regiao.3:tribunal.regional.trabalho;turma.3:acordao:2020-10-16;0010067-95.2018.5.03.0030,jurisprudence,Brasil,,,Justiça do Trabalho,3ª região,"Tribunal Regional do Trabalho, 3ª turma",Acórdão número 0010067-95.2018.5.03.0030,16-10-2020,"Acórdão número 0010067-95.2018.5.03.0030, publicado em 16-10-2020, Tribunal Regional do Trabalho, 3ª turma, da 3ª região, Justiça do Trabalho"
registro transportador,2025-06-06 12:29:12,https://www.lexml.gov.br/urn/urn:lex:br:tribunal.superior.trabalho;turma.1:acordao;rr:2015-09-16;481-2012-444-2-0,Acórdão do processo Nº RR-AIRR - 481-90.2012.5.02.0444,urn:lex:br:tribunal.superior.trabalho;turma.1:acordao;rr:2015-09-16;481-2012-444-2-0,jurisprudence,Brasil,,,,,"Tribunal Superior do Trabalho, 1ª turma",Acórdão (RR) número 481-2012-444-2-0,16-09-2015,"Acórdão (RR) número 481-2012-444-2-0, publicado em 16-09-2015, Tribunal Superior do Trabalho, 1ª turma"
registro transportador,2025-06-06 12:29:12,https://www.lexml.gov.br/urn/urn:lex:br:camara.deputados:projeto.lei;pl:2006-09-05;7452,PL 7452/2006,urn:lex:br:camara.deputados:projeto.lei;pl:2006-09-05;7452,legislation,Brasil,,,,,,Projeto.Lei (Pl) Camara.Deputados 7452,05-09-2006,"Projeto.Lei (Pl) Camara.Deputados 7452, promulgada em 05-09-2006, Brasil"
registro transportador,2025-06-06 12:29:12,"https://www.lexml.gov.br/urn/urn:lex:br:conselho.administrativo.recursos.fiscais;secao.julgamento.3;turma.especial.2:acordao:2012-04-26;3802-000.933,4753656",Acórdão nº 3802-000.933 do Processo 10907.001494/2008-55,"urn:lex:br:conselho.administrativo.recursos.fiscais;secao.julgamento.3;turma.especial.2:acordao:2012-04-26;3802-000.933,4753656",jurisprudence,Brasil,,,,,"Conselho Administrativo Recursos Fiscais, Secao Julgamento 3","Acórdão número 3802-000.933,4753656",26-04-2012,"Acórdão número 3802-000.933,4753656, publicado em 26-04-2012, Conselho Administrativo Recursos Fiscais, Secao Julgamento 3"
RNTRC,2025-06-06 12:29:20,https://www.lexml.gov.br/urn/urn:lex:br:camara.deputados:projeto.decreto.legislativo;pdc:2009-06-30;1664,PDC 1664/2009,urn:lex:br:camara.deputados:projeto.decreto.legislativo;pdc:2009-06-30;1664,legislation,Brasil,,,,,,Projeto.Decreto.Legislativo (Pdc) Camara.Deputados 1664,30-06-2009,"Projeto.Decreto.Legislativo (Pdc) Camara.Deputados 1664, promulgada em 30-06-2009, Brasil"
RNTRC,2025-06-06 12:29:20,https://www.lexml.gov.br/urn/urn:lex:br:camara.deputados:projeto.decreto.legislativo;pdc:2010-07-07;2828,PDC 2828/2010,urn:lex:br:camara.deputados:projeto.decreto.legislativo;pdc:2010-07-07;2828,legislation,Brasil,,,,,,Projeto.Decreto.Legislativo (Pdc) Camara.Deputados 2828,07-07-2010,"Projeto.Decreto.Legislativo (Pdc) Camara.Deputados 2828, promulgada em 07-07-2010, Brasil"
RNTRC,2025-06-06 12:29:20,https://www.lexml.gov.br/urn/urn:lex:br:tribunal.superior.trabalho;turma.1:acordao;ag:2021-09-15;978-2012-291-4-0,Acórdão do processo Nº Ag-RR - 978-24.2012.5.04.0291,urn:lex:br:tribunal.superior.trabalho;turma.1:acordao;ag:2021-09-15;978-2012-291-4-0,jurisprudence,Brasil,,,,,"Tribunal Superior do Trabalho, 1ª turma",Acórdão (AG) número 978-2012-291-4-0,15-09-2021,"Acórdão (AG) número 978-2012-291-4-0, publicado em 15-09-2021, Tribunal Superior do Trabalho, 1ª turma"
RNTRC,2025-06-06 12:29:20,https://www.lexml.gov.br/urn/urn:lex:br:tribunal.superior.trabalho;turma.3:acordao;airr:2021-09-29;11323-2017-7-15-0,Acórdão do processo Nº AIRR - 11323-46.2017.5.15.0007,urn:lex:br:tribunal.superior.trabalho;turma.3:acordao;airr:2021-09-29;11323-2017-7-15-0,jurisprudence,Brasil,,,,,"Tribunal Superior do Trabalho, 3ª turma",Acórdão (AIRR) número 11323-2017-7-15-0,29-09-2021,"Acórdão (AIRR) número 11323-2017-7-15-0, publicado em 29-09-2021, Tribunal Superior do Trabalho, 3ª turma"
RNTRC,2025-06-06 12:29:20,https://www.lexml.gov.br/urn/urn:lex:br:tribunal.superior.trabalho;turma.5:acordao;rr:2017-05-24;1364-2012-802-4-0,Acórdão do processo Nº RR - 1364-73.2012.5.04.0802,urn:lex:br:tribunal.superior.trabalho;turma.5:acordao;rr:2017-05-24;1364-2012-802-4-0,jurisprudence,Brasil,,,,,"Tribunal Superior do Trabalho, 5ª turma",Acórdão (RR) número 1364-2012-802-4-0,24-05-2017,"Acórdão (RR) número 1364-2012-802-4-0, publicado em 24-05-2017, Tribunal Superior do Trabalho, 5ª turma"
segurança veicular,2025-06-06 12:29:22,https://www.lexml.gov.br/urn/urn:lex:br;distrito.federal:distrital:decreto:1992-01-16;13727,"Decreto nº 13727, de 16 de janeiro de 1992",urn:lex:br;distrito.federal:distrital:decreto:1992-01-16;13727,legislation,Brasil,Distrito Federal,,,,,Decreto Distrital 13727,16-01-1992,"Decreto Distrital 13727, promulgada em 16-01-1992, Estado de Distrito Federal, Brasil"
segurança veicular,2025-06-06 12:29:22,https://www.lexml.gov.br/urn/urn:lex:br:supremo.tribunal.federal;turma.1:acordao;ms:2012-05-29;30926-4156078,MS 30926 / PE - PERNAMBUCO,urn:lex:br:supremo.tribunal.federal;turma.1:acordao;ms:2012-05-29;30926-4156078,jurisprudence,Brasil,,,,,"Supremo Tribunal Federal, 1ª turma",Acórdão (MS) número 30926-4156078,29-05-2012,"Acórdão (MS) número 30926-4156078, publicado em 29-05-2012, Supremo Tribunal Federal, 1ª turma"
segurança veicular,2025-06-06 12:29:22,https://www.lexml.gov.br/urn/urn:lex:br;distrito.federal:distrital:decreto:1993-12-22;15355,"Decreto nº 15355, de 22 de dezembro de 1993",urn:lex:br;distrito.federal:distrital:decreto:1993-12-22;15355,legislation,Brasil,Distrito Federal,,,,,Decreto Distrital 15355,22-12-1993,"Decreto Distrital 15355, promulgada em 22-12-1993, Estado de Distrito Federal, Brasil"
segurança veicular,2025-06-06 12:29:22,https://www.lexml.gov.br/urn/urn:lex:br:supremo.tribunal.federal;turma.2:acordao;ms:2011-12-06;30061-3999083,MS 30061 / DF - DISTRITO FEDERAL,urn:lex:br:supremo.tribunal.federal;turma.2:acordao;ms:2011-12-06;30061-3999083,jurisprudence,Brasil,,,,,"Supremo Tribunal Federal, 2ª turma",Acórdão (MS) número 30061-3999083,06-12-2011,"Acórdão (MS) número 30061-3999083, publicado em 06-12-2011, Supremo Tribunal Federal, 2ª turma"
segurança veicular,2025-06-06 12:29:22,https://www.lexml.gov.br/urn/urn:lex:br:superior.tribunal.justica;turma.2:acordao;rms:2023-09-18;71279-2343447,AgInt no RMS 71279 / MS,urn:lex:br:superior.tribunal.justica;turma.2:acordao;rms:2023-09-18;71279-2343447,jurisprudence,Brasil,,,,,"Superior Tribunal de Justiça, 2ª turma",Acórdão (RMS) número 71279-2343447,18-09-2023,"Acórdão (RMS) número 71279-2343447, publicado em 18-09-2023, Superior Tribunal de Justiça, 2ª turma"
segurança veicular,2025-06-06 12:29:22,https://www.lexml.gov.br/urn/urn:lex:br:supremo.tribunal.federal;plenario:acordao;ms:1957-09-09;4503-1423458,MS 4503 / SP - SÃO PAULO,urn:lex:br:supremo.tribunal.federal;plenario:acordao;ms:1957-09-09;4503-1423458,jurisprudence,Brasil,,,,,"Supremo Tribunal Federal, Plenario",Acórdão (MS) número 4503-1423458,09-09-1957,"Acórdão (MS) número 4503-1423458, publicado em 09-09-1957, Supremo Tribunal Federal, Plenario"
segurança veicular,2025-06-06 12:29:22,https://www.lexml.gov.br/urn/urn:lex:br:superior.tribunal.justica;turma.1:acordao;rms:2013-10-17;43781-1353102,RMS 43781 / RJ,urn:lex:br:superior.tribunal.justica;turma.1:acordao;rms:2013-10-17;43781-1353102,jurisprudence,Brasil,,,,,"Superior Tribunal de Justiça, 1ª turma",Acórdão (RMS) número 43781-1353102,17-10-2013,"Acórdão (RMS) número 43781-1353102, publicado em 17-10-2013, Superior Tribunal de Justiça, 1ª turma"
segurança veicular,2025-06-06 12:29:22,https://www.lexml.gov.br/urn/urn:lex:br:rede.virtual.bibliotecas:artigo.revista:2017;1001104589,Geração smartphone,urn:lex:br:rede.virtual.bibliotecas:artigo.revista:2017;1001104589,legislation,Brasil,,,,,,Artigo.Revista Rede.Virtual.Bibliotecas 1001104589,2017,"Artigo.Revista Rede.Virtual.Bibliotecas 1001104589, promulgada em 2017, Brasil"
segurança veicular,2025-06-06 12:29:22,https://www.lexml.gov.br/urn/urn:lex:br;sao.paulo;hortolandia:municipal:lei:2002-02-27;1026,"Lei n° 1026, de 27 de fevereiro de 2002",urn:lex:br;sao.paulo;hortolandia:municipal:lei:2002-02-27;1026,legislation,Brasil,São Paulo,Hortolandia,,,,Lei Municipal 1026,27-02-2002,"Lei Municipal 1026, promulgada em 27-02-2002, Município de Hortolandia, Estado de São Paulo, Brasil"
segurança veicular,2025-06-06 12:29:22,https://www.lexml.gov.br/urn/urn:lex:br:superior.tribunal.justica;corte.especial:acordao;ms:2021-05-05;27173-2051834,MS 27173 / DF,urn:lex:br:superior.tribunal.justica;corte.especial:acordao;ms:2021-05-05;27173-2051834,jurisprudence,Brasil,,,,,"Superior Tribunal de Justiça, Corte Especial",Acórdão (MS) número 27173-2051834,05-05-2021,"Acórdão (MS) número 27173-2051834, publicado em 05-05-2021, Superior Tribunal de Justiça, Corte Especial"
segurança veicular,2025-06-06 12:29:22,https://www.lexml.gov.br/urn/urn:lex:br:camara.deputados:projeto.lei;pl:2016-05-17;5301,PL 5301/2016,urn:lex:br:camara.deputados:projeto.lei;pl:2016-05-17;5301,legislation,Brasil,,,,,,Projeto.Lei (Pl) Camara.Deputados 5301,17-05-2016,"Projeto.Lei (Pl) Camara.Deputados 5301, promulgada em 17-05-2016, Brasil"
segurança veicular,2025-06-06 12:29:22,https://www.lexml.gov.br/urn/urn:lex:br:supremo.tribunal.federal;turma.2:acordao;ms:2011-09-13;30149-4039097,MS 30149 AgR / DF - DISTRITO FEDERAL,urn:lex:br:supremo.tribunal.federal;turma.2:acordao;ms:2011-09-13;30149-4039097,jurisprudence,Brasil,,,,,"Supremo Tribunal Federal, 2ª turma",Acórdão (MS) número 30149-4039097,13-09-2011,"Acórdão (MS) número 30149-4039097, publicado em 13-09-2011, Supremo Tribunal Federal, 2ª turma"
segurança veicular,2025-06-06 12:29:22,https://www.lexml.gov.br/urn/urn:lex:br:supremo.tribunal.federal;turma.2:acordao;ms:2011-09-06;30130-4003331,MS 30130 / DF - DISTRITO FEDERAL,urn:lex:br:supremo.tribunal.federal;turma.2:acordao;ms:2011-09-06;30130-4003331,jurisprudence,Brasil,,,,,"Supremo Tribunal Federal, 2ª turma",Acórdão (MS) número 30130-4003331,06-09-2011,"Acórdão (MS) número 30130-4003331, publicado em 06-09-2011, Supremo Tribunal Federal, 2ª turma"
segurança veicular,2025-06-06 12:29:22,https://www.lexml.gov.br/urn/urn:lex:br:senado.federal:projeto.lei;pls:2007;191,PL 7514/2010,urn:lex:br:senado.federal:projeto.lei;pls:2007;191,legislation,Brasil,,,,,,Projeto.Lei (Pls) Senado.Federal 191,2007,"Projeto.Lei (Pls) Senado.Federal 191, promulgada em 2007, Brasil"
segurança veicular,2025-06-06 12:29:22,https://www.lexml.gov.br/urn/urn:lex:br;distrito.federal:tribunal.justica.distrito.federal.territorios;turma.civel.1:acordao:2000-06-12;128890,Acórdão nº 128890 do Processo nº19990110120632apc,urn:lex:br;distrito.federal:tribunal.justica.distrito.federal.territorios;turma.civel.1:acordao:2000-06-12;128890,jurisprudence,Brasil,,,Distrito Federal,,"Tribunal Justica Distrito Federal Territorios, civel.1ª turma",Acórdão número 128890,12-06-2000,"Acórdão número 128890, publicado em 12-06-2000, Tribunal Justica Distrito Federal Territorios, civel.1ª turma, Distrito Federal"
IPI,2025-06-06 12:29:27,https://www.lexml.gov.br/urn/urn:lex:br:federal:lei:1995-02-24;8989,"Lei nº 8.989, de 24 de Fevereiro de 1995",urn:lex:br:federal:lei:1995-02-24;8989,legislation,Brasil,,,,,,Lei Federal 8989,24-02-1995,"Lei Federal 8989, promulgada em 24-02-1995, Brasil"
IPI,2025-06-06 12:29:27,https://www.lexml.gov.br/urn/urn:lex:br:congresso.nacional:medida.provisoria;mpv:2020-06-30;987,MPV 987/2020,urn:lex:br:congresso.nacional:medida.provisoria;mpv:2020-06-30;987,legislation,Brasil,,,,,,Medida Provisória (MPV) Federal 987,30-06-2020,"Medida Provisória (MPV) Federal 987, promulgada em 30-06-2020, Brasil"
ICMS,2025-06-06 12:29:30,https://www.lexml.gov.br/urn/urn:lex:br:federal:emenda.constitucional:2015-04-16;87,"Emenda Constitucional nº 87, de 2015",urn:lex:br:federal:emenda.constitucional:2015-04-16;87,legislation,Brasil,,,,,,Emenda Constitucional Federal 87,16-04-2015,"Emenda Constitucional Federal 87, promulgada em 16-04-2015, Brasil"
ICMS,2025-06-06 12:29:30,https://www.lexml.gov.br/urn/urn:lex:br:congresso.nacional:medida.provisoria;mpv:2023-01-12;1159,MPV 1159/2023,urn:lex:br:congresso.nacional:medida.provisoria;mpv:2023-01-12;1159,legislation,Brasil,,,,,,Medida Provisória (MPV) Federal 1159,12-01-2023,"Medida Provisória (MPV) Federal 1159, promulgada em 12-01-2023, Brasil"
ICMS,2025-06-06 12:29:30,https://www.lexml.gov.br/urn/urn:lex:br:congresso.nacional:medida.provisoria;mpv:2023-11-22;1197,MPV 1197/2023,urn:lex:br:congresso.nacional:medida.provisoria;mpv:2023-11-22;1197,legislation,Brasil,,,,,,Medida Provisória (MPV) Federal 1197,22-11-2023,"Medida Provisória (MPV) Federal 1197, promulgada em 22-11-2023, Brasil"
ICMS,2025-06-06 12:29:30,https://www.lexml.gov.br/urn/urn:lex:br:congresso.nacional:medida.provisoria;mpv:2024;1257,[ Medida Provisória nº 1257/2024 ],urn:lex:br:congresso.nacional:medida.provisoria;mpv:2024;1257,legislation,Brasil,,,,,,Medida Provisória (MPV) Federal 1257,2024,"Medida Provisória (MPV) Federal 1257, promulgada em 2024, Brasil"
incentivo fiscal,2025-06-06 12:29:33,https://www.lexml.gov.br/urn/urn:lex:br:federal:lei:2006-12-29;11438,"Lei nº 11.438, de 29 de Dezembro de 2006",urn:lex:br:federal:lei:2006-12-29;11438,legislation,Brasil,,,,,,Lei Federal 11438,29-12-2006,"Lei Federal 11438, promulgada em 29-12-2006, Brasil"
incentivo fiscal,2025-06-06 12:29:33,https://www.lexml.gov.br/urn/urn:lex:br:federal:lei:2007-05-31;11484,"Lei nº 11.484, de 31 de Maio de 2007",urn:lex:br:federal:lei:2007-05-31;11484,legislation,Brasil,,,,,,Lei Federal 11484,31-05-2007,"Lei Federal 11484, promulgada em 31-05-2007, Brasil"
incentivo fiscal,2025-06-06 12:29:33,https://www.lexml.gov.br/urn/urn:lex:br;distrito.federal:distrital:lei:2011-08-09;4611,"Lei nº 4611, de 09 de agosto de 2011",urn:lex:br;distrito.federal:distrital:lei:2011-08-09;4611,legislation,Brasil,Distrito Federal,,,,,Lei Distrital 4611,09-08-2011,"Lei Distrital 4611, promulgada em 09-08-2011, Estado de Distrito Federal, Brasil"
incentivo fiscal,2025-06-06 12:29:33,https://www.lexml.gov.br/urn/urn:lex:br:federal:lei:1991-12-23;8313,"Lei nº 8.313, de 23 de Dezembro de 1991",urn:lex:br:federal:lei:1991-12-23;8313,legislation,Brasil,,,,,,Lei Federal 8313,23-12-1991,"Lei Federal 8313, promulgada em 23-12-1991, Brasil"
incentivo fiscal,2025-06-06 12:29:33,https://www.lexml.gov.br/urn/urn:lex:br:congresso.nacional:medida.provisoria;mpv:2024;1280,[ Medida Provisória nº 1280/2024 ],urn:lex:br:congresso.nacional:medida.provisoria;mpv:2024;1280,legislation,Brasil,,,,,,Medida Provisória (MPV) Federal 1280,2024,"Medida Provisória (MPV) Federal 1280, promulgada em 2024, Brasil"
isenção,2025-06-06 12:29:36,https://www.lexml.gov.br/urn/urn:lex:br:congresso.nacional:medida.provisoria;mpv:2020-11-25;1010,MPV 1010/2020,urn:lex:br:congresso.nacional:medida.provisoria;mpv:2020-11-25;1010,legislation,Brasil,,,,,,Medida Provisória (MPV) Federal 1010,25-11-2020,"Medida Provisória (MPV) Federal 1010, promulgada em 25-11-2020, Brasil"
isenção,2025-06-06 12:29:36,https://www.lexml.gov.br/urn/urn:lex:br:congresso.nacional:medida.provisoria;mpv:2024-02-06;1206,MPV 1206/2024,urn:lex:br:congresso.nacional:medida.provisoria;mpv:2024-02-06;1206,legislation,Brasil,,,,,,Medida Provisória (MPV) Federal 1206,06-02-2024,"Medida Provisória (MPV) Federal 1206, promulgada em 06-02-2024, Brasil"
benefício tributário,2025-06-06 12:29:39,https://www.lexml.gov.br/urn/urn:lex:br:congresso.nacional:medida.provisoria;mpv:2024;1227,[ Medida Provisória nº 1227/2024 ],urn:lex:br:congresso.nacional:medida.provisoria;mpv:2024;1227,legislation,Brasil,,,,,,Medida Provisória (MPV) Federal 1227,2024,"Medida Provisória (MPV) Federal 1227, promulgada em 2024, Brasil"
benefício tributário,2025-06-06 12:29:39,https://www.lexml.gov.br/urn/urn:lex:br:congresso.nacional:medida.provisoria;mpv:2023-12-29;1202,MPV 1202/2023,urn:lex:br:congresso.nacional:medida.provisoria;mpv:2023-12-29;1202,legislation,Brasil,,,,,,Medida Provisória (MPV) Federal 1202,29-12-2023,"Medida Provisória (MPV) Federal 1202, promulgada em 29-12-2023, Brasil"
financiamento,2025-06-06 12:29:43,https://www.lexml.gov.br/urn/urn:lex:br:federal:lei:2001-07-12;10260,"Lei nº 10.260, de 12 de Julho de 2001",urn:lex:br:federal:lei:2001-07-12;10260,legislation,Brasil,,,,,,Lei Federal 10260,12-07-2001,"Lei Federal 10260, promulgada em 12-07-2001, Brasil"
financiamento,2025-06-06 12:29:43,https://www.lexml.gov.br/urn/urn:lex:br:federal:lei:1997-11-20;9514,"Lei nº 9.514, de 20 de Novembro de 1997",urn:lex:br:federal:lei:1997-11-20;9514,legislation,Brasil,,,,,,Lei Federal 9514,20-11-1997,"Lei Federal 9514, promulgada em 20-11-1997, Brasil"
financiamento,2025-06-06 12:29:43,https://www.lexml.gov.br/urn/urn:lex:br:federal:lei:2017-10-06;13487,"Lei nº 13.487, de 6 de Outubro de 2017",urn:lex:br:federal:lei:2017-10-06;13487,legislation,Brasil,,,,,,Lei Federal 13487,06-10-2017,"Lei Federal 13487, promulgada em 06-10-2017, Brasil"
financiamento,2025-06-06 12:29:43,https://www.lexml.gov.br/urn/urn:lex:br:congresso.nacional:medida.provisoria;mpv:2020-07-16;992,MPV 992/2020,urn:lex:br:congresso.nacional:medida.provisoria;mpv:2020-07-16;992,legislation,Brasil,,,,,,Medida Provisória (MPV) Federal 992,16-07-2020,"Medida Provisória (MPV) Federal 992, promulgada em 16-07-2020, Brasil"
financiamento,2025-06-06 12:29:43,https://www.lexml.gov.br/urn/urn:lex:br:congresso.nacional:medida.provisoria;mpv:2020-04-03;943,MPV 943/2020,urn:lex:br:congresso.nacional:medida.provisoria;mpv:2020-04-03;943,legislation,Brasil,,,,,,Medida Provisória (MPV) Federal 943,03-04-2020,"Medida Provisória (MPV) Federal 943, promulgada em 03-04-2020, Brasil"
financiamento,2025-06-06 12:29:43,https://www.lexml.gov.br/urn/urn:lex:br:congresso.nacional:medida.provisoria;mpv:2024;1226,[ Medida Provisória nº 1226/2024 ],urn:lex:br:congresso.nacional:medida.provisoria;mpv:2024;1226,legislation,Brasil,,,,,,Medida Provisória (MPV) Federal 1226,2024,"Medida Provisória (MPV) Federal 1226, promulgada em 2024, Brasil"
financiamento,2025-06-06 12:29:43,https://www.lexml.gov.br/urn/urn:lex:br:congresso.nacional:medida.provisoria;mpv:2023-09-27;1190,MPV 1190/2023,urn:lex:br:congresso.nacional:medida.provisoria;mpv:2023-09-27;1190,legislation,Brasil,,,,,,Medida Provisória (MPV) Federal 1190,27-09-2023,"Medida Provisória (MPV) Federal 1190, promulgada em 27-09-2023, Brasil"
financiamento,2025-06-06 12:29:43,https://www.lexml.gov.br/urn/urn:lex:br:congresso.nacional:medida.provisoria;mpv:2024;1269,[ Medida Provisória nº 1269/2024 ],urn:lex:br:congresso.nacional:medida.provisoria;mpv:2024;1269,legislation,Brasil,,,,,,Medida Provisória (MPV) Federal 1269,2024,"Medida Provisória (MPV) Federal 1269, promulgada em 2024, Brasil"
IPI caminhão,2025-06-06 12:29:45,https://www.lexml.gov.br/urn/urn:lex:br:superior.tribunal.justica;turma.1:acordao;resp:1998-06-15;118352-221784,REsp 118352 / DF,urn:lex:br:superior.tribunal.justica;turma.1:acordao;resp:1998-06-15;118352-221784,jurisprudence,Brasil,,,,,"Superior Tribunal de Justiça, 1ª turma",Acórdão (RESP) número 118352-221784,15-06-1998,"Acórdão (RESP) número 118352-221784, publicado em 15-06-1998, Superior Tribunal de Justiça, 1ª turma"
IPI caminhão,2025-06-06 12:29:45,https://www.lexml.gov.br/urn/urn:lex:br:superior.tribunal.justica;turma.1:acordao;resp:1997-11-20;136398-192982,REsp 136398 / RS,urn:lex:br:superior.tribunal.justica;turma.1:acordao;resp:1997-11-20;136398-192982,jurisprudence,Brasil,,,,,"Superior Tribunal de Justiça, 1ª turma",Acórdão (RESP) número 136398-192982,20-11-1997,"Acórdão (RESP) número 136398-192982, publicado em 20-11-1997, Superior Tribunal de Justiça, 1ª turma"
IPI caminhão,2025-06-06 12:29:45,https://www.lexml.gov.br/urn/urn:lex:br:federal:decreto:2001-08-22;3893,"Decreto nº 3.893, de 22 de Agosto de 2001",urn:lex:br:federal:decreto:2001-08-22;3893,legislation,Brasil,,,,,,Decreto Federal 3893,22-08-2001,"Decreto Federal 3893, promulgada em 22-08-2001, Brasil"
IPI caminhão,2025-06-06 12:29:45,https://www.lexml.gov.br/urn/urn:lex:br:federal:decreto:2013-12-23;8168,"Decreto nº 8.168, de 23 de Dezembro de 2013",urn:lex:br:federal:decreto:2013-12-23;8168,legislation,Brasil,,,,,,Decreto Federal 8168,23-12-2013,"Decreto Federal 8168, promulgada em 23-12-2013, Brasil"
IPI caminhão,2025-06-06 12:29:45,https://www.lexml.gov.br/urn/urn:lex:br:federal:decreto:2014-06-30;8279,"Decreto nº 8.279, de 30 de Junho de 2014",urn:lex:br:federal:decreto:2014-06-30;8279,legislation,Brasil,,,,,,Decreto Federal 8279,30-06-2014,"Decreto Federal 8279, promulgada em 30-06-2014, Brasil"
IPI caminhão,2025-06-06 12:29:45,https://www.lexml.gov.br/urn/urn:lex:br:federal:decreto:2006-02-24;5710,"Decreto nº 5.710, de 24 de Fevereiro de 2006",urn:lex:br:federal:decreto:2006-02-24;5710,legislation,Brasil,,,,,,Decreto Federal 5710,24-02-2006,"Decreto Federal 5710, promulgada em 24-02-2006, Brasil"
IPI caminhão,2025-06-06 12:29:45,https://www.lexml.gov.br/urn/urn:lex:br:federal:decreto:2010-12-31;7422,"Decreto nº 7.422, de 31 de Dezembro de 2010",urn:lex:br:federal:decreto:2010-12-31;7422,legislation,Brasil,,,,,,Decreto Federal 7422,31-12-2010,"Decreto Federal 7422, promulgada em 31-12-2010, Brasil"
IPI caminhão,2025-06-06 12:29:45,https://www.lexml.gov.br/urn/urn:lex:br:camara.deputados:projeto.lei;pl:2003-04-16;782,PL 782/2003,urn:lex:br:camara.deputados:projeto.lei;pl:2003-04-16;782,legislation,Brasil,,,,,,Projeto.Lei (Pl) Camara.Deputados 782,16-04-2003,"Projeto.Lei (Pl) Camara.Deputados 782, promulgada em 16-04-2003, Brasil"
IPI caminhão,2025-06-06 12:29:45,https://www.lexml.gov.br/urn/urn:lex:br:camara.deputados:projeto.lei;pl:2006-02-21;6661,PL 6661/2006,urn:lex:br:camara.deputados:projeto.lei;pl:2006-02-21;6661,legislation,Brasil,,,,,,Projeto.Lei (Pl) Camara.Deputados 6661,21-02-2006,"Projeto.Lei (Pl) Camara.Deputados 6661, promulgada em 21-02-2006, Brasil"
IPI caminhão,2025-06-06 12:29:45,https://www.lexml.gov.br/urn/urn:lex:br:camara.deputados:projeto.lei;pl:2001-02-13;4096,PL 4096/2001,urn:lex:br:camara.deputados:projeto.lei;pl:2001-02-13;4096,legislation,Brasil,,,,,,Projeto.Lei (Pl) Camara.Deputados 4096,13-02-2001,"Projeto.Lei (Pl) Camara.Deputados 4096, promulgada em 13-02-2001, Brasil"
IPI caminhão,2025-06-06 12:29:45,https://www.lexml.gov.br/urn/urn:lex:br:camara.deputados:projeto.lei;pl:2003-08-21;1770,PL 1770/2003,urn:lex:br:camara.deputados:projeto.lei;pl:2003-08-21;1770,legislation,Brasil,,,,,,Projeto.Lei (Pl) Camara.Deputados 1770,21-08-2003,"Projeto.Lei (Pl) Camara.Deputados 1770, promulgada em 21-08-2003, Brasil"
IPI caminhão,2025-06-06 12:29:45,https://www.lexml.gov.br/urn/urn:lex:br:camara.deputados:projeto.lei;pl:2004-01-28;2910,PL 2910/2004,urn:lex:br:camara.deputados:projeto.lei;pl:2004-01-28;2910,legislation,Brasil,,,,,,Projeto.Lei (Pl) Camara.Deputados 2910,28-01-2004,"Projeto.Lei (Pl) Camara.Deputados 2910, promulgada em 28-01-2004, Brasil"
IPI caminhão,2025-06-06 12:29:45,https://www.lexml.gov.br/urn/urn:lex:br:camara.deputados:projeto.lei;pl:2015-08-12;2610,PL 2610/2015,urn:lex:br:camara.deputados:projeto.lei;pl:2015-08-12;2610,legislation,Brasil,,,,,,Projeto.Lei (Pl) Camara.Deputados 2610,12-08-2015,"Projeto.Lei (Pl) Camara.Deputados 2610, promulgada em 12-08-2015, Brasil"
IPI caminhão,2025-06-06 12:29:45,https://www.lexml.gov.br/urn/urn:lex:br:camara.deputados:projeto.lei;pl:2012-03-15;3457,PL 3457/2012,urn:lex:br:camara.deputados:projeto.lei;pl:2012-03-15;3457,legislation,Brasil,,,,,,Projeto.Lei (Pl) Camara.Deputados 3457,15-03-2012,"Projeto.Lei (Pl) Camara.Deputados 3457, promulgada em 15-03-2012, Brasil"
IPI caminhão,2025-06-06 12:29:45,https://www.lexml.gov.br/urn/urn:lex:br:camara.deputados:projeto.lei;pl:2012-10-17;4559,PL 4559/2012,urn:lex:br:camara.deputados:projeto.lei;pl:2012-10-17;4559,legislation,Brasil,,,,,,Projeto.Lei (Pl) Camara.Deputados 4559,17-10-2012,"Projeto.Lei (Pl) Camara.Deputados 4559, promulgada em 17-10-2012, Brasil"
IPI caminhão,2025-06-06 12:29:45,https://www.lexml.gov.br/urn/urn:lex:br:superior.tribunal.justica;turma.1:acordao;resp:2002-08-15;436330-451957,REsp 436330 / PR,urn:lex:br:superior.tribunal.justica;turma.1:acordao;resp:2002-08-15;436330-451957,jurisprudence,Brasil,,,,,"Superior Tribunal de Justiça, 1ª turma",Acórdão (RESP) número 436330-451957,15-08-2002,"Acórdão (RESP) número 436330-451957, publicado em 15-08-2002, Superior Tribunal de Justiça, 1ª turma"
IPI caminhão,2025-06-06 12:29:45,https://www.lexml.gov.br/urn/urn:lex:br:camara.deputados:projeto.lei;pl:2016-09-12;6104,PL 6104/2016,urn:lex:br:camara.deputados:projeto.lei;pl:2016-09-12;6104,legislation,Brasil,,,,,,Projeto.Lei (Pl) Camara.Deputados 6104,12-09-2016,"Projeto.Lei (Pl) Camara.Deputados 6104, promulgada em 12-09-2016, Brasil"
IPI caminhão,2025-06-06 12:29:45,https://www.lexml.gov.br/urn/urn:lex:br:camara.deputados:projeto.lei;pl:2005-10-25;6109,PL 6109/2005,urn:lex:br:camara.deputados:projeto.lei;pl:2005-10-25;6109,legislation,Brasil,,,,,,Projeto.Lei (Pl) Camara.Deputados 6109,25-10-2005,"Projeto.Lei (Pl) Camara.Deputados 6109, promulgada em 25-10-2005, Brasil"
IPI caminhão,2025-06-06 12:29:45,https://www.lexml.gov.br/urn/urn:lex:br:camara.deputados:projeto.lei;pl:2008-07-09;3698,PL 3698/2008,urn:lex:br:camara.deputados:projeto.lei;pl:2008-07-09;3698,legislation,Brasil,,,,,,Projeto.Lei (Pl) Camara.Deputados 3698,09-07-2008,"Projeto.Lei (Pl) Camara.Deputados 3698, promulgada em 09-07-2008, Brasil"
Rota 2030,2025-06-06 12:29:49,https://www.lexml.gov.br/urn/urn:lex:br:congresso.nacional:medida.provisoria;mpv:2018-07-06;843,MPV 843/2018,urn:lex:br:congresso.nacional:medida.provisoria;mpv:2018-07-06;843,legislation,Brasil,,,,,,Medida Provisória (MPV) Federal 843,06-07-2018,"Medida Provisória (MPV) Federal 843, promulgada em 06-07-2018, Brasil"
Rota 2030,2025-06-06 12:29:49,https://www.lexml.gov.br/urn/urn:lex:br:federal:medida.provisoria:2018-07-05;843,"Medida Provisória nº 843, de 5 de Julho de 2018",urn:lex:br:federal:medida.provisoria:2018-07-05;843,legislation,Brasil,,,,,,Medida Provisória Federal 843,05-07-2018,"Medida Provisória Federal 843, promulgada em 05-07-2018, Brasil"
Rota 2030,2025-06-06 12:29:49,https://www.lexml.gov.br/urn/urn:lex:br:federal:lei:2018-12-10;13755,"Lei nº 13.755, de 10 de Dezembro de 2018",urn:lex:br:federal:lei:2018-12-10;13755,legislation,Brasil,,,,,,Lei Federal 13755,10-12-2018,"Lei Federal 13755, promulgada em 10-12-2018, Brasil"
Rota 2030,2025-06-06 12:29:49,https://www.lexml.gov.br/urn/urn:lex:br:federal:decreto:2018-11-08;9557,"Decreto nº 9.557, de 8 de Novembro de 2018",urn:lex:br:federal:decreto:2018-11-08;9557,legislation,Brasil,,,,,,Decreto Federal 9557,08-11-2018,"Decreto Federal 9557, promulgada em 08-11-2018, Brasil"
Rota 2030,2025-06-06 12:29:49,https://www.lexml.gov.br/urn/urn:lex:br:congresso.nacional:projeto.lei.conversao;plv:2018-10-24;27,PLV 27/2018 MPV84318 => MPV 843/2018,urn:lex:br:congresso.nacional:projeto.lei.conversao;plv:2018-10-24;27,legislation,Brasil,,,,,,Projeto.Lei.Conversao (Plv) Federal 27,24-10-2018,"Projeto.Lei.Conversao (Plv) Federal 27, promulgada em 24-10-2018, Brasil"
Rota 2030,2025-06-06 12:29:49,https://www.lexml.gov.br/urn/urn:lex:br:senado.federal:projeto.lei;pl:2020;4121,[ Projeto de Lei nº 4121/2020 - Iniciadora ],urn:lex:br:senado.federal:projeto.lei;pl:2020;4121,legislation,Brasil,,,,,,Projeto.Lei (Pl) Senado.Federal 4121,2020,"Projeto.Lei (Pl) Senado.Federal 4121, promulgada em 2020, Brasil"
Rota 2030,2025-06-06 12:29:49,https://www.lexml.gov.br/urn/urn:lex:br:camara.deputados:projeto.lei;pl:2019-03-27;1780,PL 1780/2019,urn:lex:br:camara.deputados:projeto.lei;pl:2019-03-27;1780,legislation,Brasil,,,,,,Projeto.Lei (Pl) Camara.Deputados 1780,27-03-2019,"Projeto.Lei (Pl) Camara.Deputados 1780, promulgada em 27-03-2019, Brasil"
Rota 2030,2025-06-06 12:29:49,https://www.lexml.gov.br/urn/urn:lex:br:camara.deputados:projeto.lei;pl:2023-07-05;3398,PL 3398/2023,urn:lex:br:camara.deputados:projeto.lei;pl:2023-07-05;3398,legislation,Brasil,,,,,,Projeto.Lei (Pl) Camara.Deputados 3398,05-07-2023,"Projeto.Lei (Pl) Camara.Deputados 3398, promulgada em 05-07-2023, Brasil"
Paten,2025-06-06 12:29:51,https://www.lexml.gov.br/urn/urn:lex:br:camara.deputados:projeto.lei;pl:2023-10-25;5174,PL 5174/2023,urn:lex:br:camara.deputados:projeto.lei;pl:2023-10-25;5174,legislation,Brasil,,,,,,Projeto.Lei (Pl) Camara.Deputados 5174,25-10-2023,"Projeto.Lei (Pl) Camara.Deputados 5174, promulgada em 25-10-2023, Brasil"
Paten,2025-06-06 12:29:51,https://www.lexml.gov.br/urn/urn:lex:br:camara.deputados:projeto.lei;pl:2021-02-09;327,[ Projeto de Lei nº 327/2021 ],urn:lex:br:camara.deputados:projeto.lei;pl:2021-02-09;327,legislation,Brasil,,,,,,Projeto.Lei (Pl) Camara.Deputados 327,09-02-2021,"Projeto.Lei (Pl) Camara.Deputados 327, promulgada em 09-02-2021, Brasil"
mobilidade e logística,2025-06-06 12:29:53,https://www.lexml.gov.br/urn/urn:lex:br:rede.virtual.bibliotecas:livro:2019;001167114,Rota 2030,urn:lex:br:rede.virtual.bibliotecas:livro:2019;001167114,legislation,Brasil,,,,,,Livro Rede.Virtual.Bibliotecas 001167114,2019,"Livro Rede.Virtual.Bibliotecas 001167114, promulgada em 2019, Brasil"
mobilidade e logística,2025-06-06 12:29:53,https://www.lexml.gov.br/urn/urn:lex:br:senado.federal:resolucao:2018-06-06;12,Resolução do Senado Federal nº 12 de 06/06/2018,urn:lex:br:senado.federal:resolucao:2018-06-06;12,legislation,Brasil,,,,,,Resolução Senado.Federal 12,06-06-2018,"Resolução Senado.Federal 12, promulgada em 06-06-2018, Brasil"
mobilidade e logística,2025-06-06 12:29:53,https://www.lexml.gov.br/urn/urn:lex:br:tribunal.superior.trabalho;turma.4:acordao;arr:2018-12-18;10702-2016-105-3-0,Acórdão do processo Nº ARR - 10702-16.2016.5.03.0105,urn:lex:br:tribunal.superior.trabalho;turma.4:acordao;arr:2018-12-18;10702-2016-105-3-0,jurisprudence,Brasil,,,,,"Tribunal Superior do Trabalho, 4ª turma",Acórdão (ARR) número 10702-2016-105-3-0,18-12-2018,"Acórdão (ARR) número 10702-2016-105-3-0, publicado em 18-12-2018, Tribunal Superior do Trabalho, 4ª turma"
mobilidade e logística,2025-06-06 12:29:53,https://www.lexml.gov.br/urn/urn:lex:br;justica.trabalho;regiao.1:tribunal.regional.trabalho;turma.5:acordao:2017-05-10;00109048420155010201,ACÓRDÃO TRT 1ª / 5ª Turma / 0010904-84.2015.5.01.0201 - DOERJ 10-05-2017,urn:lex:br;justica.trabalho;regiao.1:tribunal.regional.trabalho;turma.5:acordao:2017-05-10;00109048420155010201,jurisprudence,Brasil,,,Justiça do Trabalho,1ª região,"Tribunal Regional do Trabalho, 5ª turma",Acórdão número 00109048420155010201,10-05-2017,"Acórdão número 00109048420155010201, publicado em 10-05-2017, Tribunal Regional do Trabalho, 5ª turma, da 1ª região, Justiça do Trabalho"
mobilidade e logística,2025-06-06 12:29:53,https://www.lexml.gov.br/urn/urn:lex:br;santa.catarina:estadual:lei:2012-08-02;15855,"LEI Nº 15.855, de 02 de agosto de 2012",urn:lex:br;santa.catarina:estadual:lei:2012-08-02;15855,legislation,Brasil,Santa Catarina,,,,,Lei Estadual 15855,02-08-2012,"Lei Estadual 15855, promulgada em 02-08-2012, Estado de Santa Catarina, Brasil"
mobilidade e logística,2025-06-06 12:29:53,https://www.lexml.gov.br/urn/urn:lex:br:rede.virtual.bibliotecas:livro:2021;001197838,Vale-transporte,urn:lex:br:rede.virtual.bibliotecas:livro:2021;001197838,legislation,Brasil,,,,,,Livro Rede.Virtual.Bibliotecas 001197838,2021,"Livro Rede.Virtual.Bibliotecas 001197838, promulgada em 2021, Brasil"
transição energética,2025-06-06 12:29:55,https://www.lexml.gov.br/urn/urn:lex:br;santa.catarina:estadual:lei:2022-01-05;18330,"LEI Nº 18.330, DE 5 DE JANEIRO DE 2022",urn:lex:br;santa.catarina:estadual:lei:2022-01-05;18330,legislation,Brasil,Santa Catarina,,,,,Lei Estadual 18330,05-01-2022,"Lei Estadual 18330, promulgada em 05-01-2022, Estado de Santa Catarina, Brasil"
transição energética,2025-06-06 12:29:55,https://www.lexml.gov.br/urn/urn:lex:br:federal:decreto:2022-07-07;11124,Decreto nº 11.124 de 07/07/2022,urn:lex:br:federal:decreto:2022-07-07;11124,legislation,Brasil,,,,,,Decreto Federal 11124,07-07-2022,"Decreto Federal 11124, promulgada em 07-07-2022, Brasil"
transição energética,2025-06-06 12:29:55,https://www.lexml.gov.br/urn/urn:lex:br:federal:lei:2022-01-05;14299,Lei nº 14.299 de 05/01/2022,urn:lex:br:federal:lei:2022-01-05;14299,legislation,Brasil,,,,,,Lei Federal 14299,05-01-2022,"Lei Federal 14299, promulgada em 05-01-2022, Brasil"
transição energética,2025-06-06 12:29:55,https://www.lexml.gov.br/urn/urn:lex:br:camara.deputados:projeto.lei;pl:2023-08-22;4051,PL 4051/2023,urn:lex:br:camara.deputados:projeto.lei;pl:2023-08-22;4051,legislation,Brasil,,,,,,Projeto.Lei (Pl) Camara.Deputados 4051,22-08-2023,"Projeto.Lei (Pl) Camara.Deputados 4051, promulgada em 22-08-2023, Brasil"
transição energética,2025-06-06 12:29:55,https://www.lexml.gov.br/urn/urn:lex:br:agencia.nacional.energia.eletrica:resolucao.normativa:2010-07-02;402,"RESOLUÇÃO NORMATIVA nº 402, de 02/07/2010",urn:lex:br:agencia.nacional.energia.eletrica:resolucao.normativa:2010-07-02;402,legislation,Brasil,,,,,,Resolucao.Normativa Agencia.Nacional.Energia.Eletrica 402,02-07-2010,"Resolucao.Normativa Agencia.Nacional.Energia.Eletrica 402, promulgada em 02-07-2010, Brasil"
transição energética,2025-06-06 12:29:55,https://www.lexml.gov.br/urn/urn:lex:br:senado.federal:projeto.lei;pl:2023;4653,[ Projeto de Lei nº 4653/2023 ],urn:lex:br:senado.federal:projeto.lei;pl:2023;4653,legislation,Brasil,,,,,,Projeto.Lei (Pl) Senado.Federal 4653,2023,"Projeto.Lei (Pl) Senado.Federal 4653, promulgada em 2023, Brasil"
transição energética,2025-06-06 12:29:55,https://www.lexml.gov.br/urn/urn:lex:br:camara.deputados:projeto.lei;pl:2021-10-05;712,PL 712/2019,urn:lex:br:camara.deputados:projeto.lei;pl:2021-10-05;712,legislation,Brasil,,,,,,Projeto.Lei (Pl) Camara.Deputados 712,05-10-2021,"Projeto.Lei (Pl) Camara.Deputados 712, promulgada em 05-10-2021, Brasil"
transição energética,2025-06-06 12:29:55,https://www.lexml.gov.br/urn/urn:lex:br:senado.federal:projeto.lei;pl:2019;712,[ Projeto de Lei nº 712/2019 ],urn:lex:br:senado.federal:projeto.lei;pl:2019;712,legislation,Brasil,,,,,,Projeto.Lei (Pl) Senado.Federal 712,2019,"Projeto.Lei (Pl) Senado.Federal 712, promulgada em 2019, Brasil"
transição energética,2025-06-06 12:29:55,https://www.lexml.gov.br/urn/urn:lex:br:agencia.nacional.energia.eletrica:resolucao.normativa:2023-04-24;1061,"RESOLUÇÃO NORMATIVA nº 1061, de 24/04/2023",urn:lex:br:agencia.nacional.energia.eletrica:resolucao.normativa:2023-04-24;1061,legislation,Brasil,,,,,,Resolucao.Normativa Agencia.Nacional.Energia.Eletrica 1061,24-04-2023,"Resolucao.Normativa Agencia.Nacional.Energia.Eletrica 1061, promulgada em 24-04-2023, Brasil"
transição energética,2025-06-06 12:29:55,https://www.lexml.gov.br/urn/urn:lex:br:superior.tribunal.justica;secao.1:acordao;ms:2022-03-23;28120-2147826,MS 28120 / DF,urn:lex:br:superior.tribunal.justica;secao.1:acordao;ms:2022-03-23;28120-2147826,jurisprudence,Brasil,,,,,"Superior Tribunal de Justiça, Secao 1",Acórdão (MS) número 28120-2147826,23-03-2022,"Acórdão (MS) número 28120-2147826, publicado em 23-03-2022, Superior Tribunal de Justiça, Secao 1"
transição energética,2025-06-06 12:29:55,https://www.lexml.gov.br/urn/urn:lex:br:camara.deputados:projeto.lei;pl:2000;2985,[ Projeto de Lei (CD) nº 2985/2000 > Projeto de Lei da Câmara nº 27/2000 > Veto nº 29/2000 : Lei nº 9.990 de 21/07/2000 ],urn:lex:br:camara.deputados:projeto.lei;pl:2000;2985,legislation,Brasil,,,,,,Projeto.Lei (Pl) Camara.Deputados 2985,2000,"Projeto.Lei (Pl) Camara.Deputados 2985, promulgada em 2000, Brasil"
transição energética,2025-06-06 12:29:55,https://www.lexml.gov.br/urn/urn:lex:br:senado.federal:projeto.lei;pl:2022;1271,[ Projeto de Lei nº 1271/2022 ],urn:lex:br:senado.federal:projeto.lei;pl:2022;1271,legislation,Brasil,,,,,,Projeto.Lei (Pl) Senado.Federal 1271,2022,"Projeto.Lei (Pl) Senado.Federal 1271, promulgada em 2022, Brasil"
transição energética,2025-06-06 12:29:55,https://www.lexml.gov.br/urn/urn:lex:br:rede.virtual.bibliotecas:livro:2021;001208236,Ausência de guerras significa paz?,urn:lex:br:rede.virtual.bibliotecas:livro:2021;001208236,legislation,Brasil,,,,,,Livro Rede.Virtual.Bibliotecas 001208236,2021,"Livro Rede.Virtual.Bibliotecas 001208236, promulgada em 2021, Brasil"
transição energética,2025-06-06 12:29:55,https://www.lexml.gov.br/urn/urn:lex:br;distrito.federal:tribunal.justica.distrito.federal.territorios;turma.civel.5:acordao:2010-05-12;422359,Acórdão nº 422359 do Processo nº20100110053288apc,urn:lex:br;distrito.federal:tribunal.justica.distrito.federal.territorios;turma.civel.5:acordao:2010-05-12;422359,jurisprudence,Brasil,,,Distrito Federal,,"Tribunal Justica Distrito Federal Territorios, civel.5ª turma",Acórdão número 422359,12-05-2010,"Acórdão número 422359, publicado em 12-05-2010, Tribunal Justica Distrito Federal Territorios, civel.5ª turma, Distrito Federal"
pesquisa e desenvolvimento,2025-06-06 12:30:03,https://www.lexml.gov.br/urn/urn:lex:br:federal:lei:2000-07-24;9991,"Lei nº 9.991, de 24 de Julho de 2000",urn:lex:br:federal:lei:2000-07-24;9991,legislation,Brasil,,,,,,Lei Federal 9991,24-07-2000,"Lei Federal 9991, promulgada em 24-07-2000, Brasil"
pesquisa e desenvolvimento,2025-06-06 12:30:03,https://www.lexml.gov.br/urn/urn:lex:br:federal:decreto:1980-11-25;85394,"Decreto nº 85.394, de 25 de Novembro de 1980",urn:lex:br:federal:decreto:1980-11-25;85394,legislation,Brasil,,,,,,Decreto Federal 85394,25-11-1980,"Decreto Federal 85394, promulgada em 25-11-1980, Brasil"
pesquisa e desenvolvimento,2025-06-06 12:30:03,https://www.lexml.gov.br/urn/urn:lex:br:federal:decreto:1984-02-29;89414,"Decreto nº 89.414, de 29 de Fevereiro de 1984",urn:lex:br:federal:decreto:1984-02-29;89414,legislation,Brasil,,,,,,Decreto Federal 89414,29-02-1984,"Decreto Federal 89414, promulgada em 29-02-1984, Brasil"
pesquisa e desenvolvimento,2025-06-06 12:30:03,https://www.lexml.gov.br/urn/urn:lex:br:federal:decreto:1973-08-10;72589,"Decreto nº 72.589, de 10 de Agosto de 1973",urn:lex:br:federal:decreto:1973-08-10;72589,legislation,Brasil,,,,,,Decreto Federal 72589,10-08-1973,"Decreto Federal 72589, promulgada em 10-08-1973, Brasil"
pesquisa e desenvolvimento,2025-06-06 12:30:03,https://www.lexml.gov.br/urn/urn:lex:br:federal:decreto:1987-01-23;93972,"Decreto nº 93.972, de 23 de Janeiro de 1987",urn:lex:br:federal:decreto:1987-01-23;93972,legislation,Brasil,,,,,,Decreto Federal 93972,23-01-1987,"Decreto Federal 93972, promulgada em 23-01-1987, Brasil"
pesquisa e desenvolvimento,2025-06-06 12:30:03,https://www.lexml.gov.br/urn/urn:lex:br:agencia.nacional.energia.eletrica:resolucao:2001-11-27;502,"RESOLUÇÃO nº 502, de 27/11/2001",urn:lex:br:agencia.nacional.energia.eletrica:resolucao:2001-11-27;502,legislation,Brasil,,,,,,Resolução Agencia.Nacional.Energia.Eletrica 502,27-11-2001,"Resolução Agencia.Nacional.Energia.Eletrica 502, promulgada em 27-11-2001, Brasil"
inovação automotiva,2025-06-06 12:30:05,https://www.lexml.gov.br/urn/urn:lex:br:federal:decreto:2012-10-03;7819,"Decreto nº 7.819, de 3 de Outubro de 2012",urn:lex:br:federal:decreto:2012-10-03;7819,legislation,Brasil,,,,,,Decreto Federal 7819,03-10-2012,"Decreto Federal 7819, promulgada em 03-10-2012, Brasil"
inovação automotiva,2025-06-06 12:30:05,https://www.lexml.gov.br/urn/urn:lex:br:federal:decreto:2012-04-03;7716,"Decreto nº 7.716, de 3 de Abril de 2012",urn:lex:br:federal:decreto:2012-04-03;7716,legislation,Brasil,,,,,,Decreto Federal 7716,03-04-2012,"Decreto Federal 7716, promulgada em 03-04-2012, Brasil"
inovação automotiva,2025-06-06 12:30:05,https://www.lexml.gov.br/urn/urn:lex:br:federal:medida.provisoria:2023-12-30;1205,"Medida Provisória nº 1.205, de 30 de Dezembro de 2023",urn:lex:br:federal:medida.provisoria:2023-12-30;1205,legislation,Brasil,,,,,,Medida Provisória Federal 1205,30-12-2023,"Medida Provisória Federal 1205, promulgada em 30-12-2023, Brasil"
inovação automotiva,2025-06-06 12:30:05,https://www.lexml.gov.br/urn/urn:lex:br:federal:decreto:2019-06-27;9868,"Decreto nº 9.868, de 27 de Junho de 2019",urn:lex:br:federal:decreto:2019-06-27;9868,legislation,Brasil,,,,,,Decreto Federal 9868,27-06-2019,"Decreto Federal 9868, promulgada em 27-06-2019, Brasil"
inovação automotiva,2025-06-06 12:30:05,https://www.lexml.gov.br/urn/urn:lex:br:federal:medida.provisoria:2011-08-02;540,"Medida Provisória nº 540, de 2 de Agosto de 2011",urn:lex:br:federal:medida.provisoria:2011-08-02;540,legislation,Brasil,,,,,,Medida Provisória Federal 540,02-08-2011,"Medida Provisória Federal 540, promulgada em 02-08-2011, Brasil"
inovação automotiva,2025-06-06 12:30:05,https://www.lexml.gov.br/urn/urn:lex:br:federal:medida.provisoria:2010-11-25;512,"Medida Provisória nº 512, de 25 de Novembro de 2010",urn:lex:br:federal:medida.provisoria:2010-11-25;512,legislation,Brasil,,,,,,Medida Provisória Federal 512,25-11-2010,"Medida Provisória Federal 512, promulgada em 25-11-2010, Brasil"
inovação automotiva,2025-06-06 12:30:05,https://www.lexml.gov.br/urn/urn:lex:br:federal:lei:2011-12-14;12546,"Lei nº 12.546, de 14 de Dezembro de 2011",urn:lex:br:federal:lei:2011-12-14;12546,legislation,Brasil,,,,,,Lei Federal 12546,14-12-2011,"Lei Federal 12546, promulgada em 14-12-2011, Brasil"
inovação automotiva,2025-06-06 12:30:05,https://www.lexml.gov.br/urn/urn:lex:br:federal:medida.provisoria:2012-04-03;563,"Medida Provisória nº 563, de 3 de Abril de 2012",urn:lex:br:federal:medida.provisoria:2012-04-03;563,legislation,Brasil,,,,,,Medida Provisória Federal 563,03-04-2012,"Medida Provisória Federal 563, promulgada em 03-04-2012, Brasil"
inovação automotiva,2025-06-06 12:30:05,https://www.lexml.gov.br/urn/urn:lex:br:federal:lei:2012-09-17;12715,"Lei nº 12.715, de 17 de Setembro de 2012",urn:lex:br:federal:lei:2012-09-17;12715,legislation,Brasil,,,,,,Lei Federal 12715,17-09-2012,"Lei Federal 12715, promulgada em 17-09-2012, Brasil"
inovação automotiva,2025-06-06 12:30:05,https://www.lexml.gov.br/urn/urn:lex:br:superior.tribunal.justica;turma.5:acordao;hc:2019-11-07;535067-1893841,AgRg no HC 535067 / SP,urn:lex:br:superior.tribunal.justica;turma.5:acordao;hc:2019-11-07;535067-1893841,jurisprudence,Brasil,,,,,"Superior Tribunal de Justiça, 5ª turma",Acórdão (HC) número 535067-1893841,07-11-2019,"Acórdão (HC) número 535067-1893841, publicado em 07-11-2019, Superior Tribunal de Justiça, 5ª turma"
inovação automotiva,2025-06-06 12:30:05,https://www.lexml.gov.br/urn/urn:lex:br:superior.tribunal.justica;turma.5:acordao;hc:2020-08-04;407615-1965403,AgRg no HC 407615 / SC,urn:lex:br:superior.tribunal.justica;turma.5:acordao;hc:2020-08-04;407615-1965403,jurisprudence,Brasil,,,,,"Superior Tribunal de Justiça, 5ª turma",Acórdão (HC) número 407615-1965403,04-08-2020,"Acórdão (HC) número 407615-1965403, publicado em 04-08-2020, Superior Tribunal de Justiça, 5ª turma"
inovação automotiva,2025-06-06 12:30:05,https://www.lexml.gov.br/urn/urn:lex:br:tribunal.superior.trabalho;turma.1:acordao;ag:2021-10-06;11339-2015-13-18-0,Acórdão do processo Nº Ag-AIRR - 11339-66.2015.5.18.0013,urn:lex:br:tribunal.superior.trabalho;turma.1:acordao;ag:2021-10-06;11339-2015-13-18-0,jurisprudence,Brasil,,,,,"Tribunal Superior do Trabalho, 1ª turma",Acórdão (AG) número 11339-2015-13-18-0,06-10-2021,"Acórdão (AG) número 11339-2015-13-18-0, publicado em 06-10-2021, Tribunal Superior do Trabalho, 1ª turma"
inovação automotiva,2025-06-06 12:30:05,https://www.lexml.gov.br/urn/urn:lex:br:tribunal.superior.trabalho;turma.5:acordao;ag:2020-06-17;1388-2015-11-17-0,Acórdão do processo Nº Ag-AIRR - 1388-81.2015.5.17.0011,urn:lex:br:tribunal.superior.trabalho;turma.5:acordao;ag:2020-06-17;1388-2015-11-17-0,jurisprudence,Brasil,,,,,"Tribunal Superior do Trabalho, 5ª turma",Acórdão (AG) número 1388-2015-11-17-0,17-06-2020,"Acórdão (AG) número 1388-2015-11-17-0, publicado em 17-06-2020, Tribunal Superior do Trabalho, 5ª turma"
inovação automotiva,2025-06-06 12:30:05,https://www.lexml.gov.br/urn/urn:lex:br;distrito.federal:tribunal.justica.distrito.federal.territorios;turma.recursal.juizados.especiais.civeis.criminais.df.3:acordao:2014-04-08;779664,Acórdão nº 779664 do Processo nº20131010068706acj,urn:lex:br;distrito.federal:tribunal.justica.distrito.federal.territorios;turma.recursal.juizados.especiais.civeis.criminais.df.3:acordao:2014-04-08;779664,jurisprudence,Brasil,,,Distrito Federal,,"Tribunal Justica Distrito Federal Territorios, recursal.juizados.especiais.civeis.criminais.df.3ª turma",Acórdão número 779664,08-04-2014,"Acórdão número 779664, publicado em 08-04-2014, Tribunal Justica Distrito Federal Territorios, recursal.juizados.especiais.civeis.criminais.df.3ª turma, Distrito Federal"
inovação automotiva,2025-06-06 12:30:05,https://www.lexml.gov.br/urn/urn:lex:br:tribunal.superior.trabalho;turma.3:acordao;arr:2018-04-04;32700-2009-3-17-0,Acórdão do processo Nº ARR - 32700-12.2009.5.17.0003,urn:lex:br:tribunal.superior.trabalho;turma.3:acordao;arr:2018-04-04;32700-2009-3-17-0,jurisprudence,Brasil,,,,,"Tribunal Superior do Trabalho, 3ª turma",Acórdão (ARR) número 32700-2009-3-17-0,04-04-2018,"Acórdão (ARR) número 32700-2009-3-17-0, publicado em 04-04-2018, Tribunal Superior do Trabalho, 3ª turma"
inovação automotiva,2025-06-06 12:30:05,https://www.lexml.gov.br/urn/urn:lex:br:superior.tribunal.justica;turma.2:acordao;resp:2023-06-06;1428953-2315072,REsp 1428953 / BA,urn:lex:br:superior.tribunal.justica;turma.2:acordao;resp:2023-06-06;1428953-2315072,jurisprudence,Brasil,,,,,"Superior Tribunal de Justiça, 2ª turma",Acórdão (RESP) número 1428953-2315072,06-06-2023,"Acórdão (RESP) número 1428953-2315072, publicado em 06-06-2023, Superior Tribunal de Justiça, 2ª turma"
inovação automotiva,2025-06-06 12:30:05,https://www.lexml.gov.br/urn/urn:lex:br;distrito.federal:tribunal.justica.distrito.federal.territorios;turma.recursal.juizados.especiais.civeis.criminais.df.2:acordao:2013-12-10;742852,Acórdão nº 742852 do Processo nº20130710054490acj,urn:lex:br;distrito.federal:tribunal.justica.distrito.federal.territorios;turma.recursal.juizados.especiais.civeis.criminais.df.2:acordao:2013-12-10;742852,jurisprudence,Brasil,,,Distrito Federal,,"Tribunal Justica Distrito Federal Territorios, recursal.juizados.especiais.civeis.criminais.df.2ª turma",Acórdão número 742852,10-12-2013,"Acórdão número 742852, publicado em 10-12-2013, Tribunal Justica Distrito Federal Territorios, recursal.juizados.especiais.civeis.criminais.df.2ª turma, Distrito Federal"
inovação automotiva,2025-06-06 12:30:05,https://www.lexml.gov.br/urn/urn:lex:br:tribunal.superior.trabalho;turma.7:acordao;ag:2022-09-14;10665-2013-13-18-0,Acórdão do processo Nº Ag-AIRR - 10665-59.2013.5.18.0013,urn:lex:br:tribunal.superior.trabalho;turma.7:acordao;ag:2022-09-14;10665-2013-13-18-0,jurisprudence,Brasil,,,,,"Tribunal Superior do Trabalho, 7ª turma",Acórdão (AG) número 10665-2013-13-18-0,14-09-2022,"Acórdão (AG) número 10665-2013-13-18-0, publicado em 14-09-2022, Tribunal Superior do Trabalho, 7ª turma"
inovação automotiva,2025-06-06 12:30:05,https://www.lexml.gov.br/urn/urn:lex:br:tribunal.superior.trabalho;turma.1:acordao;ag:2021-10-13;574-2018-128-8-0,Acórdão do processo Nº Ag-AIRR - 574-53.2018.5.08.0128,urn:lex:br:tribunal.superior.trabalho;turma.1:acordao;ag:2021-10-13;574-2018-128-8-0,jurisprudence,Brasil,,,,,"Tribunal Superior do Trabalho, 1ª turma",Acórdão (AG) número 574-2018-128-8-0,13-10-2021,"Acórdão (AG) número 574-2018-128-8-0, publicado em 13-10-2021, Tribunal Superior do Trabalho, 1ª turma"
máquinas agrícolas,2025-06-06 12:30:07,https://www.lexml.gov.br/urn/urn:lex:br;minas.gerais;itabirito:municipal:lei:1993-02-26;1746,"Lei n° 1746, de 26 de Fevereiro de 1993",urn:lex:br;minas.gerais;itabirito:municipal:lei:1993-02-26;1746,legislation,Brasil,Minas Gerais,Itabirito,,,,Lei Municipal 1746,26-02-1993,"Lei Municipal 1746, promulgada em 26-02-1993, Município de Itabirito, Estado de Minas Gerais, Brasil"
máquinas agrícolas,2025-06-06 12:30:07,https://www.lexml.gov.br/urn/urn:lex:br;santa.catarina:estadual:lei:2011-05-31;15477,"Lei nº 15.477, de 31 de maio de 2011;",urn:lex:br;santa.catarina:estadual:lei:2011-05-31;15477,legislation,Brasil,Santa Catarina,,,,,Lei Estadual 15477,31-05-2011,"Lei Estadual 15477, promulgada em 31-05-2011, Estado de Santa Catarina, Brasil"
máquinas agrícolas,2025-06-06 12:30:07,https://www.lexml.gov.br/urn/urn:lex:br:federal:decreto:1961-01-13;49944,"Decreto nº 49.944, de 13 de Janeiro de 1961",urn:lex:br:federal:decreto:1961-01-13;49944,legislation,Brasil,,,,,,Decreto Federal 49944,13-01-1961,"Decreto Federal 49944, promulgada em 13-01-1961, Brasil"
máquinas agrícolas,2025-06-06 12:30:07,https://www.lexml.gov.br/urn/urn:lex:br:federal:decreto:1961-05-02;50519,"Decreto nº 50.519, de 2 de Maio de 1961",urn:lex:br:federal:decreto:1961-05-02;50519,legislation,Brasil,,,,,,Decreto Federal 50519,02-05-1961,"Decreto Federal 50519, promulgada em 02-05-1961, Brasil"
máquinas agrícolas,2025-06-06 12:30:07,https://www.lexml.gov.br/urn/urn:lex:br:senado.federal:resolucao:1993-10-01;75,Resolução do Senado Federal nº 75 de 01/10/1993,urn:lex:br:senado.federal:resolucao:1993-10-01;75,legislation,Brasil,,,,,,Resolução Senado.Federal 75,01-10-1993,"Resolução Senado.Federal 75, promulgada em 01-10-1993, Brasil"
máquinas agrícolas,2025-06-06 12:30:07,https://www.lexml.gov.br/urn/urn:lex:br;minas.gerais;ponte.nova:municipal:lei:1998-10-27;2285,"Lei n° 2285, de 27 de Outubro de 1998",urn:lex:br;minas.gerais;ponte.nova:municipal:lei:1998-10-27;2285,legislation,Brasil,Minas Gerais,Ponte Nova,,,,Lei Municipal 2285,27-10-1998,"Lei Municipal 2285, promulgada em 27-10-1998, Município de Ponte Nova, Estado de Minas Gerais, Brasil"
máquinas agrícolas,2025-06-06 12:30:07,https://www.lexml.gov.br/urn/urn:lex:br:federal:decreto:1967-01-12;60056,"Decreto nº 60.056, de 12 de Janeiro de 1967",urn:lex:br:federal:decreto:1967-01-12;60056,legislation,Brasil,,,,,,Decreto Federal 60056,12-01-1967,"Decreto Federal 60056, promulgada em 12-01-1967, Brasil"
máquinas agrícolas,2025-06-06 12:30:07,https://www.lexml.gov.br/urn/urn:lex:br;minas.gerais;ponte.nova:municipal:lei:1999-12-17;2389,"Lei n° 2389, de 17 de Dezembro de 1999",urn:lex:br;minas.gerais;ponte.nova:municipal:lei:1999-12-17;2389,legislation,Brasil,Minas Gerais,Ponte Nova,,,,Lei Municipal 2389,17-12-1999,"Lei Municipal 2389, promulgada em 17-12-1999, Município de Ponte Nova, Estado de Minas Gerais, Brasil"
máquinas agrícolas,2025-06-06 12:30:07,https://www.lexml.gov.br/urn/urn:lex:br:federal:decreto:2022-03-29;11014,"Decreto nº 11.014, de 29 de Março de 2022",urn:lex:br:federal:decreto:2022-03-29;11014,legislation,Brasil,,,,,,Decreto Federal 11014,29-03-2022,"Decreto Federal 11014, promulgada em 29-03-2022, Brasil"
máquinas agrícolas,2025-06-06 12:30:07,https://www.lexml.gov.br/urn/urn:lex:br:superior.tribunal.justica;turma.2:acordao;resp:2001-10-04;163529-414754,REsp 163529 / MG,urn:lex:br:superior.tribunal.justica;turma.2:acordao;resp:2001-10-04;163529-414754,jurisprudence,Brasil,,,,,"Superior Tribunal de Justiça, 2ª turma",Acórdão (RESP) número 163529-414754,04-10-2001,"Acórdão (RESP) número 163529-414754, publicado em 04-10-2001, Superior Tribunal de Justiça, 2ª turma"
máquinas agrícolas,2025-06-06 12:30:07,https://www.lexml.gov.br/urn/urn:lex:br:federal:decreto:1918-02-14;12877,"Decreto nº 12.877, de 14 de Fevereiro de 1918",urn:lex:br:federal:decreto:1918-02-14;12877,legislation,Brasil,,,,,,Decreto Federal 12877,14-02-1918,"Decreto Federal 12877, promulgada em 14-02-1918, Brasil"
máquinas agrícolas,2025-06-06 12:30:07,https://www.lexml.gov.br/urn/urn:lex:br:federal:decreto.lei:1941-01-15;2946,"Decreto-Lei nº 2.946, de 15 de Janeiro de 1941",urn:lex:br:federal:decreto.lei:1941-01-15;2946,legislation,Brasil,,,,,,Decreto.Lei Federal 2946,15-01-1941,"Decreto.Lei Federal 2946, promulgada em 15-01-1941, Brasil"
máquinas agrícolas,2025-06-06 12:30:07,https://www.lexml.gov.br/urn/urn:lex:br:federal:lei:1952-01-02;1537,"Lei nº 1.537, de 2 de Janeiro de 1952",urn:lex:br:federal:lei:1952-01-02;1537,legislation,Brasil,,,,,,Lei Federal 1537,02-01-1952,"Lei Federal 1537, promulgada em 02-01-1952, Brasil"
máquinas agrícolas,2025-06-06 12:30:07,https://www.lexml.gov.br/urn/urn:lex:br:federal:decreto:2013-05-14;8002,"Decreto nº 8.002, de 14 de Maio de 2013",urn:lex:br:federal:decreto:2013-05-14;8002,legislation,Brasil,,,,,,Decreto Federal 8002,14-05-2013,"Decreto Federal 8002, promulgada em 14-05-2013, Brasil"
implementos rodoviários,2025-06-06 12:30:09,https://www.lexml.gov.br/urn/urn:lex:br:tribunal.superior.trabalho;turma.7:acordao;ag:2023-05-24;1001429-2015-311-2-0,Acórdão do processo Nº Ag-AIRR - 1001429-21.2015.5.02.0311,urn:lex:br:tribunal.superior.trabalho;turma.7:acordao;ag:2023-05-24;1001429-2015-311-2-0,jurisprudence,Brasil,,,,,"Tribunal Superior do Trabalho, 7ª turma",Acórdão (AG) número 1001429-2015-311-2-0,24-05-2023,"Acórdão (AG) número 1001429-2015-311-2-0, publicado em 24-05-2023, Tribunal Superior do Trabalho, 7ª turma"
implementos rodoviários,2025-06-06 12:30:09,https://www.lexml.gov.br/urn/urn:lex:br;rio.grande.sul;passo.sobrado:municipal:decreto:2009-05-13;31,"Decreto (municipal) nº 31, de 13 de maio de 2009",urn:lex:br;rio.grande.sul;passo.sobrado:municipal:decreto:2009-05-13;31,legislation,Brasil,Rio.Grande.Sul,Passo Sobrado,,,,Decreto Municipal 31,13-05-2009,"Decreto Municipal 31, promulgada em 13-05-2009, Município de Passo Sobrado, Estado de Rio.Grande.Sul, Brasil"
implementos rodoviários,2025-06-06 12:30:09,https://www.lexml.gov.br/urn/urn:lex:br;rio.grande.sul;estrela:municipal:lei:2007-06-13;4447,"Lei Municipal nº 4.447, de 13 de junho de 2007",urn:lex:br;rio.grande.sul;estrela:municipal:lei:2007-06-13;4447,legislation,Brasil,Rio.Grande.Sul,Estrela,,,,Lei Municipal 4447,13-06-2007,"Lei Municipal 4447, promulgada em 13-06-2007, Município de Estrela, Estado de Rio.Grande.Sul, Brasil"
implementos rodoviários,2025-06-06 12:30:09,https://www.lexml.gov.br/urn/urn:lex:br;rio.grande.sul;santo.antonio.planalto:municipal:lei:2013-12-03;1263,"Lei Municipal nº 1.263, de 03 de dezembro de 2013",urn:lex:br;rio.grande.sul;santo.antonio.planalto:municipal:lei:2013-12-03;1263,legislation,Brasil,Rio.Grande.Sul,Santo Antonio Planalto,,,,Lei Municipal 1263,03-12-2013,"Lei Municipal 1263, promulgada em 03-12-2013, Município de Santo Antonio Planalto, Estado de Rio.Grande.Sul, Brasil"
implementos rodoviários,2025-06-06 12:30:09,https://www.lexml.gov.br/urn/urn:lex:br;rio.grande.sul;passo.sobrado:municipal:decreto:2014-12-29;115,"Decreto (municipal) nº 115, de 29 de dezembro de 2014",urn:lex:br;rio.grande.sul;passo.sobrado:municipal:decreto:2014-12-29;115,legislation,Brasil,Rio.Grande.Sul,Passo Sobrado,,,,Decreto Municipal 115,29-12-2014,"Decreto Municipal 115, promulgada em 29-12-2014, Município de Passo Sobrado, Estado de Rio.Grande.Sul, Brasil"
implementos rodoviários,2025-06-06 12:30:09,https://www.lexml.gov.br/urn/urn:lex:br;rio.grande.sul;sao.sebastiao.cai:municipal:lei:2015-01-27;3767,"Lei Municipal nº 3.767, de 27 de janeiro de 2015",urn:lex:br;rio.grande.sul;sao.sebastiao.cai:municipal:lei:2015-01-27;3767,legislation,Brasil,Rio.Grande.Sul,Sao Sebastiao Cai,,,,Lei Municipal 3767,27-01-2015,"Lei Municipal 3767, promulgada em 27-01-2015, Município de Sao Sebastiao Cai, Estado de Rio.Grande.Sul, Brasil"
implementos rodoviários,2025-06-06 12:30:09,https://www.lexml.gov.br/urn/urn:lex:br;rio.grande.sul;dom.pedro.alcantara:municipal:lei:2010-12-20;1134,"Lei Municipal nº 1.134, de 20 de dezembro de 2010",urn:lex:br;rio.grande.sul;dom.pedro.alcantara:municipal:lei:2010-12-20;1134,legislation,Brasil,Rio.Grande.Sul,Dom Pedro Alcantara,,,,Lei Municipal 1134,20-12-2010,"Lei Municipal 1134, promulgada em 20-12-2010, Município de Dom Pedro Alcantara, Estado de Rio.Grande.Sul, Brasil"
implementos rodoviários,2025-06-06 12:30:09,https://www.lexml.gov.br/urn/urn:lex:br:federal:decreto:2012-09-28;7816,"Decreto nº 7.816, de 28 de Setembro de 2012",urn:lex:br:federal:decreto:2012-09-28;7816,legislation,Brasil,,,,,,Decreto Federal 7816,28-09-2012,"Decreto Federal 7816, promulgada em 28-09-2012, Brasil"
implementos rodoviários,2025-06-06 12:30:09,https://www.lexml.gov.br/urn/urn:lex:br:federal:decreto:2013-12-23;8171,"Decreto nº 8.171, de 23 de Dezembro de 2013",urn:lex:br:federal:decreto:2013-12-23;8171,legislation,Brasil,,,,,,Decreto Federal 8171,23-12-2013,"Decreto Federal 8171, promulgada em 23-12-2013, Brasil"
implementos rodoviários,2025-06-06 12:30:09,https://www.lexml.gov.br/urn/urn:lex:br;rio.grande.sul;passo.sobrado:municipal:lei:2009-05-12;1103,"Lei Municipal nº 1.103, de 12 de maio de 2009",urn:lex:br;rio.grande.sul;passo.sobrado:municipal:lei:2009-05-12;1103,legislation,Brasil,Rio.Grande.Sul,Passo Sobrado,,,,Lei Municipal 1103,12-05-2009,"Lei Municipal 1103, promulgada em 12-05-2009, Município de Passo Sobrado, Estado de Rio.Grande.Sul, Brasil"
implementos rodoviários,2025-06-06 12:30:09,https://www.lexml.gov.br/urn/urn:lex:br;rio.grande.sul;fazenda.vilanova:municipal:lei:2014-04-03;1473,"Lei Municipal nº 1.473, de 03 de abril de 2014",urn:lex:br;rio.grande.sul;fazenda.vilanova:municipal:lei:2014-04-03;1473,legislation,Brasil,Rio.Grande.Sul,Fazenda Vilanova,,,,Lei Municipal 1473,03-04-2014,"Lei Municipal 1473, promulgada em 03-04-2014, Município de Fazenda Vilanova, Estado de Rio.Grande.Sul, Brasil"
implementos rodoviários,2025-06-06 12:30:09,https://www.lexml.gov.br/urn/urn:lex:br;rio.grande.sul;dom.pedro.alcantara:municipal:lei:2013-02-07;1328,"Lei Municipal nº 1.328, de 07 de fevereiro de 2013",urn:lex:br;rio.grande.sul;dom.pedro.alcantara:municipal:lei:2013-02-07;1328,legislation,Brasil,Rio.Grande.Sul,Dom Pedro Alcantara,,,,Lei Municipal 1328,07-02-2013,"Lei Municipal 1328, promulgada em 07-02-2013, Município de Dom Pedro Alcantara, Estado de Rio.Grande.Sul, Brasil"
implementos rodoviários,2025-06-06 12:30:09,https://www.lexml.gov.br/urn/urn:lex:br;rio.grande.sul;arroio.padre:municipal:lei:2013-08-07;1361,"Lei Municipal nº 1.361, de 07 de agosto de 2013",urn:lex:br;rio.grande.sul;arroio.padre:municipal:lei:2013-08-07;1361,legislation,Brasil,Rio.Grande.Sul,Arroio Padre,,,,Lei Municipal 1361,07-08-2013,"Lei Municipal 1361, promulgada em 07-08-2013, Município de Arroio Padre, Estado de Rio.Grande.Sul, Brasil"
implementos rodoviários,2025-06-06 12:30:09,https://www.lexml.gov.br/urn/urn:lex:br;rio.grande.sul;ernestina:municipal:lei:2019-11-06;2655,"Lei Municipal nº 2.655, de 06 de novembro de 2019",urn:lex:br;rio.grande.sul;ernestina:municipal:lei:2019-11-06;2655,legislation,Brasil,Rio.Grande.Sul,Ernestina,,,,Lei Municipal 2655,06-11-2019,"Lei Municipal 2655, promulgada em 06-11-2019, Município de Ernestina, Estado de Rio.Grande.Sul, Brasil"
implementos rodoviários,2025-06-06 12:30:09,https://www.lexml.gov.br/urn/urn:lex:br;sergipe;lagarto:municipal:lei:1971-12-03;259,"Lei Ordinária n° 259, de 03 de Dezembro de 1971",urn:lex:br;sergipe;lagarto:municipal:lei:1971-12-03;259,legislation,Brasil,Sergipe,Lagarto,,,,Lei Municipal 259,03-12-1971,"Lei Municipal 259, promulgada em 03-12-1971, Município de Lagarto, Estado de Sergipe, Brasil"
implementos rodoviários,2025-06-06 12:30:09,https://www.lexml.gov.br/urn/urn:lex:br;rio.grande.sul;passa.sete:municipal:lei:2007-10-30;751,"Lei Municipal nº 751, de 30 de outubro de 2007",urn:lex:br;rio.grande.sul;passa.sete:municipal:lei:2007-10-30;751,legislation,Brasil,Rio.Grande.Sul,Passa Sete,,,,Lei Municipal 751,30-10-2007,"Lei Municipal 751, promulgada em 30-10-2007, Município de Passa Sete, Estado de Rio.Grande.Sul, Brasil"
implementos rodoviários,2025-06-06 12:30:09,https://www.lexml.gov.br/urn/urn:lex:br;rio.grande.sul;capela.santana:municipal:lei:2009-04-29;1100,"Lei Municipal nº 1.100, de 29 de abril de 2009",urn:lex:br;rio.grande.sul;capela.santana:municipal:lei:2009-04-29;1100,legislation,Brasil,Rio.Grande.Sul,Capela Santana,,,,Lei Municipal 1100,29-04-2009,"Lei Municipal 1100, promulgada em 29-04-2009, Município de Capela Santana, Estado de Rio.Grande.Sul, Brasil"
implementos rodoviários,2025-06-06 12:30:09,https://www.lexml.gov.br/urn/urn:lex:br;rio.grande.sul;fazenda.vilanova:municipal:lei:2014-06-10;1500,"Lei Municipal nº 1.500, de 10 de junho de 2014",urn:lex:br;rio.grande.sul;fazenda.vilanova:municipal:lei:2014-06-10;1500,legislation,Brasil,Rio.Grande.Sul,Fazenda Vilanova,,,,Lei Municipal 1500,10-06-2014,"Lei Municipal 1500, promulgada em 10-06-2014, Município de Fazenda Vilanova, Estado de Rio.Grande.Sul, Brasil"
implementos rodoviários,2025-06-06 12:30:09,https://www.lexml.gov.br/urn/urn:lex:br;rio.grande.sul;sobradinho:municipal:lei:2011-12-09;3580,"Lei Municipal nº 3.580, de 09 de dezembro de 2011",urn:lex:br;rio.grande.sul;sobradinho:municipal:lei:2011-12-09;3580,legislation,Brasil,Rio.Grande.Sul,Sobradinho,,,,Lei Municipal 3580,09-12-2011,"Lei Municipal 3580, promulgada em 09-12-2011, Município de Sobradinho, Estado de Rio.Grande.Sul, Brasil"
implementos rodoviários,2025-06-06 12:30:09,https://www.lexml.gov.br/urn/urn:lex:br;sao.paulo;mococa:municipal:lei:1974-06-24;1089,"Lei n° 1089, de 24 de Junho de 1974",urn:lex:br;sao.paulo;mococa:municipal:lei:1974-06-24;1089,legislation,Brasil,São Paulo,Mococa,,,,Lei Municipal 1089,24-06-1974,"Lei Municipal 1089, promulgada em 24-06-1974, Município de Mococa, Estado de São Paulo, Brasil"
reboque,2025-06-06 12:30:11,https://www.lexml.gov.br/urn/urn:lex:br;minas.gerais;divinopolis:municipal:lei:2008-06-10;6790,"Lei Ordinária n° 6790, de 10 de Junho de 2008",urn:lex:br;minas.gerais;divinopolis:municipal:lei:2008-06-10;6790,legislation,Brasil,Minas Gerais,Divinopolis,,,,Lei Municipal 6790,10-06-2008,"Lei Municipal 6790, promulgada em 10-06-2008, Município de Divinopolis, Estado de Minas Gerais, Brasil"
reboque,2025-06-06 12:30:11,https://www.lexml.gov.br/urn/urn:lex:br:superior.tribunal.justica;turma.3:acordao;resp:2012-09-18;453882-1219933,REsp 453882 / MG,urn:lex:br:superior.tribunal.justica;turma.3:acordao;resp:2012-09-18;453882-1219933,jurisprudence,Brasil,,,,,"Superior Tribunal de Justiça, 3ª turma",Acórdão (RESP) número 453882-1219933,18-09-2012,"Acórdão (RESP) número 453882-1219933, publicado em 18-09-2012, Superior Tribunal de Justiça, 3ª turma"
reboque,2025-06-06 12:30:11,https://www.lexml.gov.br/urn/urn:lex:br:superior.tribunal.justica;turma.2:acordao;resp:2003-08-12;514675-501063,REsp 514675 / RS,urn:lex:br:superior.tribunal.justica;turma.2:acordao;resp:2003-08-12;514675-501063,jurisprudence,Brasil,,,,,"Superior Tribunal de Justiça, 2ª turma",Acórdão (RESP) número 514675-501063,12-08-2003,"Acórdão (RESP) número 514675-501063, publicado em 12-08-2003, Superior Tribunal de Justiça, 2ª turma"
reboque,2025-06-06 12:30:11,https://www.lexml.gov.br/urn/urn:lex:br:superior.tribunal.justica;turma.2:acordao;resp:2003-08-19;528222-513040,REsp 528222 / CE,urn:lex:br:superior.tribunal.justica;turma.2:acordao;resp:2003-08-19;528222-513040,jurisprudence,Brasil,,,,,"Superior Tribunal de Justiça, 2ª turma",Acórdão (RESP) número 528222-513040,19-08-2003,"Acórdão (RESP) número 528222-513040, publicado em 19-08-2003, Superior Tribunal de Justiça, 2ª turma"
reboque,2025-06-06 12:30:11,https://www.lexml.gov.br/urn/urn:lex:br:superior.tribunal.justica;secao.1:acordao;eresp:2011-02-23;887360-1097227,EREsp 887360 / BA,urn:lex:br:superior.tribunal.justica;secao.1:acordao;eresp:2011-02-23;887360-1097227,jurisprudence,Brasil,,,,,"Superior Tribunal de Justiça, Secao 1",Acórdão (ERESP) número 887360-1097227,23-02-2011,"Acórdão (ERESP) número 887360-1097227, publicado em 23-02-2011, Superior Tribunal de Justiça, Secao 1"
reboque,2025-06-06 12:30:11,https://www.lexml.gov.br/urn/urn:lex:br:rede.virtual.bibliotecas:livro:1951;000126306,I Contratti navali,urn:lex:br:rede.virtual.bibliotecas:livro:1951;000126306,legislation,Brasil,,,,,,Livro Rede.Virtual.Bibliotecas 000126306,1951,"Livro Rede.Virtual.Bibliotecas 000126306, promulgada em 1951, Brasil"
reboque,2025-06-06 12:30:11,https://www.lexml.gov.br/urn/urn:lex:br:superior.tribunal.justica;turma.1:acordao;resp:2001-08-21;308734-440937,REsp 308734 / RJ,urn:lex:br:superior.tribunal.justica;turma.1:acordao;resp:2001-08-21;308734-440937,jurisprudence,Brasil,,,,,"Superior Tribunal de Justiça, 1ª turma",Acórdão (RESP) número 308734-440937,21-08-2001,"Acórdão (RESP) número 308734-440937, publicado em 21-08-2001, Superior Tribunal de Justiça, 1ª turma"
reboque,2025-06-06 12:30:11,https://www.lexml.gov.br/urn/urn:lex:br;minas.gerais:estadual:decreto:2024-04-25;48805,"Decreto nº 48805, de 25 de abril de 2024",urn:lex:br;minas.gerais:estadual:decreto:2024-04-25;48805,legislation,Brasil,Minas Gerais,,,,,Decreto Estadual 48805,25-04-2024,"Decreto Estadual 48805, promulgada em 25-04-2024, Estado de Minas Gerais, Brasil"
reboque,2025-06-06 12:30:11,https://www.lexml.gov.br/urn/urn:lex:br:rede.virtual.bibliotecas:livro:1964;000046500,El contrato de remolque,urn:lex:br:rede.virtual.bibliotecas:livro:1964;000046500,legislation,Brasil,,,,,,Livro Rede.Virtual.Bibliotecas 000046500,1964,"Livro Rede.Virtual.Bibliotecas 000046500, promulgada em 1964, Brasil"
reboque,2025-06-06 12:30:11,"https://www.lexml.gov.br/urn/urn:lex:br:terceiro.conselho.contribuintes;camara.3;turma.ordinaria:acordao:1999-04-13;303-29.079,4695937",Acórdão nº 303-29.079 do Processo 11060.001709/96-31,"urn:lex:br:terceiro.conselho.contribuintes;camara.3;turma.ordinaria:acordao:1999-04-13;303-29.079,4695937",jurisprudence,Brasil,,,,,"Terceiro Conselho Contribuintes, 3ª câmara","Acórdão número 303-29.079,4695937",13-04-1999,"Acórdão número 303-29.079,4695937, publicado em 13-04-1999, Terceiro Conselho Contribuintes, 3ª câmara"
reboque,2025-06-06 12:30:11,https://www.lexml.gov.br/urn/urn:lex:br;rio.grande.sul;veranopolis:municipal:decreto:2020-11-17;6742,"Decreto Executivo Municipal nº 6.742, de 17 de novembro de 2020",urn:lex:br;rio.grande.sul;veranopolis:municipal:decreto:2020-11-17;6742,legislation,Brasil,Rio.Grande.Sul,Veranopolis,,,,Decreto Municipal 6742,17-11-2020,"Decreto Municipal 6742, promulgada em 17-11-2020, Município de Veranopolis, Estado de Rio.Grande.Sul, Brasil"
reboque,2025-06-06 12:30:11,https://www.lexml.gov.br/urn/urn:lex:br:rede.virtual.bibliotecas:livro:1914;000050330,La traîne,urn:lex:br:rede.virtual.bibliotecas:livro:1914;000050330,legislation,Brasil,,,,,,Livro Rede.Virtual.Bibliotecas 000050330,1914,"Livro Rede.Virtual.Bibliotecas 000050330, promulgada em 1914, Brasil"
reboque,2025-06-06 12:30:11,https://www.lexml.gov.br/urn/urn:lex:br:rede.virtual.bibliotecas:artigo.revista:2012;1000943256,El contrato de Remolque,urn:lex:br:rede.virtual.bibliotecas:artigo.revista:2012;1000943256,legislation,Brasil,,,,,,Artigo.Revista Rede.Virtual.Bibliotecas 1000943256,2012,"Artigo.Revista Rede.Virtual.Bibliotecas 1000943256, promulgada em 2012, Brasil"
reboque,2025-06-06 12:30:11,https://www.lexml.gov.br/urn/urn:lex:br:superior.tribunal.justica;turma.3:acordao;aresp:2017-06-20;1026274-1672557,AgInt no AREsp 1026274 / PR,urn:lex:br:superior.tribunal.justica;turma.3:acordao;aresp:2017-06-20;1026274-1672557,jurisprudence,Brasil,,,,,"Superior Tribunal de Justiça, 3ª turma",Acórdão (ARESP) número 1026274-1672557,20-06-2017,"Acórdão (ARESP) número 1026274-1672557, publicado em 20-06-2017, Superior Tribunal de Justiça, 3ª turma"
reboque,2025-06-06 12:30:11,https://www.lexml.gov.br/urn/urn:lex:br;sao.paulo:estadual:lei:1950-01-07;630,"Lei nº 630, de 07/01/1950",urn:lex:br;sao.paulo:estadual:lei:1950-01-07;630,legislation,Brasil,São Paulo,,,,,Lei Estadual 630,07-01-1950,"Lei Estadual 630, promulgada em 07-01-1950, Estado de São Paulo, Brasil"
reboque,2025-06-06 12:30:11,https://www.lexml.gov.br/urn/urn:lex:br:senado.federal:projeto.lei;pls:1995;321,[ Projeto de Lei do Senado nº 321/1995 ],urn:lex:br:senado.federal:projeto.lei;pls:1995;321,legislation,Brasil,,,,,,Projeto.Lei (Pls) Senado.Federal 321,1995,"Projeto.Lei (Pls) Senado.Federal 321, promulgada em 1995, Brasil"
reboque,2025-06-06 12:30:11,https://www.lexml.gov.br/urn/urn:lex:br;distrito.federal:tribunal.justica.distrito.federal.territorios;turma.criminal.2:acordao:2010-06-18;430292,Acórdão nº 430292 do Processo nº20080710108650apr,urn:lex:br;distrito.federal:tribunal.justica.distrito.federal.territorios;turma.criminal.2:acordao:2010-06-18;430292,jurisprudence,Brasil,,,Distrito Federal,,"Tribunal Justica Distrito Federal Territorios, criminal.2ª turma",Acórdão número 430292,18-06-2010,"Acórdão número 430292, publicado em 18-06-2010, Tribunal Justica Distrito Federal Territorios, criminal.2ª turma, Distrito Federal"
reboque,2025-06-06 12:30:11,https://www.lexml.gov.br/urn/urn:lex:br;sao.paulo;hortolandia:municipal:lei:2023-08-15;4170,"Lei n° 4170, de 15 de agosto de 2023",urn:lex:br;sao.paulo;hortolandia:municipal:lei:2023-08-15;4170,legislation,Brasil,São Paulo,Hortolandia,,,,Lei Municipal 4170,15-08-2023,"Lei Municipal 4170, promulgada em 15-08-2023, Município de Hortolandia, Estado de São Paulo, Brasil"
semi-reboque,2025-06-06 12:30:13,https://www.lexml.gov.br/urn/urn:lex:br:federal:lei:2002-07-11;10517,"Lei nº 10.517, de 11 de Julho de 2002",urn:lex:br:federal:lei:2002-07-11;10517,legislation,Brasil,,,,,,Lei Federal 10517,11-07-2002,"Lei Federal 10517, promulgada em 11-07-2002, Brasil"
semi-reboque,2025-06-06 12:30:13,https://www.lexml.gov.br/urn/urn:lex:br:superior.tribunal.justica;turma.4:acordao;resp:2010-03-04;494372-1005115,REsp 494372 / MG,urn:lex:br:superior.tribunal.justica;turma.4:acordao;resp:2010-03-04;494372-1005115,jurisprudence,Brasil,,,,,"Superior Tribunal de Justiça, 4ª turma",Acórdão (RESP) número 494372-1005115,04-03-2010,"Acórdão (RESP) número 494372-1005115, publicado em 04-03-2010, Superior Tribunal de Justiça, 4ª turma"
semi-reboque,2025-06-06 12:30:13,https://www.lexml.gov.br/urn/urn:lex:br:camara.deputados:projeto.decreto.legislativo;pdc:2005-02-16;1550,PDC 1550/2005,urn:lex:br:camara.deputados:projeto.decreto.legislativo;pdc:2005-02-16;1550,legislation,Brasil,,,,,,Projeto.Decreto.Legislativo (Pdc) Camara.Deputados 1550,16-02-2005,"Projeto.Decreto.Legislativo (Pdc) Camara.Deputados 1550, promulgada em 16-02-2005, Brasil"
semi-reboque,2025-06-06 12:30:13,https://www.lexml.gov.br/urn/urn:lex:br:camara.deputados:projeto.decreto.legislativo;pdc:2005-03-03;1560,PDC 1560/2005,urn:lex:br:camara.deputados:projeto.decreto.legislativo;pdc:2005-03-03;1560,legislation,Brasil,,,,,,Projeto.Decreto.Legislativo (Pdc) Camara.Deputados 1560,03-03-2005,"Projeto.Decreto.Legislativo (Pdc) Camara.Deputados 1560, promulgada em 03-03-2005, Brasil"
semi-reboque,2025-06-06 12:30:13,https://www.lexml.gov.br/urn/urn:lex:br;justica.trabalho;regiao.24:tribunal.regional.trabalho;turma.2:acordao:2010-11-10;0071300-95.2009.5.24.0007,ACÓRDÃO TRT 24ª / 2ª Turma / RO.1 0071300-95.2009.5.24.0007,urn:lex:br;justica.trabalho;regiao.24:tribunal.regional.trabalho;turma.2:acordao:2010-11-10;0071300-95.2009.5.24.0007,jurisprudence,Brasil,,,Justiça do Trabalho,24ª região,"Tribunal Regional do Trabalho, 2ª turma",Acórdão número 0071300-95.2009.5.24.0007,10-11-2010,"Acórdão número 0071300-95.2009.5.24.0007, publicado em 10-11-2010, Tribunal Regional do Trabalho, 2ª turma, da 24ª região, Justiça do Trabalho"
semi-reboque,2025-06-06 12:30:13,https://www.lexml.gov.br/urn/urn:lex:br:camara.deputados:projeto.lei;pl:2020-12-03;5345,PL 5345/2020,urn:lex:br:camara.deputados:projeto.lei;pl:2020-12-03;5345,legislation,Brasil,,,,,,Projeto.Lei (Pl) Camara.Deputados 5345,03-12-2020,"Projeto.Lei (Pl) Camara.Deputados 5345, promulgada em 03-12-2020, Brasil"
semi-reboque,2025-06-06 12:30:13,https://www.lexml.gov.br/urn/urn:lex:br;distrito.federal:tribunal.justica.distrito.federal.territorios;turma.civel.4:acordao:2006-11-13;266616,Acórdão nº 266616 do Processo nº20040110479525apc,urn:lex:br;distrito.federal:tribunal.justica.distrito.federal.territorios;turma.civel.4:acordao:2006-11-13;266616,jurisprudence,Brasil,,,Distrito Federal,,"Tribunal Justica Distrito Federal Territorios, civel.4ª turma",Acórdão número 266616,13-11-2006,"Acórdão número 266616, publicado em 13-11-2006, Tribunal Justica Distrito Federal Territorios, civel.4ª turma, Distrito Federal"
semi-reboque,2025-06-06 12:30:13,https://www.lexml.gov.br/urn/urn:lex:br;justica.trabalho;regiao.3:tribunal.regional.trabalho;turma.3:acordao:2009-12-14;0100900-79.2007.5.03.0149,Acórdão TRT 3ª / Terceira Turma / 2009-12-14,urn:lex:br;justica.trabalho;regiao.3:tribunal.regional.trabalho;turma.3:acordao:2009-12-14;0100900-79.2007.5.03.0149,jurisprudence,Brasil,,,Justiça do Trabalho,3ª região,"Tribunal Regional do Trabalho, 3ª turma",Acórdão número 0100900-79.2007.5.03.0149,14-12-2009,"Acórdão número 0100900-79.2007.5.03.0149, publicado em 14-12-2009, Tribunal Regional do Trabalho, 3ª turma, da 3ª região, Justiça do Trabalho"
semi-reboque,2025-06-06 12:30:13,"https://www.lexml.gov.br/urn/urn:lex:br:terceiro.conselho.contribuintes;camara.3;turma.ordinaria:acordao:1995-04-25;303-28182,4818003",Acórdão nº 303-28182 do Processo 10314.000285/93-35,"urn:lex:br:terceiro.conselho.contribuintes;camara.3;turma.ordinaria:acordao:1995-04-25;303-28182,4818003",jurisprudence,Brasil,,,,,"Terceiro Conselho Contribuintes, 3ª câmara","Acórdão número 303-28182,4818003",25-04-1995,"Acórdão número 303-28182,4818003, publicado em 25-04-1995, Terceiro Conselho Contribuintes, 3ª câmara"
semi-reboque,2025-06-06 12:30:13,"https://www.lexml.gov.br/urn/urn:lex:br:primeiro.conselho.contribuintes;camara.6;turma.ordinaria:acordao:1999-10-19;106-11001,4688542",Acórdão nº 106-11001 do Processo 10935.003031/96-22,"urn:lex:br:primeiro.conselho.contribuintes;camara.6;turma.ordinaria:acordao:1999-10-19;106-11001,4688542",jurisprudence,Brasil,,,,,"Primeiro Conselho Contribuintes, 6ª câmara","Acórdão número 106-11001,4688542",19-10-1999,"Acórdão número 106-11001,4688542, publicado em 19-10-1999, Primeiro Conselho Contribuintes, 6ª câmara"
semi-reboque,2025-06-06 12:30:13,https://www.lexml.gov.br/urn/urn:lex:br;justica.trabalho;regiao.3:tribunal.regional.trabalho;turma.8:acordao:2012-05-02;0000211-18.2011.5.03.0042,Acórdão TRT 3ª / Oitava Turma / 2012-05-02,urn:lex:br;justica.trabalho;regiao.3:tribunal.regional.trabalho;turma.8:acordao:2012-05-02;0000211-18.2011.5.03.0042,jurisprudence,Brasil,,,Justiça do Trabalho,3ª região,"Tribunal Regional do Trabalho, 8ª turma",Acórdão número 0000211-18.2011.5.03.0042,02-05-2012,"Acórdão número 0000211-18.2011.5.03.0042, publicado em 02-05-2012, Tribunal Regional do Trabalho, 8ª turma, da 3ª região, Justiça do Trabalho"
semi-reboque,2025-06-06 12:30:13,https://www.lexml.gov.br/urn/urn:lex:br;distrito.federal:tribunal.justica.distrito.federal.territorios;turma.civel.2:acordao:2003-09-01;181756,Acórdão nº 181756 do Processo nº20000710122483apc,urn:lex:br;distrito.federal:tribunal.justica.distrito.federal.territorios;turma.civel.2:acordao:2003-09-01;181756,jurisprudence,Brasil,,,Distrito Federal,,"Tribunal Justica Distrito Federal Territorios, civel.2ª turma",Acórdão número 181756,01-09-2003,"Acórdão número 181756, publicado em 01-09-2003, Tribunal Justica Distrito Federal Territorios, civel.2ª turma, Distrito Federal"
semi-reboque,2025-06-06 12:30:13,"https://www.lexml.gov.br/urn/urn:lex:br:conselho.administrativo.recursos.fiscais;secao.julgamento.3;camara.4;turma.ordinaria.1:acordao:2018-07-26;3401-005.210,7413696",Acórdão nº 3401-005.210 do Processo 10736.000002/2011-19,"urn:lex:br:conselho.administrativo.recursos.fiscais;secao.julgamento.3;camara.4;turma.ordinaria.1:acordao:2018-07-26;3401-005.210,7413696",jurisprudence,Brasil,,,,,"Conselho Administrativo Recursos Fiscais, Secao Julgamento 3","Acórdão número 3401-005.210,7413696",26-07-2018,"Acórdão número 3401-005.210,7413696, publicado em 26-07-2018, Conselho Administrativo Recursos Fiscais, Secao Julgamento 3"
semi-reboque,2025-06-06 12:30:13,https://www.lexml.gov.br/urn/urn:lex:br;distrito.federal:tribunal.justica.distrito.federal.territorios;turma.civel.2:acordao:2013-09-11;712275,Acórdão nº 712275 do Processo nº20090111617437apc,urn:lex:br;distrito.federal:tribunal.justica.distrito.federal.territorios;turma.civel.2:acordao:2013-09-11;712275,jurisprudence,Brasil,,,Distrito Federal,,"Tribunal Justica Distrito Federal Territorios, civel.2ª turma",Acórdão número 712275,11-09-2013,"Acórdão número 712275, publicado em 11-09-2013, Tribunal Justica Distrito Federal Territorios, civel.2ª turma, Distrito Federal"
semi-reboque,2025-06-06 12:30:13,https://www.lexml.gov.br/urn/urn:lex:br:superior.tribunal.justica;turma.3:acordao;resp:2018-05-22;1571571-1727452,AgInt no REsp 1571571 / MG,urn:lex:br:superior.tribunal.justica;turma.3:acordao;resp:2018-05-22;1571571-1727452,jurisprudence,Brasil,,,,,"Superior Tribunal de Justiça, 3ª turma",Acórdão (RESP) número 1571571-1727452,22-05-2018,"Acórdão (RESP) número 1571571-1727452, publicado em 22-05-2018, Superior Tribunal de Justiça, 3ª turma"
semi-reboque,2025-06-06 12:30:13,https://www.lexml.gov.br/urn/urn:lex:br;distrito.federal:tribunal.justica.distrito.federal.territorios;turma.criminal.1:acordao:2006-01-12;239663,Acórdão nº 239663 do Processo nº19990610029435apr,urn:lex:br;distrito.federal:tribunal.justica.distrito.federal.territorios;turma.criminal.1:acordao:2006-01-12;239663,jurisprudence,Brasil,,,Distrito Federal,,"Tribunal Justica Distrito Federal Territorios, criminal.1ª turma",Acórdão número 239663,12-01-2006,"Acórdão número 239663, publicado em 12-01-2006, Tribunal Justica Distrito Federal Territorios, criminal.1ª turma, Distrito Federal"
carreta,2025-06-06 12:30:15,https://www.lexml.gov.br/urn/urn:lex:br;minas.gerais;divinopolis:municipal:lei:1951-01-17;196,"Lei Ordinária n° 196, de 17 de Janeiro de 1951",urn:lex:br;minas.gerais;divinopolis:municipal:lei:1951-01-17;196,legislation,Brasil,Minas Gerais,Divinopolis,,,,Lei Municipal 196,17-01-1951,"Lei Municipal 196, promulgada em 17-01-1951, Município de Divinopolis, Estado de Minas Gerais, Brasil"
carreta,2025-06-06 12:30:15,https://www.lexml.gov.br/urn/urn:lex:br;justica.trabalho;regiao.3:tribunal.regional.trabalho;turma.8:acordao:2007-06-27;01159-2006-072-03-00-2,Acórdão TRT 3ª / Oitava Turma / 2007-06-27,urn:lex:br;justica.trabalho;regiao.3:tribunal.regional.trabalho;turma.8:acordao:2007-06-27;01159-2006-072-03-00-2,jurisprudence,Brasil,,,Justiça do Trabalho,3ª região,"Tribunal Regional do Trabalho, 8ª turma",Acórdão número 01159-2006-072-03-00-2,27-06-2007,"Acórdão número 01159-2006-072-03-00-2, publicado em 27-06-2007, Tribunal Regional do Trabalho, 8ª turma, da 3ª região, Justiça do Trabalho"
carreta,2025-06-06 12:30:15,https://www.lexml.gov.br/urn/urn:lex:br;sao.paulo;campinas:municipal:lei:1984-03-13;5403,"Lei nº 5403, de 13 de Março de 1984",urn:lex:br;sao.paulo;campinas:municipal:lei:1984-03-13;5403,legislation,Brasil,São Paulo,Campinas,,,,Lei Municipal 5403,13-03-1984,"Lei Municipal 5403, promulgada em 13-03-1984, Município de Campinas, Estado de São Paulo, Brasil"
carreta,2025-06-06 12:30:15,https://www.lexml.gov.br/urn/urn:lex:br;justica.trabalho;regiao.3:tribunal.regional.trabalho;turma.8:acordao:2005-08-03;00196-2005-040-03-00-8,Acórdão TRT 3ª / Oitava Turma / 2005-08-03,urn:lex:br;justica.trabalho;regiao.3:tribunal.regional.trabalho;turma.8:acordao:2005-08-03;00196-2005-040-03-00-8,jurisprudence,Brasil,,,Justiça do Trabalho,3ª região,"Tribunal Regional do Trabalho, 8ª turma",Acórdão número 00196-2005-040-03-00-8,03-08-2005,"Acórdão número 00196-2005-040-03-00-8, publicado em 03-08-2005, Tribunal Regional do Trabalho, 8ª turma, da 3ª região, Justiça do Trabalho"
carreta,2025-06-06 12:30:15,https://www.lexml.gov.br/urn/urn:lex:br;justica.trabalho;regiao.8:tribunal.regional.trabalho;turma.3:acordao:2014-03-26;0010246-21.2013.5.08.0206,ACÓRDÃO TRT 8ª / 3ª T / RO 0010246-21.2013.5.08.0206,urn:lex:br;justica.trabalho;regiao.8:tribunal.regional.trabalho;turma.3:acordao:2014-03-26;0010246-21.2013.5.08.0206,jurisprudence,Brasil,,,Justiça do Trabalho,8ª região,"Tribunal Regional do Trabalho, 3ª turma",Acórdão número 0010246-21.2013.5.08.0206,26-03-2014,"Acórdão número 0010246-21.2013.5.08.0206, publicado em 26-03-2014, Tribunal Regional do Trabalho, 3ª turma, da 8ª região, Justiça do Trabalho"
carreta,2025-06-06 12:30:15,https://www.lexml.gov.br/urn/urn:lex:br:tribunal.superior.trabalho;turma.5:acordao;rr:2012-08-15;214000-2007-2-15-0,Acórdão do processo Nº RR - 214000-32.2007.5.15.0002,urn:lex:br:tribunal.superior.trabalho;turma.5:acordao;rr:2012-08-15;214000-2007-2-15-0,jurisprudence,Brasil,,,,,"Tribunal Superior do Trabalho, 5ª turma",Acórdão (RR) número 214000-2007-2-15-0,15-08-2012,"Acórdão (RR) número 214000-2007-2-15-0, publicado em 15-08-2012, Tribunal Superior do Trabalho, 5ª turma"
carreta,2025-06-06 12:30:15,https://www.lexml.gov.br/urn/urn:lex:br;justica.trabalho;regiao.3:tribunal.regional.trabalho;turma.9:acordao:2014-09-30;0000037-74.2014.5.03.0148,Acórdão TRT 3ª / Nona Turma / 2014-09-30,urn:lex:br;justica.trabalho;regiao.3:tribunal.regional.trabalho;turma.9:acordao:2014-09-30;0000037-74.2014.5.03.0148,jurisprudence,Brasil,,,Justiça do Trabalho,3ª região,"Tribunal Regional do Trabalho, 9ª turma",Acórdão número 0000037-74.2014.5.03.0148,30-09-2014,"Acórdão número 0000037-74.2014.5.03.0148, publicado em 30-09-2014, Tribunal Regional do Trabalho, 9ª turma, da 3ª região, Justiça do Trabalho"
carreta,2025-06-06 12:30:15,https://www.lexml.gov.br/urn/urn:lex:br;justica.trabalho;regiao.3:tribunal.regional.trabalho;turma.2:acordao:2004-04-13;01155-2003-039-03-00-7,Acórdão TRT 3ª / Segunda Turma / 2004-04-13,urn:lex:br;justica.trabalho;regiao.3:tribunal.regional.trabalho;turma.2:acordao:2004-04-13;01155-2003-039-03-00-7,jurisprudence,Brasil,,,Justiça do Trabalho,3ª região,"Tribunal Regional do Trabalho, 2ª turma",Acórdão número 01155-2003-039-03-00-7,13-04-2004,"Acórdão número 01155-2003-039-03-00-7, publicado em 13-04-2004, Tribunal Regional do Trabalho, 2ª turma, da 3ª região, Justiça do Trabalho"
carreta,2025-06-06 12:30:15,https://www.lexml.gov.br/urn/urn:lex:br;justica.trabalho;regiao.3:tribunal.regional.trabalho;turma.8:acordao:2005-04-06;01955-1998-104-03-00-4,Acórdão TRT 3ª / Oitava Turma / 2005-04-06,urn:lex:br;justica.trabalho;regiao.3:tribunal.regional.trabalho;turma.8:acordao:2005-04-06;01955-1998-104-03-00-4,jurisprudence,Brasil,,,Justiça do Trabalho,3ª região,"Tribunal Regional do Trabalho, 8ª turma",Acórdão número 01955-1998-104-03-00-4,06-04-2005,"Acórdão número 01955-1998-104-03-00-4, publicado em 06-04-2005, Tribunal Regional do Trabalho, 8ª turma, da 3ª região, Justiça do Trabalho"
carreta,2025-06-06 12:30:15,https://www.lexml.gov.br/urn/urn:lex:br;justica.trabalho;regiao.3:tribunal.regional.trabalho;turma.7:acordao:2005-11-10;00365-2005-043-03-00-9,Acórdão TRT 3ª / Setima Turma / 2005-11-10,urn:lex:br;justica.trabalho;regiao.3:tribunal.regional.trabalho;turma.7:acordao:2005-11-10;00365-2005-043-03-00-9,jurisprudence,Brasil,,,Justiça do Trabalho,3ª região,"Tribunal Regional do Trabalho, 7ª turma",Acórdão número 00365-2005-043-03-00-9,10-11-2005,"Acórdão número 00365-2005-043-03-00-9, publicado em 10-11-2005, Tribunal Regional do Trabalho, 7ª turma, da 3ª região, Justiça do Trabalho"
carreta,2025-06-06 12:30:15,https://www.lexml.gov.br/urn/urn:lex:br;justica.trabalho;regiao.3:tribunal.regional.trabalho;turma.2:acordao:2002-04-02;01509-2001-019-03-00-7,Acórdão TRT 3ª / Segunda Turma / 2002-04-02,urn:lex:br;justica.trabalho;regiao.3:tribunal.regional.trabalho;turma.2:acordao:2002-04-02;01509-2001-019-03-00-7,jurisprudence,Brasil,,,Justiça do Trabalho,3ª região,"Tribunal Regional do Trabalho, 2ª turma",Acórdão número 01509-2001-019-03-00-7,02-04-2002,"Acórdão número 01509-2001-019-03-00-7, publicado em 02-04-2002, Tribunal Regional do Trabalho, 2ª turma, da 3ª região, Justiça do Trabalho"
carreta,2025-06-06 12:30:15,https://www.lexml.gov.br/urn/urn:lex:br;justica.trabalho;regiao.3:tribunal.regional.trabalho;turma.7:acordao:2005-11-10;01172-2005-041-03-00-2,Acórdão TRT 3ª / Setima Turma / 2005-11-10,urn:lex:br;justica.trabalho;regiao.3:tribunal.regional.trabalho;turma.7:acordao:2005-11-10;01172-2005-041-03-00-2,jurisprudence,Brasil,,,Justiça do Trabalho,3ª região,"Tribunal Regional do Trabalho, 7ª turma",Acórdão número 01172-2005-041-03-00-2,10-11-2005,"Acórdão número 01172-2005-041-03-00-2, publicado em 10-11-2005, Tribunal Regional do Trabalho, 7ª turma, da 3ª região, Justiça do Trabalho"
carreta,2025-06-06 12:30:15,https://www.lexml.gov.br/urn/urn:lex:br;justica.trabalho;regiao.3:tribunal.regional.trabalho;turma.7:acordao:2009-10-01;00440-2008-032-03-00-0,Acórdão TRT 3ª / Setima Turma / 2009-10-01,urn:lex:br;justica.trabalho;regiao.3:tribunal.regional.trabalho;turma.7:acordao:2009-10-01;00440-2008-032-03-00-0,jurisprudence,Brasil,,,Justiça do Trabalho,3ª região,"Tribunal Regional do Trabalho, 7ª turma",Acórdão número 00440-2008-032-03-00-0,01-10-2009,"Acórdão número 00440-2008-032-03-00-0, publicado em 01-10-2009, Tribunal Regional do Trabalho, 7ª turma, da 3ª região, Justiça do Trabalho"
carreta,2025-06-06 12:30:15,https://www.lexml.gov.br/urn/urn:lex:br;justica.trabalho;regiao.3:tribunal.regional.trabalho;turma.9:acordao:2009-11-17;0050900-41.2009.5.03.0073,Acórdão TRT 3ª / Nona Turma / 2009-11-17,urn:lex:br;justica.trabalho;regiao.3:tribunal.regional.trabalho;turma.9:acordao:2009-11-17;0050900-41.2009.5.03.0073,jurisprudence,Brasil,,,Justiça do Trabalho,3ª região,"Tribunal Regional do Trabalho, 9ª turma",Acórdão número 0050900-41.2009.5.03.0073,17-11-2009,"Acórdão número 0050900-41.2009.5.03.0073, publicado em 17-11-2009, Tribunal Regional do Trabalho, 9ª turma, da 3ª região, Justiça do Trabalho"
carreta,2025-06-06 12:30:15,https://www.lexml.gov.br/urn/urn:lex:br;justica.trabalho;regiao.3:tribunal.regional.trabalho;turma.3:acordao:2012-05-23;0001282-86.2010.5.03.0043,Acórdão TRT 3ª / Terceira Turma / 2012-05-23,urn:lex:br;justica.trabalho;regiao.3:tribunal.regional.trabalho;turma.3:acordao:2012-05-23;0001282-86.2010.5.03.0043,jurisprudence,Brasil,,,Justiça do Trabalho,3ª região,"Tribunal Regional do Trabalho, 3ª turma",Acórdão número 0001282-86.2010.5.03.0043,23-05-2012,"Acórdão número 0001282-86.2010.5.03.0043, publicado em 23-05-2012, Tribunal Regional do Trabalho, 3ª turma, da 3ª região, Justiça do Trabalho"
carreta,2025-06-06 12:30:15,https://www.lexml.gov.br/urn/urn:lex:br;justica.trabalho;regiao.3:tribunal.regional.trabalho;turma.4:acordao:2023-11-27;0010892-49.2023.5.03.0067,Acórdão PJe TRT 3ª / Quarta Turma / 2023-11-27,urn:lex:br;justica.trabalho;regiao.3:tribunal.regional.trabalho;turma.4:acordao:2023-11-27;0010892-49.2023.5.03.0067,jurisprudence,Brasil,,,Justiça do Trabalho,3ª região,"Tribunal Regional do Trabalho, 4ª turma",Acórdão número 0010892-49.2023.5.03.0067,27-11-2023,"Acórdão número 0010892-49.2023.5.03.0067, publicado em 27-11-2023, Tribunal Regional do Trabalho, 4ª turma, da 3ª região, Justiça do Trabalho"
carreta,2025-06-06 12:30:15,https://www.lexml.gov.br/urn/urn:lex:br;justica.trabalho;regiao.3:tribunal.regional.trabalho;turma.9:acordao:2023-11-29;0010979-07.2023.5.03.0131,Acórdão PJe TRT 3ª / Nona Turma / 2023-11-29,urn:lex:br;justica.trabalho;regiao.3:tribunal.regional.trabalho;turma.9:acordao:2023-11-29;0010979-07.2023.5.03.0131,jurisprudence,Brasil,,,Justiça do Trabalho,3ª região,"Tribunal Regional do Trabalho, 9ª turma",Acórdão número 0010979-07.2023.5.03.0131,29-11-2023,"Acórdão número 0010979-07.2023.5.03.0131, publicado em 29-11-2023, Tribunal Regional do Trabalho, 9ª turma, da 3ª região, Justiça do Trabalho"
carreta,2025-06-06 12:30:15,https://www.lexml.gov.br/urn/urn:lex:br;justica.trabalho;regiao.3:tribunal.regional.trabalho;turma.9:acordao:2024-05-08;0010235-66.2024.5.03.0134,Acórdão PJe TRT 3ª / Nona Turma / 2024-05-08,urn:lex:br;justica.trabalho;regiao.3:tribunal.regional.trabalho;turma.9:acordao:2024-05-08;0010235-66.2024.5.03.0134,jurisprudence,Brasil,,,Justiça do Trabalho,3ª região,"Tribunal Regional do Trabalho, 9ª turma",Acórdão número 0010235-66.2024.5.03.0134,08-05-2024,"Acórdão número 0010235-66.2024.5.03.0134, publicado em 08-05-2024, Tribunal Regional do Trabalho, 9ª turma, da 3ª região, Justiça do Trabalho"
carreta,2025-06-06 12:30:15,https://www.lexml.gov.br/urn/urn:lex:br;justica.trabalho;regiao.3:tribunal.regional.trabalho;turma.9:acordao:2019-07-12;0010077-05.2019.5.03.0031,Acórdão PJe TRT 3ª / Nona Turma / 2019-07-12,urn:lex:br;justica.trabalho;regiao.3:tribunal.regional.trabalho;turma.9:acordao:2019-07-12;0010077-05.2019.5.03.0031,jurisprudence,Brasil,,,Justiça do Trabalho,3ª região,"Tribunal Regional do Trabalho, 9ª turma",Acórdão número 0010077-05.2019.5.03.0031,12-07-2019,"Acórdão número 0010077-05.2019.5.03.0031, publicado em 12-07-2019, Tribunal Regional do Trabalho, 9ª turma, da 3ª região, Justiça do Trabalho"
carreta,2025-06-06 12:30:15,https://www.lexml.gov.br/urn/urn:lex:br;justica.trabalho;regiao.3:tribunal.regional.trabalho;turma.9:acordao:2022-02-02;0011154-75.2019.5.03.0087,Acórdão PJe TRT 3ª / Nona Turma / 2022-02-02,urn:lex:br;justica.trabalho;regiao.3:tribunal.regional.trabalho;turma.9:acordao:2022-02-02;0011154-75.2019.5.03.0087,jurisprudence,Brasil,,,Justiça do Trabalho,3ª região,"Tribunal Regional do Trabalho, 9ª turma",Acórdão número 0011154-75.2019.5.03.0087,02-02-2022,"Acórdão número 0011154-75.2019.5.03.0087, publicado em 02-02-2022, Tribunal Regional do Trabalho, 9ª turma, da 3ª região, Justiça do Trabalho"
bitrem,2025-06-06 12:30:17,https://www.lexml.gov.br/urn/urn:lex:br;justica.trabalho;regiao.3:tribunal.regional.trabalho;turma.8:acordao:2018-02-22;0010132-50.2016.5.03.0163,Acórdão PJe TRT 3ª / Oitava Turma / 2018-02-22,urn:lex:br;justica.trabalho;regiao.3:tribunal.regional.trabalho;turma.8:acordao:2018-02-22;0010132-50.2016.5.03.0163,jurisprudence,Brasil,,,Justiça do Trabalho,3ª região,"Tribunal Regional do Trabalho, 8ª turma",Acórdão número 0010132-50.2016.5.03.0163,22-02-2018,"Acórdão número 0010132-50.2016.5.03.0163, publicado em 22-02-2018, Tribunal Regional do Trabalho, 8ª turma, da 3ª região, Justiça do Trabalho"
bitrem,2025-06-06 12:30:17,https://www.lexml.gov.br/urn/urn:lex:br;justica.trabalho;regiao.3:tribunal.regional.trabalho;turma.6:acordao:2015-04-14;0000916-45.2014.5.03.0160,Acórdão TRT 3ª / Sexta Turma / 2015-04-14,urn:lex:br;justica.trabalho;regiao.3:tribunal.regional.trabalho;turma.6:acordao:2015-04-14;0000916-45.2014.5.03.0160,jurisprudence,Brasil,,,Justiça do Trabalho,3ª região,"Tribunal Regional do Trabalho, 6ª turma",Acórdão número 0000916-45.2014.5.03.0160,14-04-2015,"Acórdão número 0000916-45.2014.5.03.0160, publicado em 14-04-2015, Tribunal Regional do Trabalho, 6ª turma, da 3ª região, Justiça do Trabalho"
bitrem,2025-06-06 12:30:17,https://www.lexml.gov.br/urn/urn:lex:br;rio.grande.sul;arroio.grande:municipal:decreto:2013-12-06;406,"Decreto (municipal) nº 406, de 06 de dezembro de 2013",urn:lex:br;rio.grande.sul;arroio.grande:municipal:decreto:2013-12-06;406,legislation,Brasil,Rio.Grande.Sul,Arroio Grande,,,,Decreto Municipal 406,06-12-2013,"Decreto Municipal 406, promulgada em 06-12-2013, Município de Arroio Grande, Estado de Rio.Grande.Sul, Brasil"
bitrem,2025-06-06 12:30:17,https://www.lexml.gov.br/urn/urn:lex:br:tribunal.superior.trabalho;turma.1:acordao;ag:2020-03-11;11010-2015-83-18-0,Acórdão do processo Nº Ag-AIRR - 11010-38.2015.5.18.0083,urn:lex:br:tribunal.superior.trabalho;turma.1:acordao;ag:2020-03-11;11010-2015-83-18-0,jurisprudence,Brasil,,,,,"Tribunal Superior do Trabalho, 1ª turma",Acórdão (AG) número 11010-2015-83-18-0,11-03-2020,"Acórdão (AG) número 11010-2015-83-18-0, publicado em 11-03-2020, Tribunal Superior do Trabalho, 1ª turma"
bitrem,2025-06-06 12:30:17,https://www.lexml.gov.br/urn/urn:lex:br:tribunal.superior.trabalho;turma.6:acordao;airr:2014-06-18;316600-2010-0-3-0,Acórdão do processo Nº AIRR - 316600-68.2010.5.03.0000,urn:lex:br:tribunal.superior.trabalho;turma.6:acordao;airr:2014-06-18;316600-2010-0-3-0,jurisprudence,Brasil,,,,,"Tribunal Superior do Trabalho, 6ª turma",Acórdão (AIRR) número 316600-2010-0-3-0,18-06-2014,"Acórdão (AIRR) número 316600-2010-0-3-0, publicado em 18-06-2014, Tribunal Superior do Trabalho, 6ª turma"
bitrem,2025-06-06 12:30:17,https://www.lexml.gov.br/urn/urn:lex:br;justica.trabalho;regiao.3:tribunal.regional.trabalho;turma.3:acordao:2018-08-24;0010163-25.2017.5.03.0102,Acórdão PJe TRT 3ª / Terceira Turma / 2018-08-24,urn:lex:br;justica.trabalho;regiao.3:tribunal.regional.trabalho;turma.3:acordao:2018-08-24;0010163-25.2017.5.03.0102,jurisprudence,Brasil,,,Justiça do Trabalho,3ª região,"Tribunal Regional do Trabalho, 3ª turma",Acórdão número 0010163-25.2017.5.03.0102,24-08-2018,"Acórdão número 0010163-25.2017.5.03.0102, publicado em 24-08-2018, Tribunal Regional do Trabalho, 3ª turma, da 3ª região, Justiça do Trabalho"
bitrem,2025-06-06 12:30:17,https://www.lexml.gov.br/urn/urn:lex:br;justica.trabalho;regiao.8:tribunal.regional.trabalho;turma.2:acordao:2016-10-19;0010486-15.2015.5.08.0117,ACÓRDÃO TRT 8ª / 2ª T / RO 0010486-15.2015.5.08.0117,urn:lex:br;justica.trabalho;regiao.8:tribunal.regional.trabalho;turma.2:acordao:2016-10-19;0010486-15.2015.5.08.0117,jurisprudence,Brasil,,,Justiça do Trabalho,8ª região,"Tribunal Regional do Trabalho, 2ª turma",Acórdão número 0010486-15.2015.5.08.0117,19-10-2016,"Acórdão número 0010486-15.2015.5.08.0117, publicado em 19-10-2016, Tribunal Regional do Trabalho, 2ª turma, da 8ª região, Justiça do Trabalho"
bitrem,2025-06-06 12:30:17,https://www.lexml.gov.br/urn/urn:lex:br:tribunal.superior.trabalho;turma.8:acordao;airr:2012-09-05;1097-2010-65-3-0,Acórdão do processo Nº AIRR - 1097-79.2010.5.03.0065,urn:lex:br:tribunal.superior.trabalho;turma.8:acordao;airr:2012-09-05;1097-2010-65-3-0,jurisprudence,Brasil,,,,,"Tribunal Superior do Trabalho, 8ª turma",Acórdão (AIRR) número 1097-2010-65-3-0,05-09-2012,"Acórdão (AIRR) número 1097-2010-65-3-0, publicado em 05-09-2012, Tribunal Superior do Trabalho, 8ª turma"
bitrem,2025-06-06 12:30:17,https://www.lexml.gov.br/urn/urn:lex:br:tribunal.superior.trabalho;turma.7:acordao;ag:2018-11-21;17-2015-129-18-0,Acórdão do processo Nº Ag-AIRR - 17-89.2015.5.18.0129,urn:lex:br:tribunal.superior.trabalho;turma.7:acordao;ag:2018-11-21;17-2015-129-18-0,jurisprudence,Brasil,,,,,"Tribunal Superior do Trabalho, 7ª turma",Acórdão (AG) número 17-2015-129-18-0,21-11-2018,"Acórdão (AG) número 17-2015-129-18-0, publicado em 21-11-2018, Tribunal Superior do Trabalho, 7ª turma"
bitrem,2025-06-06 12:30:17,https://www.lexml.gov.br/urn/urn:lex:br;justica.trabalho;regiao.3:tribunal.regional.trabalho;turma.5:acordao:2013-04-02;0000356-43.2012.5.03.0041,Acórdão TRT 3ª / Quinta Turma / 2013-04-02,urn:lex:br;justica.trabalho;regiao.3:tribunal.regional.trabalho;turma.5:acordao:2013-04-02;0000356-43.2012.5.03.0041,jurisprudence,Brasil,,,Justiça do Trabalho,3ª região,"Tribunal Regional do Trabalho, 5ª turma",Acórdão número 0000356-43.2012.5.03.0041,02-04-2013,"Acórdão número 0000356-43.2012.5.03.0041, publicado em 02-04-2013, Tribunal Regional do Trabalho, 5ª turma, da 3ª região, Justiça do Trabalho"
bitrem,2025-06-06 12:30:17,https://www.lexml.gov.br/urn/urn:lex:br:tribunal.superior.trabalho;turma.7:acordao;ag:2024-03-13;10503-2013-168-3-0,Acórdão do processo Nº Ag-ARR - 10503-04.2013.5.03.0168,urn:lex:br:tribunal.superior.trabalho;turma.7:acordao;ag:2024-03-13;10503-2013-168-3-0,jurisprudence,Brasil,,,,,"Tribunal Superior do Trabalho, 7ª turma",Acórdão (AG) número 10503-2013-168-3-0,13-03-2024,"Acórdão (AG) número 10503-2013-168-3-0, publicado em 13-03-2024, Tribunal Superior do Trabalho, 7ª turma"
bitrem,2025-06-06 12:30:17,https://www.lexml.gov.br/urn/urn:lex:br:tribunal.superior.trabalho;turma.3:acordao;airr:2017-08-30;1756-2014-89-3-0,Acórdão do processo Nº AIRR - 1756-74.2014.5.03.0089,urn:lex:br:tribunal.superior.trabalho;turma.3:acordao;airr:2017-08-30;1756-2014-89-3-0,jurisprudence,Brasil,,,,,"Tribunal Superior do Trabalho, 3ª turma",Acórdão (AIRR) número 1756-2014-89-3-0,30-08-2017,"Acórdão (AIRR) número 1756-2014-89-3-0, publicado em 30-08-2017, Tribunal Superior do Trabalho, 3ª turma"
bitrem,2025-06-06 12:30:17,https://www.lexml.gov.br/urn/urn:lex:br:tribunal.superior.trabalho;turma.7:acordao;airr:2015-04-29;237-2013-64-3-0,Acórdão do processo Nº AIRR - 237-76.2013.5.03.0064,urn:lex:br:tribunal.superior.trabalho;turma.7:acordao;airr:2015-04-29;237-2013-64-3-0,jurisprudence,Brasil,,,,,"Tribunal Superior do Trabalho, 7ª turma",Acórdão (AIRR) número 237-2013-64-3-0,29-04-2015,"Acórdão (AIRR) número 237-2013-64-3-0, publicado em 29-04-2015, Tribunal Superior do Trabalho, 7ª turma"
bitrem,2025-06-06 12:30:17,https://www.lexml.gov.br/urn/urn:lex:br:tribunal.superior.trabalho;turma.6:acordao;airr:2015-12-02;1032-2012-28-3-0,Acórdão do processo Nº AIRR - 1032-30.2012.5.03.0028,urn:lex:br:tribunal.superior.trabalho;turma.6:acordao;airr:2015-12-02;1032-2012-28-3-0,jurisprudence,Brasil,,,,,"Tribunal Superior do Trabalho, 6ª turma",Acórdão (AIRR) número 1032-2012-28-3-0,02-12-2015,"Acórdão (AIRR) número 1032-2012-28-3-0, publicado em 02-12-2015, Tribunal Superior do Trabalho, 6ª turma"
bitrem,2025-06-06 12:30:17,https://www.lexml.gov.br/urn/urn:lex:br;justica.trabalho;regiao.3:tribunal.regional.trabalho;turma.2:acordao:2011-03-22;0001123-60.2010.5.03.0103,Acórdão TRT 3ª / Segunda Turma / 2011-03-22,urn:lex:br;justica.trabalho;regiao.3:tribunal.regional.trabalho;turma.2:acordao:2011-03-22;0001123-60.2010.5.03.0103,jurisprudence,Brasil,,,Justiça do Trabalho,3ª região,"Tribunal Regional do Trabalho, 2ª turma",Acórdão número 0001123-60.2010.5.03.0103,22-03-2011,"Acórdão número 0001123-60.2010.5.03.0103, publicado em 22-03-2011, Tribunal Regional do Trabalho, 2ª turma, da 3ª região, Justiça do Trabalho"
bitrem,2025-06-06 12:30:17,https://www.lexml.gov.br/urn/urn:lex:br;justica.trabalho;regiao.3:tribunal.regional.trabalho;turma.4:acordao:2013-02-20;0000705-83.2011.5.03.0040,Acórdão TRT 3ª / Quarta Turma / 2013-02-20,urn:lex:br;justica.trabalho;regiao.3:tribunal.regional.trabalho;turma.4:acordao:2013-02-20;0000705-83.2011.5.03.0040,jurisprudence,Brasil,,,Justiça do Trabalho,3ª região,"Tribunal Regional do Trabalho, 4ª turma",Acórdão número 0000705-83.2011.5.03.0040,20-02-2013,"Acórdão número 0000705-83.2011.5.03.0040, publicado em 20-02-2013, Tribunal Regional do Trabalho, 4ª turma, da 3ª região, Justiça do Trabalho"
bitrem,2025-06-06 12:30:17,https://www.lexml.gov.br/urn/urn:lex:br:tribunal.superior.trabalho;turma.6:acordao;airr:2017-08-30;10529-2014-114-15-0,Acórdão do processo Nº AIRR - 10529-97.2014.5.15.0114,urn:lex:br:tribunal.superior.trabalho;turma.6:acordao;airr:2017-08-30;10529-2014-114-15-0,jurisprudence,Brasil,,,,,"Tribunal Superior do Trabalho, 6ª turma",Acórdão (AIRR) número 10529-2014-114-15-0,30-08-2017,"Acórdão (AIRR) número 10529-2014-114-15-0, publicado em 30-08-2017, Tribunal Superior do Trabalho, 6ª turma"
bitrem,2025-06-06 12:30:17,https://www.lexml.gov.br/urn/urn:lex:br;justica.trabalho;regiao.3:tribunal.regional.trabalho;turma.2:acordao:2012-11-20;0001183-91.2011.5.03.0040,Acórdão TRT 3ª / Segunda Turma / 2012-11-20,urn:lex:br;justica.trabalho;regiao.3:tribunal.regional.trabalho;turma.2:acordao:2012-11-20;0001183-91.2011.5.03.0040,jurisprudence,Brasil,,,Justiça do Trabalho,3ª região,"Tribunal Regional do Trabalho, 2ª turma",Acórdão número 0001183-91.2011.5.03.0040,20-11-2012,"Acórdão número 0001183-91.2011.5.03.0040, publicado em 20-11-2012, Tribunal Regional do Trabalho, 2ª turma, da 3ª região, Justiça do Trabalho"
bitrem,2025-06-06 12:30:17,https://www.lexml.gov.br/urn/urn:lex:br:tribunal.superior.trabalho;turma.5:acordao;ag:2021-03-17;11259-2017-179-3-0,Acórdão do processo Nº Ag-AIRR - 11259-38.2017.5.03.0179,urn:lex:br:tribunal.superior.trabalho;turma.5:acordao;ag:2021-03-17;11259-2017-179-3-0,jurisprudence,Brasil,,,,,"Tribunal Superior do Trabalho, 5ª turma",Acórdão (AG) número 11259-2017-179-3-0,17-03-2021,"Acórdão (AG) número 11259-2017-179-3-0, publicado em 17-03-2021, Tribunal Superior do Trabalho, 5ª turma"
rodotrem,2025-06-06 12:30:19,https://www.lexml.gov.br/urn/urn:lex:br:tribunal.superior.trabalho;turma.6:acordao;airr:2013-09-04;1634-2011-142-3-0,Acórdão do processo Nº AIRR - 1634-04.2011.5.03.0142,urn:lex:br:tribunal.superior.trabalho;turma.6:acordao;airr:2013-09-04;1634-2011-142-3-0,jurisprudence,Brasil,,,,,"Tribunal Superior do Trabalho, 6ª turma",Acórdão (AIRR) número 1634-2011-142-3-0,04-09-2013,"Acórdão (AIRR) número 1634-2011-142-3-0, publicado em 04-09-2013, Tribunal Superior do Trabalho, 6ª turma"
rodotrem,2025-06-06 12:30:19,https://www.lexml.gov.br/urn/urn:lex:br;justica.trabalho;regiao.3:tribunal.regional.trabalho;turma.7:acordao:2023-07-05;0010215-21.2023.5.03.0131,Acórdão PJe TRT 3ª / Setima Turma / 2023-07-05,urn:lex:br;justica.trabalho;regiao.3:tribunal.regional.trabalho;turma.7:acordao:2023-07-05;0010215-21.2023.5.03.0131,jurisprudence,Brasil,,,Justiça do Trabalho,3ª região,"Tribunal Regional do Trabalho, 7ª turma",Acórdão número 0010215-21.2023.5.03.0131,05-07-2023,"Acórdão número 0010215-21.2023.5.03.0131, publicado em 05-07-2023, Tribunal Regional do Trabalho, 7ª turma, da 3ª região, Justiça do Trabalho"
rodotrem,2025-06-06 12:30:19,https://www.lexml.gov.br/urn/urn:lex:br:tribunal.superior.trabalho;turma.8:acordao;airr:2016-08-31;293-2015-111-18-0,Acórdão do processo Nº AIRR - 293-77.2015.5.18.0111,urn:lex:br:tribunal.superior.trabalho;turma.8:acordao;airr:2016-08-31;293-2015-111-18-0,jurisprudence,Brasil,,,,,"Tribunal Superior do Trabalho, 8ª turma",Acórdão (AIRR) número 293-2015-111-18-0,31-08-2016,"Acórdão (AIRR) número 293-2015-111-18-0, publicado em 31-08-2016, Tribunal Superior do Trabalho, 8ª turma"
rodotrem,2025-06-06 12:30:19,https://www.lexml.gov.br/urn/urn:lex:br;justica.trabalho;regiao.3:tribunal.regional.trabalho;turma.1:acordao:2025-02-26;0010465-42.2024.5.03.0156,Acórdão PJe TRT 3ª / Primeira Turma / 2025-02-26,urn:lex:br;justica.trabalho;regiao.3:tribunal.regional.trabalho;turma.1:acordao:2025-02-26;0010465-42.2024.5.03.0156,jurisprudence,Brasil,,,Justiça do Trabalho,3ª região,"Tribunal Regional do Trabalho, 1ª turma",Acórdão número 0010465-42.2024.5.03.0156,26-02-2025,"Acórdão número 0010465-42.2024.5.03.0156, publicado em 26-02-2025, Tribunal Regional do Trabalho, 1ª turma, da 3ª região, Justiça do Trabalho"
rodotrem,2025-06-06 12:30:19,https://www.lexml.gov.br/urn/urn:lex:br:tribunal.superior.trabalho;turma.3:acordao;airr:2018-08-15;10529-2015-111-18-0,Acórdão do processo Nº AIRR - 10529-88.2015.5.18.0111,urn:lex:br:tribunal.superior.trabalho;turma.3:acordao;airr:2018-08-15;10529-2015-111-18-0,jurisprudence,Brasil,,,,,"Tribunal Superior do Trabalho, 3ª turma",Acórdão (AIRR) número 10529-2015-111-18-0,15-08-2018,"Acórdão (AIRR) número 10529-2015-111-18-0, publicado em 15-08-2018, Tribunal Superior do Trabalho, 3ª turma"
rodotrem,2025-06-06 12:30:19,https://www.lexml.gov.br/urn/urn:lex:br;justica.trabalho;regiao.8:tribunal.regional.trabalho;turma.1:acordao:2014-03-25;0001143-30.2012.5.08.0010,ACÓRDÃO TRT 8ª / 1ª T / RO 0001143-30.2012.5.08.0010,urn:lex:br;justica.trabalho;regiao.8:tribunal.regional.trabalho;turma.1:acordao:2014-03-25;0001143-30.2012.5.08.0010,jurisprudence,Brasil,,,Justiça do Trabalho,8ª região,"Tribunal Regional do Trabalho, 1ª turma",Acórdão número 0001143-30.2012.5.08.0010,25-03-2014,"Acórdão número 0001143-30.2012.5.08.0010, publicado em 25-03-2014, Tribunal Regional do Trabalho, 1ª turma, da 8ª região, Justiça do Trabalho"
rodotrem,2025-06-06 12:30:19,https://www.lexml.gov.br/urn/urn:lex:br;justica.trabalho;regiao.3:tribunal.regional.trabalho;turma.6:acordao:2015-08-04;0000995-44.2012.5.03.0079,Acórdão TRT 3ª / Sexta Turma / 2015-08-04,urn:lex:br;justica.trabalho;regiao.3:tribunal.regional.trabalho;turma.6:acordao:2015-08-04;0000995-44.2012.5.03.0079,jurisprudence,Brasil,,,Justiça do Trabalho,3ª região,"Tribunal Regional do Trabalho, 6ª turma",Acórdão número 0000995-44.2012.5.03.0079,04-08-2015,"Acórdão número 0000995-44.2012.5.03.0079, publicado em 04-08-2015, Tribunal Regional do Trabalho, 6ª turma, da 3ª região, Justiça do Trabalho"
rodotrem,2025-06-06 12:30:19,https://www.lexml.gov.br/urn/urn:lex:br:tribunal.superior.trabalho;turma.3:acordao;airr:2017-03-22;989-2015-111-18-0,Acórdão do processo Nº AIRR - 989-16.2015.5.18.0111,urn:lex:br:tribunal.superior.trabalho;turma.3:acordao;airr:2017-03-22;989-2015-111-18-0,jurisprudence,Brasil,,,,,"Tribunal Superior do Trabalho, 3ª turma",Acórdão (AIRR) número 989-2015-111-18-0,22-03-2017,"Acórdão (AIRR) número 989-2015-111-18-0, publicado em 22-03-2017, Tribunal Superior do Trabalho, 3ª turma"
rodotrem,2025-06-06 12:30:19,https://www.lexml.gov.br/urn/urn:lex:br:tribunal.superior.trabalho;turma.3:acordao;airr:2016-06-01;208-2015-111-18-0,Acórdão do processo Nº AIRR - 208-91.2015.5.18.0111,urn:lex:br:tribunal.superior.trabalho;turma.3:acordao;airr:2016-06-01;208-2015-111-18-0,jurisprudence,Brasil,,,,,"Tribunal Superior do Trabalho, 3ª turma",Acórdão (AIRR) número 208-2015-111-18-0,01-06-2016,"Acórdão (AIRR) número 208-2015-111-18-0, publicado em 01-06-2016, Tribunal Superior do Trabalho, 3ª turma"
rodotrem,2025-06-06 12:30:19,https://www.lexml.gov.br/urn/urn:lex:br:tribunal.superior.trabalho;turma.2:acordao;ag:2023-06-07;1077-2017-8-23-0,Acórdão do processo Nº Ag-AIRR - 1077-63.2017.5.23.0008,urn:lex:br:tribunal.superior.trabalho;turma.2:acordao;ag:2023-06-07;1077-2017-8-23-0,jurisprudence,Brasil,,,,,"Tribunal Superior do Trabalho, 2ª turma",Acórdão (AG) número 1077-2017-8-23-0,07-06-2023,"Acórdão (AG) número 1077-2017-8-23-0, publicado em 07-06-2023, Tribunal Superior do Trabalho, 2ª turma"
rodotrem,2025-06-06 12:30:19,https://www.lexml.gov.br/urn/urn:lex:br:tribunal.superior.trabalho;turma.3:acordao;airr:2016-06-29;193-2015-111-18-0,Acórdão do processo Nº AIRR - 193-25.2015.5.18.0111,urn:lex:br:tribunal.superior.trabalho;turma.3:acordao;airr:2016-06-29;193-2015-111-18-0,jurisprudence,Brasil,,,,,"Tribunal Superior do Trabalho, 3ª turma",Acórdão (AIRR) número 193-2015-111-18-0,29-06-2016,"Acórdão (AIRR) número 193-2015-111-18-0, publicado em 29-06-2016, Tribunal Superior do Trabalho, 3ª turma"
rodotrem,2025-06-06 12:30:19,https://www.lexml.gov.br/urn/urn:lex:br:tribunal.superior.trabalho;turma.5:acordao;ag:2023-05-24;542-2020-141-14-0,Acórdão do processo Nº Ag-AIRR - 542-70.2020.5.14.0141,urn:lex:br:tribunal.superior.trabalho;turma.5:acordao;ag:2023-05-24;542-2020-141-14-0,jurisprudence,Brasil,,,,,"Tribunal Superior do Trabalho, 5ª turma",Acórdão (AG) número 542-2020-141-14-0,24-05-2023,"Acórdão (AG) número 542-2020-141-14-0, publicado em 24-05-2023, Tribunal Superior do Trabalho, 5ª turma"
rodotrem,2025-06-06 12:30:19,https://www.lexml.gov.br/urn/urn:lex:br;justica.trabalho;regiao.3:tribunal.regional.trabalho;turma.3:acordao:2011-12-02;0000690-02.2010.5.03.0024,Acórdão TRT 3ª / Terceira Turma / 2011-12-02,urn:lex:br;justica.trabalho;regiao.3:tribunal.regional.trabalho;turma.3:acordao:2011-12-02;0000690-02.2010.5.03.0024,jurisprudence,Brasil,,,Justiça do Trabalho,3ª região,"Tribunal Regional do Trabalho, 3ª turma",Acórdão número 0000690-02.2010.5.03.0024,02-12-2011,"Acórdão número 0000690-02.2010.5.03.0024, publicado em 02-12-2011, Tribunal Regional do Trabalho, 3ª turma, da 3ª região, Justiça do Trabalho"
rodotrem,2025-06-06 12:30:19,https://www.lexml.gov.br/urn/urn:lex:br:tribunal.superior.trabalho;turma.8:acordao;airr:2016-10-19;143-2015-111-18-0,Acórdão do processo Nº AIRR - 143-96.2015.5.18.0111,urn:lex:br:tribunal.superior.trabalho;turma.8:acordao;airr:2016-10-19;143-2015-111-18-0,jurisprudence,Brasil,,,,,"Tribunal Superior do Trabalho, 8ª turma",Acórdão (AIRR) número 143-2015-111-18-0,19-10-2016,"Acórdão (AIRR) número 143-2015-111-18-0, publicado em 19-10-2016, Tribunal Superior do Trabalho, 8ª turma"
rodotrem,2025-06-06 12:30:19,https://www.lexml.gov.br/urn/urn:lex:br:tribunal.superior.trabalho;turma.7:acordao;airr:2016-11-23;181-2015-111-18-0,Acórdão do processo Nº AIRR - 181-11.2015.5.18.0111,urn:lex:br:tribunal.superior.trabalho;turma.7:acordao;airr:2016-11-23;181-2015-111-18-0,jurisprudence,Brasil,,,,,"Tribunal Superior do Trabalho, 7ª turma",Acórdão (AIRR) número 181-2015-111-18-0,23-11-2016,"Acórdão (AIRR) número 181-2015-111-18-0, publicado em 23-11-2016, Tribunal Superior do Trabalho, 7ª turma"
rodotrem,2025-06-06 12:30:19,https://www.lexml.gov.br/urn/urn:lex:br:tribunal.superior.trabalho;turma.3:acordao;airr:2017-04-05;10039-2015-111-18-0,Acórdão do processo Nº AIRR - 10039-66.2015.5.18.0111,urn:lex:br:tribunal.superior.trabalho;turma.3:acordao;airr:2017-04-05;10039-2015-111-18-0,jurisprudence,Brasil,,,,,"Tribunal Superior do Trabalho, 3ª turma",Acórdão (AIRR) número 10039-2015-111-18-0,05-04-2017,"Acórdão (AIRR) número 10039-2015-111-18-0, publicado em 05-04-2017, Tribunal Superior do Trabalho, 3ª turma"
equipamentos de transporte,2025-06-06 12:30:21,https://www.lexml.gov.br/urn/urn:lex:br;distrito.federal:distrital:decreto:2008-03-18;28880,"Decreto nº 28880, de 18 de março de 2008",urn:lex:br;distrito.federal:distrital:decreto:2008-03-18;28880,legislation,Brasil,Distrito Federal,,,,,Decreto Distrital 28880,18-03-2008,"Decreto Distrital 28880, promulgada em 18-03-2008, Estado de Distrito Federal, Brasil"
equipamentos de transporte,2025-06-06 12:30:21,https://www.lexml.gov.br/urn/urn:lex:br;distrito.federal:distrital:lei:2006-12-19;3923,"Lei nº 3923, de 19 de dezembro de 2006",urn:lex:br;distrito.federal:distrital:lei:2006-12-19;3923,legislation,Brasil,Distrito Federal,,,,,Lei Distrital 3923,19-12-2006,"Lei Distrital 3923, promulgada em 19-12-2006, Estado de Distrito Federal, Brasil"
equipamentos de transporte,2025-06-06 12:30:21,https://www.lexml.gov.br/urn/urn:lex:br:federal:decreto:1965-07-22;56602,"Decreto nº 56.602, de 22 de Julho de 1965",urn:lex:br:federal:decreto:1965-07-22;56602,legislation,Brasil,,,,,,Decreto Federal 56602,22-07-1965,"Decreto Federal 56602, promulgada em 22-07-1965, Brasil"
equipamentos de transporte,2025-06-06 12:30:21,https://www.lexml.gov.br/urn/urn:lex:br;minas.gerais:estadual:decreto:1984-02-28;23476,"Decreto nº 23476, de 28 de fevereiro de 1984",urn:lex:br;minas.gerais:estadual:decreto:1984-02-28;23476,legislation,Brasil,Minas Gerais,,,,,Decreto Estadual 23476,28-02-1984,"Decreto Estadual 23476, promulgada em 28-02-1984, Estado de Minas Gerais, Brasil"
equipamentos de transporte,2025-06-06 12:30:21,https://www.lexml.gov.br/urn/urn:lex:br;sao.paulo:estadual:decreto:2010-05-10;55791,"Decreto nº 55.791, de 10/05/2010",urn:lex:br;sao.paulo:estadual:decreto:2010-05-10;55791,legislation,Brasil,São Paulo,,,,,Decreto Estadual 55791,10-05-2010,"Decreto Estadual 55791, promulgada em 10-05-2010, Estado de São Paulo, Brasil"
equipamentos de transporte,2025-06-06 12:30:21,https://www.lexml.gov.br/urn/urn:lex:br;sao.paulo:estadual:decreto:2009-08-12;54672,"Decreto nº 54.672, de 12/08/2009",urn:lex:br;sao.paulo:estadual:decreto:2009-08-12;54672,legislation,Brasil,São Paulo,,,,,Decreto Estadual 54672,12-08-2009,"Decreto Estadual 54672, promulgada em 12-08-2009, Estado de São Paulo, Brasil"
equipamentos de transporte,2025-06-06 12:30:21,https://www.lexml.gov.br/urn/urn:lex:br;sao.paulo:estadual:decreto:2010-12-20;56539,"Decreto nº 56.539, de 20/12/2010",urn:lex:br;sao.paulo:estadual:decreto:2010-12-20;56539,legislation,Brasil,São Paulo,,,,,Decreto Estadual 56539,20-12-2010,"Decreto Estadual 56539, promulgada em 20-12-2010, Estado de São Paulo, Brasil"
equipamentos de transporte,2025-06-06 12:30:21,https://www.lexml.gov.br/urn/urn:lex:br;sao.paulo:estadual:decreto:2007-06-15;51901,"Decreto nº 51.901, de 15/06/2007",urn:lex:br;sao.paulo:estadual:decreto:2007-06-15;51901,legislation,Brasil,São Paulo,,,,,Decreto Estadual 51901,15-06-2007,"Decreto Estadual 51901, promulgada em 15-06-2007, Estado de São Paulo, Brasil"
equipamentos de transporte,2025-06-06 12:30:21,https://www.lexml.gov.br/urn/urn:lex:br;sao.paulo:estadual:decreto:2008-07-24;53276,"Decreto nº 53.276, de 24/07/2008",urn:lex:br;sao.paulo:estadual:decreto:2008-07-24;53276,legislation,Brasil,São Paulo,,,,,Decreto Estadual 53276,24-07-2008,"Decreto Estadual 53276, promulgada em 24-07-2008, Estado de São Paulo, Brasil"
equipamentos de transporte,2025-06-06 12:30:21,https://www.lexml.gov.br/urn/urn:lex:br:rede.virtual.bibliotecas:artigo.revista:1960;2000388178,La cooperation technique internationale en matiere de transports,urn:lex:br:rede.virtual.bibliotecas:artigo.revista:1960;2000388178,legislation,Brasil,,,,,,Artigo.Revista Rede.Virtual.Bibliotecas 2000388178,1960,"Artigo.Revista Rede.Virtual.Bibliotecas 2000388178, promulgada em 1960, Brasil"
equipamentos de transporte,2025-06-06 12:30:21,https://www.lexml.gov.br/urn/urn:lex:br:federal:decreto.lei:1969-03-11;496,"Decreto-Lei nº 496, de 11 de Março de 1969",urn:lex:br:federal:decreto.lei:1969-03-11;496,legislation,Brasil,,,,,,Decreto.Lei Federal 496,11-03-1969,"Decreto.Lei Federal 496, promulgada em 11-03-1969, Brasil"
equipamentos de transporte,2025-06-06 12:30:21,https://www.lexml.gov.br/urn/urn:lex:br;santa.catarina:estadual:lei:1992-05-05;8575,"Lei nº 8.575, de 5 de maio de 1992",urn:lex:br;santa.catarina:estadual:lei:1992-05-05;8575,legislation,Brasil,Santa Catarina,,,,,Lei Estadual 8575,05-05-1992,"Lei Estadual 8575, promulgada em 05-05-1992, Estado de Santa Catarina, Brasil"
equipamentos de transporte,2025-06-06 12:30:21,https://www.lexml.gov.br/urn/urn:lex:br:federal:decreto:2018-08-16;9475,"Decreto nº 9.475, de 16 de Agosto de 2018",urn:lex:br:federal:decreto:2018-08-16;9475,legislation,Brasil,,,,,,Decreto Federal 9475,16-08-2018,"Decreto Federal 9475, promulgada em 16-08-2018, Brasil"
equipamentos de transporte,2025-06-06 12:30:21,https://www.lexml.gov.br/urn/urn:lex:br;distrito.federal:distrital:lei:2001-07-20;2746,"Lei nº 2746, de 20 de julho de 2001",urn:lex:br;distrito.federal:distrital:lei:2001-07-20;2746,legislation,Brasil,Distrito Federal,,,,,Lei Distrital 2746,20-07-2001,"Lei Distrital 2746, promulgada em 20-07-2001, Estado de Distrito Federal, Brasil"
equipamentos de transporte,2025-06-06 12:30:21,https://www.lexml.gov.br/urn/urn:lex:br;distrito.federal:tribunal.justica.distrito.federal.territorios;turma.civel.3:acordao:2004-11-04;209514,Acórdão nº 209514 do Processo nº20000110512757apc,urn:lex:br;distrito.federal:tribunal.justica.distrito.federal.territorios;turma.civel.3:acordao:2004-11-04;209514,jurisprudence,Brasil,,,Distrito Federal,,"Tribunal Justica Distrito Federal Territorios, civel.3ª turma",Acórdão número 209514,04-11-2004,"Acórdão número 209514, publicado em 04-11-2004, Tribunal Justica Distrito Federal Territorios, civel.3ª turma, Distrito Federal"
equipamentos de transporte,2025-06-06 12:30:21,https://www.lexml.gov.br/urn/urn:lex:br:federal:lei:1975-12-11;6288,"Lei nº 6.288, de 11 de Dezembro de 1975",urn:lex:br:federal:lei:1975-12-11;6288,legislation,Brasil,,,,,,Lei Federal 6288,11-12-1975,"Lei Federal 6288, promulgada em 11-12-1975, Brasil"
equipamentos de transporte,2025-06-06 12:30:21,https://www.lexml.gov.br/urn/urn:lex:br;justica.trabalho;regiao.3:tribunal.regional.trabalho;turma.3:acordao:2020-03-19;0010487-11.2015.5.03.0029,Acórdão PJe TRT 3ª / Terceira Turma / 2020-03-19,urn:lex:br;justica.trabalho;regiao.3:tribunal.regional.trabalho;turma.3:acordao:2020-03-19;0010487-11.2015.5.03.0029,jurisprudence,Brasil,,,Justiça do Trabalho,3ª região,"Tribunal Regional do Trabalho, 3ª turma",Acórdão número 0010487-11.2015.5.03.0029,19-03-2020,"Acórdão número 0010487-11.2015.5.03.0029, publicado em 19-03-2020, Tribunal Regional do Trabalho, 3ª turma, da 3ª região, Justiça do Trabalho"
equipamentos de transporte,2025-06-06 12:30:21,https://www.lexml.gov.br/urn/urn:lex:br;distrito.federal:distrital:lei:2017-09-25;6007,"Lei nº 6007, de 25 de setembro de 2017",urn:lex:br;distrito.federal:distrital:lei:2017-09-25;6007,legislation,Brasil,Distrito Federal,,,,,Lei Distrital 6007,25-09-2017,"Lei Distrital 6007, promulgada em 25-09-2017, Estado de Distrito Federal, Brasil"
transportador autônomo,2025-06-06 12:30:24,https://www.lexml.gov.br/urn/urn:lex:br;distrito.federal:distrital:decreto:1993-10-26;15154,"Decreto nº 15154, de 26 de outubro de 1993",urn:lex:br;distrito.federal:distrital:decreto:1993-10-26;15154,legislation,Brasil,Distrito Federal,,,,,Decreto Distrital 15154,26-10-1993,"Decreto Distrital 15154, promulgada em 26-10-1993, Estado de Distrito Federal, Brasil"
transportador autônomo,2025-06-06 12:30:24,https://www.lexml.gov.br/urn/urn:lex:br:federal:lei:1984-12-19;7290,"Lei nº 7.290, de 19 de Dezembro de 1984",urn:lex:br:federal:lei:1984-12-19;7290,legislation,Brasil,,,,,,Lei Federal 7290,19-12-1984,"Lei Federal 7290, promulgada em 19-12-1984, Brasil"
transportador autônomo,2025-06-06 12:30:24,https://www.lexml.gov.br/urn/urn:lex:br:rede.virtual.bibliotecas:artigo.revista:2012;1000964600,Auxiliares e condutores autônimos,urn:lex:br:rede.virtual.bibliotecas:artigo.revista:2012;1000964600,legislation,Brasil,,,,,,Artigo.Revista Rede.Virtual.Bibliotecas 1000964600,2012,"Artigo.Revista Rede.Virtual.Bibliotecas 1000964600, promulgada em 2012, Brasil"
transportador autônomo,2025-06-06 12:30:24,https://www.lexml.gov.br/urn/urn:lex:br;distrito.federal:distrital:decreto:2007-11-14;28435,"Decreto nº 28435, de 14 de novembro de 2007",urn:lex:br;distrito.federal:distrital:decreto:2007-11-14;28435,legislation,Brasil,Distrito Federal,,,,,Decreto Distrital 28435,14-11-2007,"Decreto Distrital 28435, promulgada em 14-11-2007, Estado de Distrito Federal, Brasil"
transportador autônomo,2025-06-06 12:30:24,https://www.lexml.gov.br/urn/urn:lex:br:rede.virtual.bibliotecas:artigo.revista:2007;2000798066,Do transporte rodoviário de cargas (Lei 11.422/07) e seus efeitos no direito material e processual do trabalho,urn:lex:br:rede.virtual.bibliotecas:artigo.revista:2007;2000798066,legislation,Brasil,,,,,,Artigo.Revista Rede.Virtual.Bibliotecas 2000798066,2007,"Artigo.Revista Rede.Virtual.Bibliotecas 2000798066, promulgada em 2007, Brasil"
transportador autônomo,2025-06-06 12:30:24,https://www.lexml.gov.br/urn/urn:lex:br;justica.trabalho;regiao.3:tribunal.regional.trabalho;turma.1:acordao:2006-05-22;00927-2005-031-03-00-4,Acórdão TRT 3ª / Primeira Turma / 2006-05-22,urn:lex:br;justica.trabalho;regiao.3:tribunal.regional.trabalho;turma.1:acordao:2006-05-22;00927-2005-031-03-00-4,jurisprudence,Brasil,,,Justiça do Trabalho,3ª região,"Tribunal Regional do Trabalho, 1ª turma",Acórdão número 00927-2005-031-03-00-4,22-05-2006,"Acórdão número 00927-2005-031-03-00-4, publicado em 22-05-2006, Tribunal Regional do Trabalho, 1ª turma, da 3ª região, Justiça do Trabalho"
transportador autônomo,2025-06-06 12:30:24,https://www.lexml.gov.br/urn/urn:lex:br;justica.trabalho;regiao.3:tribunal.regional.trabalho;turma.4:acordao:2006-04-19;01881-2004-032-03-00-6,Acórdão TRT 3ª / Quarta Turma / 2006-04-19,urn:lex:br;justica.trabalho;regiao.3:tribunal.regional.trabalho;turma.4:acordao:2006-04-19;01881-2004-032-03-00-6,jurisprudence,Brasil,,,Justiça do Trabalho,3ª região,"Tribunal Regional do Trabalho, 4ª turma",Acórdão número 01881-2004-032-03-00-6,19-04-2006,"Acórdão número 01881-2004-032-03-00-6, publicado em 19-04-2006, Tribunal Regional do Trabalho, 4ª turma, da 3ª região, Justiça do Trabalho"
transportador autônomo,2025-06-06 12:30:24,https://www.lexml.gov.br/urn/urn:lex:br;justica.trabalho;regiao.3:tribunal.regional.trabalho;turma.recursal.juiz.fora:acordao:2015-07-14;0002008-39.2014.5.03.0037,Acórdão TRT 3ª / Decima Primeira Turma / 2015-07-14,urn:lex:br;justica.trabalho;regiao.3:tribunal.regional.trabalho;turma.recursal.juiz.fora:acordao:2015-07-14;0002008-39.2014.5.03.0037,jurisprudence,Brasil,,,Justiça do Trabalho,3ª região,"Tribunal Regional do Trabalho, recursal.juiz.foraª turma",Acórdão número 0002008-39.2014.5.03.0037,14-07-2015,"Acórdão número 0002008-39.2014.5.03.0037, publicado em 14-07-2015, Tribunal Regional do Trabalho, recursal.juiz.foraª turma, da 3ª região, Justiça do Trabalho"
transportador autônomo,2025-06-06 12:30:24,https://www.lexml.gov.br/urn/urn:lex:br;justica.trabalho;regiao.3:tribunal.regional.trabalho;turma.5:acordao:2012-11-27;0000050-04.2012.5.03.0129,Acórdão TRT 3ª / Quinta Turma / 2012-11-27,urn:lex:br;justica.trabalho;regiao.3:tribunal.regional.trabalho;turma.5:acordao:2012-11-27;0000050-04.2012.5.03.0129,jurisprudence,Brasil,,,Justiça do Trabalho,3ª região,"Tribunal Regional do Trabalho, 5ª turma",Acórdão número 0000050-04.2012.5.03.0129,27-11-2012,"Acórdão número 0000050-04.2012.5.03.0129, publicado em 27-11-2012, Tribunal Regional do Trabalho, 5ª turma, da 3ª região, Justiça do Trabalho"
transportador autônomo,2025-06-06 12:30:24,https://www.lexml.gov.br/urn/urn:lex:br;justica.trabalho;regiao.3:tribunal.regional.trabalho;turma.3:acordao:2001-02-14;ro0019991,Acórdão TRT 3ª / Terceira Turma / 2001-02-14,urn:lex:br;justica.trabalho;regiao.3:tribunal.regional.trabalho;turma.3:acordao:2001-02-14;ro0019991,jurisprudence,Brasil,,,Justiça do Trabalho,3ª região,"Tribunal Regional do Trabalho, 3ª turma",Acórdão número ro0019991,14-02-2001,"Acórdão número ro0019991, publicado em 14-02-2001, Tribunal Regional do Trabalho, 3ª turma, da 3ª região, Justiça do Trabalho"
transportador autônomo,2025-06-06 12:30:24,https://www.lexml.gov.br/urn/urn:lex:br;justica.trabalho;regiao.3:tribunal.regional.trabalho;turma.2:acordao:2014-08-26;0000516-13.2013.5.03.0145,Acórdão TRT 3ª / Segunda Turma / 2014-08-26,urn:lex:br;justica.trabalho;regiao.3:tribunal.regional.trabalho;turma.2:acordao:2014-08-26;0000516-13.2013.5.03.0145,jurisprudence,Brasil,,,Justiça do Trabalho,3ª região,"Tribunal Regional do Trabalho, 2ª turma",Acórdão número 0000516-13.2013.5.03.0145,26-08-2014,"Acórdão número 0000516-13.2013.5.03.0145, publicado em 26-08-2014, Tribunal Regional do Trabalho, 2ª turma, da 3ª região, Justiça do Trabalho"
transportador autônomo,2025-06-06 12:30:24,https://www.lexml.gov.br/urn/urn:lex:br;justica.trabalho;regiao.3:tribunal.regional.trabalho;turma.2:acordao:2017-03-24;0011027-43.2016.5.03.0023,Acórdão PJe TRT 3ª / Segunda Turma / 2017-03-24,urn:lex:br;justica.trabalho;regiao.3:tribunal.regional.trabalho;turma.2:acordao:2017-03-24;0011027-43.2016.5.03.0023,jurisprudence,Brasil,,,Justiça do Trabalho,3ª região,"Tribunal Regional do Trabalho, 2ª turma",Acórdão número 0011027-43.2016.5.03.0023,24-03-2017,"Acórdão número 0011027-43.2016.5.03.0023, publicado em 24-03-2017, Tribunal Regional do Trabalho, 2ª turma, da 3ª região, Justiça do Trabalho"
transportador autônomo,2025-06-06 12:30:24,https://www.lexml.gov.br/urn/urn:lex:br;justica.trabalho;regiao.3:tribunal.regional.trabalho;turma.2:acordao:2017-09-29;0010618-46.2017.5.03.0148,Acórdão PJe TRT 3ª / Segunda Turma / 2017-09-29,urn:lex:br;justica.trabalho;regiao.3:tribunal.regional.trabalho;turma.2:acordao:2017-09-29;0010618-46.2017.5.03.0148,jurisprudence,Brasil,,,Justiça do Trabalho,3ª região,"Tribunal Regional do Trabalho, 2ª turma",Acórdão número 0010618-46.2017.5.03.0148,29-09-2017,"Acórdão número 0010618-46.2017.5.03.0148, publicado em 29-09-2017, Tribunal Regional do Trabalho, 2ª turma, da 3ª região, Justiça do Trabalho"
empresa de transporte,2025-06-06 12:30:26,https://www.lexml.gov.br/urn/urn:lex:br:congresso.nacional:medida.provisoria;mpv:2001;2165,[ Medida Provisória nº 2165-36/2001 ],urn:lex:br:congresso.nacional:medida.provisoria;mpv:2001;2165,legislation,Brasil,,,,,,Medida Provisória (MPV) Federal 2165,2001,"Medida Provisória (MPV) Federal 2165, promulgada em 2001, Brasil"
operador logístico,2025-06-06 12:30:29,https://www.lexml.gov.br/urn/urn:lex:br;minas.gerais:estadual:decreto:2020-10-06;48054,"Decreto nº 48054, de 6 de outubro de 2020",urn:lex:br;minas.gerais:estadual:decreto:2020-10-06;48054,legislation,Brasil,Minas Gerais,,,,,Decreto Estadual 48054,06-10-2020,"Decreto Estadual 48054, promulgada em 06-10-2020, Estado de Minas Gerais, Brasil"
operador logístico,2025-06-06 12:30:29,https://www.lexml.gov.br/urn/urn:lex:br;justica.trabalho;regiao.1:tribunal.regional.trabalho;turma.9:acordao:2015-03-13;00014518120125010068,ACÓRDÃO TRT 1ª / 9ª Turma / 0001451-81.2012.5.01.0068 - DOERJ 13-03-2015,urn:lex:br;justica.trabalho;regiao.1:tribunal.regional.trabalho;turma.9:acordao:2015-03-13;00014518120125010068,jurisprudence,Brasil,,,Justiça do Trabalho,1ª região,"Tribunal Regional do Trabalho, 9ª turma",Acórdão número 00014518120125010068,13-03-2015,"Acórdão número 00014518120125010068, publicado em 13-03-2015, Tribunal Regional do Trabalho, 9ª turma, da 1ª região, Justiça do Trabalho"
operador logístico,2025-06-06 12:30:29,https://www.lexml.gov.br/urn/urn:lex:br:tribunal.superior.trabalho;turma.1:acordao;ag:2022-06-22;11540-2018-131-15-0,Acórdão do processo Nº Ag-AIRR - 11540-71.2018.5.15.0131,urn:lex:br:tribunal.superior.trabalho;turma.1:acordao;ag:2022-06-22;11540-2018-131-15-0,jurisprudence,Brasil,,,,,"Tribunal Superior do Trabalho, 1ª turma",Acórdão (AG) número 11540-2018-131-15-0,22-06-2022,"Acórdão (AG) número 11540-2018-131-15-0, publicado em 22-06-2022, Tribunal Superior do Trabalho, 1ª turma"
operador logístico,2025-06-06 12:30:29,https://www.lexml.gov.br/urn/urn:lex:br:tribunal.superior.trabalho;turma.7:acordao;ag:2024-05-02;1000348-2017-447-2-0,Acórdão do processo Nº Ag-AIRR - 1000348-46.2017.5.02.0447,urn:lex:br:tribunal.superior.trabalho;turma.7:acordao;ag:2024-05-02;1000348-2017-447-2-0,jurisprudence,Brasil,,,,,"Tribunal Superior do Trabalho, 7ª turma",Acórdão (AG) número 1000348-2017-447-2-0,02-05-2024,"Acórdão (AG) número 1000348-2017-447-2-0, publicado em 02-05-2024, Tribunal Superior do Trabalho, 7ª turma"
operador logístico,2025-06-06 12:30:29,https://www.lexml.gov.br/urn/urn:lex:br;justica.trabalho;regiao.3:tribunal.regional.trabalho;turma.3:acordao:2014-12-17;0000593-78.2012.5.03.0073,Acórdão TRT 3ª / Terceira Turma / 2014-12-17,urn:lex:br;justica.trabalho;regiao.3:tribunal.regional.trabalho;turma.3:acordao:2014-12-17;0000593-78.2012.5.03.0073,jurisprudence,Brasil,,,Justiça do Trabalho,3ª região,"Tribunal Regional do Trabalho, 3ª turma",Acórdão número 0000593-78.2012.5.03.0073,17-12-2014,"Acórdão número 0000593-78.2012.5.03.0073, publicado em 17-12-2014, Tribunal Regional do Trabalho, 3ª turma, da 3ª região, Justiça do Trabalho"
operador logístico,2025-06-06 12:30:29,https://www.lexml.gov.br/urn/urn:lex:br;justica.trabalho;regiao.3:tribunal.regional.trabalho;turma.3:acordao:2015-03-03;0010005-96.2013.5.03.0073,Acórdão PJe TRT 3ª / Terceira Turma / 2015-03-03,urn:lex:br;justica.trabalho;regiao.3:tribunal.regional.trabalho;turma.3:acordao:2015-03-03;0010005-96.2013.5.03.0073,jurisprudence,Brasil,,,Justiça do Trabalho,3ª região,"Tribunal Regional do Trabalho, 3ª turma",Acórdão número 0010005-96.2013.5.03.0073,03-03-2015,"Acórdão número 0010005-96.2013.5.03.0073, publicado em 03-03-2015, Tribunal Regional do Trabalho, 3ª turma, da 3ª região, Justiça do Trabalho"
operador logístico,2025-06-06 12:30:29,https://www.lexml.gov.br/urn/urn:lex:br:tribunal.superior.trabalho;turma.6:acordao;ag:2024-05-15;658-2022-31-12-0,Acórdão do processo Nº Ag-AIRR - 658-04.2022.5.12.0031,urn:lex:br:tribunal.superior.trabalho;turma.6:acordao;ag:2024-05-15;658-2022-31-12-0,jurisprudence,Brasil,,,,,"Tribunal Superior do Trabalho, 6ª turma",Acórdão (AG) número 658-2022-31-12-0,15-05-2024,"Acórdão (AG) número 658-2022-31-12-0, publicado em 15-05-2024, Tribunal Superior do Trabalho, 6ª turma"
operador logístico,2025-06-06 12:30:29,https://www.lexml.gov.br/urn/urn:lex:br;rio.grande.sul;sao.martinho:municipal:lei:2019-06-06;3069,"Lei Municipal nº 3.069, de 06 de junho de 2019",urn:lex:br;rio.grande.sul;sao.martinho:municipal:lei:2019-06-06;3069,legislation,Brasil,Rio.Grande.Sul,Sao Martinho,,,,Lei Municipal 3069,06-06-2019,"Lei Municipal 3069, promulgada em 06-06-2019, Município de Sao Martinho, Estado de Rio.Grande.Sul, Brasil"
operador logístico,2025-06-06 12:30:29,https://www.lexml.gov.br/urn/urn:lex:br:tribunal.superior.trabalho;turma.6:acordao;rr:2014-12-10;540-2012-447-2-0,Acórdão do processo Nº RR - 540-69.2012.5.02.0447,urn:lex:br:tribunal.superior.trabalho;turma.6:acordao;rr:2014-12-10;540-2012-447-2-0,jurisprudence,Brasil,,,,,"Tribunal Superior do Trabalho, 6ª turma",Acórdão (RR) número 540-2012-447-2-0,10-12-2014,"Acórdão (RR) número 540-2012-447-2-0, publicado em 10-12-2014, Tribunal Superior do Trabalho, 6ª turma"
operador logístico,2025-06-06 12:30:29,https://www.lexml.gov.br/urn/urn:lex:br;justica.trabalho;regiao.3:tribunal.regional.trabalho;turma.1:acordao:2018-02-20;0011233-77.2016.5.03.0178,Acórdão PJe TRT 3ª / Primeira Turma / 2018-02-20,urn:lex:br;justica.trabalho;regiao.3:tribunal.regional.trabalho;turma.1:acordao:2018-02-20;0011233-77.2016.5.03.0178,jurisprudence,Brasil,,,Justiça do Trabalho,3ª região,"Tribunal Regional do Trabalho, 1ª turma",Acórdão número 0011233-77.2016.5.03.0178,20-02-2018,"Acórdão número 0011233-77.2016.5.03.0178, publicado em 20-02-2018, Tribunal Regional do Trabalho, 1ª turma, da 3ª região, Justiça do Trabalho"
operador logístico,2025-06-06 12:30:29,https://www.lexml.gov.br/urn/urn:lex:br:tribunal.superior.trabalho;turma.4:acordao;ed:2021-03-02;57500-2008-442-2-0,Acórdão do processo Nº ED-RR - 57500-02.2008.5.02.0442,urn:lex:br:tribunal.superior.trabalho;turma.4:acordao;ed:2021-03-02;57500-2008-442-2-0,jurisprudence,Brasil,,,,,"Tribunal Superior do Trabalho, 4ª turma",Acórdão (ED) número 57500-2008-442-2-0,02-03-2021,"Acórdão (ED) número 57500-2008-442-2-0, publicado em 02-03-2021, Tribunal Superior do Trabalho, 4ª turma"
operador logístico,2025-06-06 12:30:29,https://www.lexml.gov.br/urn/urn:lex:br;justica.trabalho;regiao.3:tribunal.regional.trabalho;turma.9:acordao:2024-05-08;0010813-93.2022.5.03.0006,Acórdão PJe TRT 3ª / Nona Turma / 2024-05-08,urn:lex:br;justica.trabalho;regiao.3:tribunal.regional.trabalho;turma.9:acordao:2024-05-08;0010813-93.2022.5.03.0006,jurisprudence,Brasil,,,Justiça do Trabalho,3ª região,"Tribunal Regional do Trabalho, 9ª turma",Acórdão número 0010813-93.2022.5.03.0006,08-05-2024,"Acórdão número 0010813-93.2022.5.03.0006, publicado em 08-05-2024, Tribunal Regional do Trabalho, 9ª turma, da 3ª região, Justiça do Trabalho"
operador logístico,2025-06-06 12:30:29,https://www.lexml.gov.br/urn/urn:lex:br:tribunal.superior.trabalho;turma.7:acordao;ed:2019-04-30;214400-2007-444-2-0,Acórdão do processo Nº ED-Ag-AIRR - 214400-41.2007.5.02.0444,urn:lex:br:tribunal.superior.trabalho;turma.7:acordao;ed:2019-04-30;214400-2007-444-2-0,jurisprudence,Brasil,,,,,"Tribunal Superior do Trabalho, 7ª turma",Acórdão (ED) número 214400-2007-444-2-0,30-04-2019,"Acórdão (ED) número 214400-2007-444-2-0, publicado em 30-04-2019, Tribunal Superior do Trabalho, 7ª turma"
operador logístico,2025-06-06 12:30:29,https://www.lexml.gov.br/urn/urn:lex:br:tribunal.superior.trabalho;turma.4:acordao;rr:2022-12-14;1001345-2019-371-2-0,Acórdão do processo Nº RR - 1001345-92.2019.5.02.0371,urn:lex:br:tribunal.superior.trabalho;turma.4:acordao;rr:2022-12-14;1001345-2019-371-2-0,jurisprudence,Brasil,,,,,"Tribunal Superior do Trabalho, 4ª turma",Acórdão (RR) número 1001345-2019-371-2-0,14-12-2022,"Acórdão (RR) número 1001345-2019-371-2-0, publicado em 14-12-2022, Tribunal Superior do Trabalho, 4ª turma"
operador logístico,2025-06-06 12:30:29,https://www.lexml.gov.br/urn/urn:lex:br;justica.trabalho;regiao.3:tribunal.regional.trabalho;turma.recursal.juiz.fora:acordao:2023-08-17;0010590-25.2022.5.03.0109,Acórdão PJe TRT 3ª / Decima Primeira Turma / 2023-08-17,urn:lex:br;justica.trabalho;regiao.3:tribunal.regional.trabalho;turma.recursal.juiz.fora:acordao:2023-08-17;0010590-25.2022.5.03.0109,jurisprudence,Brasil,,,Justiça do Trabalho,3ª região,"Tribunal Regional do Trabalho, recursal.juiz.foraª turma",Acórdão número 0010590-25.2022.5.03.0109,17-08-2023,"Acórdão número 0010590-25.2022.5.03.0109, publicado em 17-08-2023, Tribunal Regional do Trabalho, recursal.juiz.foraª turma, da 3ª região, Justiça do Trabalho"
operador logístico,2025-06-06 12:30:29,https://www.lexml.gov.br/urn/urn:lex:br;justica.trabalho;regiao.3:tribunal.regional.trabalho;turma.5:acordao:2021-05-07;0010474-63.2020.5.03.0020,Acórdão PJe TRT 3ª / Quinta Turma / 2021-05-07,urn:lex:br;justica.trabalho;regiao.3:tribunal.regional.trabalho;turma.5:acordao:2021-05-07;0010474-63.2020.5.03.0020,jurisprudence,Brasil,,,Justiça do Trabalho,3ª região,"Tribunal Regional do Trabalho, 5ª turma",Acórdão número 0010474-63.2020.5.03.0020,07-05-2021,"Acórdão número 0010474-63.2020.5.03.0020, publicado em 07-05-2021, Tribunal Regional do Trabalho, 5ª turma, da 3ª região, Justiça do Trabalho"
operador logístico,2025-06-06 12:30:29,https://www.lexml.gov.br/urn/urn:lex:br;distrito.federal:distrital:decreto:2022-01-19;42930,"Decreto nº 42930, de 19 de janeiro de 2022",urn:lex:br;distrito.federal:distrital:decreto:2022-01-19;42930,legislation,Brasil,Distrito Federal,,,,,Decreto Distrital 42930,19-01-2022,"Decreto Distrital 42930, promulgada em 19-01-2022, Estado de Distrito Federal, Brasil"
embarcador,2025-06-06 12:30:32,https://www.lexml.gov.br/urn/urn:lex:br:superior.tribunal.justica;turma.3:acordao;resp:2023-03-14;2028250-2262524,REsp 2028250 / SP,urn:lex:br:superior.tribunal.justica;turma.3:acordao;resp:2023-03-14;2028250-2262524,jurisprudence,Brasil,,,,,"Superior Tribunal de Justiça, 3ª turma",Acórdão (RESP) número 2028250-2262524,14-03-2023,"Acórdão (RESP) número 2028250-2262524, publicado em 14-03-2023, Superior Tribunal de Justiça, 3ª turma"
embarcador,2025-06-06 12:30:32,https://www.lexml.gov.br/urn/urn:lex:br:superior.tribunal.justica;turma.3:acordao;resp:2023-08-22;2071747-2327820,REsp 2071747 / RS,urn:lex:br:superior.tribunal.justica;turma.3:acordao;resp:2023-08-22;2071747-2327820,jurisprudence,Brasil,,,,,"Superior Tribunal de Justiça, 3ª turma",Acórdão (RESP) número 2071747-2327820,22-08-2023,"Acórdão (RESP) número 2071747-2327820, publicado em 22-08-2023, Superior Tribunal de Justiça, 3ª turma"
embarcador,2025-06-06 12:30:32,https://www.lexml.gov.br/urn/urn:lex:br:supremo.tribunal.federal;turma.1:acordao;re:1962-07-12;48934-,RE 48934 / RJ - RIO DE JANEIRO,urn:lex:br:supremo.tribunal.federal;turma.1:acordao;re:1962-07-12;48934-,jurisprudence,Brasil,,,,,"Supremo Tribunal Federal, 1ª turma",Acórdão (RE) número 48934-,12-07-1962,"Acórdão (RE) número 48934-, publicado em 12-07-1962, Supremo Tribunal Federal, 1ª turma"
embarcador,2025-06-06 12:30:32,https://www.lexml.gov.br/urn/urn:lex:br;sao.paulo:estadual:decreto.lei:1946-12-31;16665,"Decreto-Lei nº 16.665, de 31/12/1946",urn:lex:br;sao.paulo:estadual:decreto.lei:1946-12-31;16665,legislation,Brasil,São Paulo,,,,,Decreto.Lei Estadual 16665,31-12-1946,"Decreto.Lei Estadual 16665, promulgada em 31-12-1946, Estado de São Paulo, Brasil"
embarcador,2025-06-06 12:30:32,https://www.lexml.gov.br/urn/urn:lex:br:supremo.tribunal.federal;turma.2:acordao;re:1952-08-05;18771-,RE 18771 / DF - DISTRITO FEDERAL,urn:lex:br:supremo.tribunal.federal;turma.2:acordao;re:1952-08-05;18771-,jurisprudence,Brasil,,,,,"Supremo Tribunal Federal, 2ª turma",Acórdão (RE) número 18771-,05-08-1952,"Acórdão (RE) número 18771-, publicado em 05-08-1952, Supremo Tribunal Federal, 2ª turma"
embarcador,2025-06-06 12:30:32,https://www.lexml.gov.br/urn/urn:lex:br:superior.tribunal.justica;turma.2:acordao;resp:2009-06-09;1101578-942965,REsp 1101578 / RS,urn:lex:br:superior.tribunal.justica;turma.2:acordao;resp:2009-06-09;1101578-942965,jurisprudence,Brasil,,,,,"Superior Tribunal de Justiça, 2ª turma",Acórdão (RESP) número 1101578-942965,09-06-2009,"Acórdão (RESP) número 1101578-942965, publicado em 09-06-2009, Superior Tribunal de Justiça, 2ª turma"
embarcador,2025-06-06 12:30:32,https://www.lexml.gov.br/urn/urn:lex:br:supremo.tribunal.federal;turma.1:acordao;re:1951-07-20;15908-,RE 15908 / DF - DISTRITO FEDERAL,urn:lex:br:supremo.tribunal.federal;turma.1:acordao;re:1951-07-20;15908-,jurisprudence,Brasil,,,,,"Supremo Tribunal Federal, 1ª turma",Acórdão (RE) número 15908-,20-07-1951,"Acórdão (RE) número 15908-, publicado em 20-07-1951, Supremo Tribunal Federal, 1ª turma"
embarcador,2025-06-06 12:30:32,https://www.lexml.gov.br/urn/urn:lex:br:supremo.tribunal.federal;turma.1:acordao;re:1956-12-06;30575-,RE 30575 / DF - DISTRITO FEDERAL,urn:lex:br:supremo.tribunal.federal;turma.1:acordao;re:1956-12-06;30575-,jurisprudence,Brasil,,,,,"Supremo Tribunal Federal, 1ª turma",Acórdão (RE) número 30575-,06-12-1956,"Acórdão (RE) número 30575-, publicado em 06-12-1956, Supremo Tribunal Federal, 1ª turma"
embarcador,2025-06-06 12:30:32,https://www.lexml.gov.br/urn/urn:lex:br:supremo.tribunal.federal;turma.2:acordao;re:1957-10-08;33831-,RE 33831 / DF - DISTRITO FEDERAL,urn:lex:br:supremo.tribunal.federal;turma.2:acordao;re:1957-10-08;33831-,jurisprudence,Brasil,,,,,"Supremo Tribunal Federal, 2ª turma",Acórdão (RE) número 33831-,08-10-1957,"Acórdão (RE) número 33831-, publicado em 08-10-1957, Supremo Tribunal Federal, 2ª turma"
embarcador,2025-06-06 12:30:32,https://www.lexml.gov.br/urn/urn:lex:br:supremo.tribunal.federal;turma.1:acordao;re:1955-06-02;28298-,RE 28298 / SP - SÃO PAULO,urn:lex:br:supremo.tribunal.federal;turma.1:acordao;re:1955-06-02;28298-,jurisprudence,Brasil,,,,,"Supremo Tribunal Federal, 1ª turma",Acórdão (RE) número 28298-,02-06-1955,"Acórdão (RE) número 28298-, publicado em 02-06-1955, Supremo Tribunal Federal, 1ª turma"
embarcador,2025-06-06 12:30:32,https://www.lexml.gov.br/urn/urn:lex:br:supremo.tribunal.federal;turma.1:acordao;re:1959-07-09;39087-,RE 39087 / RS - RIO GRANDE DO SUL,urn:lex:br:supremo.tribunal.federal;turma.1:acordao;re:1959-07-09;39087-,jurisprudence,Brasil,,,,,"Supremo Tribunal Federal, 1ª turma",Acórdão (RE) número 39087-,09-07-1959,"Acórdão (RE) número 39087-, publicado em 09-07-1959, Supremo Tribunal Federal, 1ª turma"
embarcador,2025-06-06 12:30:32,https://www.lexml.gov.br/urn/urn:lex:br:superior.tribunal.justica;turma.3:acordao;resp:2020-09-08;1714568-1979978,REsp 1714568 / GO,urn:lex:br:superior.tribunal.justica;turma.3:acordao;resp:2020-09-08;1714568-1979978,jurisprudence,Brasil,,,,,"Superior Tribunal de Justiça, 3ª turma",Acórdão (RESP) número 1714568-1979978,08-09-2020,"Acórdão (RESP) número 1714568-1979978, publicado em 08-09-2020, Superior Tribunal de Justiça, 3ª turma"
embarcador,2025-06-06 12:30:32,https://www.lexml.gov.br/urn/urn:lex:br:superior.tribunal.justica;turma.4:acordao;resp:2022-10-04;1823417-2253763,AgInt no REsp 1823417 / RS,urn:lex:br:superior.tribunal.justica;turma.4:acordao;resp:2022-10-04;1823417-2253763,jurisprudence,Brasil,,,,,"Superior Tribunal de Justiça, 4ª turma",Acórdão (RESP) número 1823417-2253763,04-10-2022,"Acórdão (RESP) número 1823417-2253763, publicado em 04-10-2022, Superior Tribunal de Justiça, 4ª turma"
embarcador,2025-06-06 12:30:32,https://www.lexml.gov.br/urn/urn:lex:br:superior.tribunal.justica;turma.1:acordao;resp:2019-05-28;1789002-1844032,REsp 1789002 / RS,urn:lex:br:superior.tribunal.justica;turma.1:acordao;resp:2019-05-28;1789002-1844032,jurisprudence,Brasil,,,,,"Superior Tribunal de Justiça, 1ª turma",Acórdão (RESP) número 1789002-1844032,28-05-2019,"Acórdão (RESP) número 1789002-1844032, publicado em 28-05-2019, Superior Tribunal de Justiça, 1ª turma"
embarcador,2025-06-06 12:30:32,https://www.lexml.gov.br/urn/urn:lex:br:superior.tribunal.justica;turma.4:acordao;aresp:2022-12-13;767766-2253283,AgInt no AREsp 767766 / SP,urn:lex:br:superior.tribunal.justica;turma.4:acordao;aresp:2022-12-13;767766-2253283,jurisprudence,Brasil,,,,,"Superior Tribunal de Justiça, 4ª turma",Acórdão (ARESP) número 767766-2253283,13-12-2022,"Acórdão (ARESP) número 767766-2253283, publicado em 13-12-2022, Superior Tribunal de Justiça, 4ª turma"
embarcador,2025-06-06 12:30:32,https://www.lexml.gov.br/urn/urn:lex:br:supremo.tribunal.federal;turma.1:acordao;re:1981-09-08;94985-,RE 94985 / SP - SÃO PAULO,urn:lex:br:supremo.tribunal.federal;turma.1:acordao;re:1981-09-08;94985-,jurisprudence,Brasil,,,,,"Supremo Tribunal Federal, 1ª turma",Acórdão (RE) número 94985-,08-09-1981,"Acórdão (RE) número 94985-, publicado em 08-09-1981, Supremo Tribunal Federal, 1ª turma"
embarcador,2025-06-06 12:30:32,https://www.lexml.gov.br/urn/urn:lex:br:supremo.tribunal.federal;turma.1:acordao;re:1970-03-17;69598-,RE 69598 / SP - SÃO PAULO,urn:lex:br:supremo.tribunal.federal;turma.1:acordao;re:1970-03-17;69598-,jurisprudence,Brasil,,,,,"Supremo Tribunal Federal, 1ª turma",Acórdão (RE) número 69598-,17-03-1970,"Acórdão (RE) número 69598-, publicado em 17-03-1970, Supremo Tribunal Federal, 1ª turma"
embarcador,2025-06-06 12:30:32,https://www.lexml.gov.br/urn/urn:lex:br:supremo.tribunal.federal;plenario:acordao;re:1966-08-18;34756-,RE 34756 EI / SP - SÃO PAULO,urn:lex:br:supremo.tribunal.federal;plenario:acordao;re:1966-08-18;34756-,jurisprudence,Brasil,,,,,"Supremo Tribunal Federal, Plenario",Acórdão (RE) número 34756-,18-08-1966,"Acórdão (RE) número 34756-, publicado em 18-08-1966, Supremo Tribunal Federal, Plenario"
embarcador,2025-06-06 12:30:32,https://www.lexml.gov.br/urn/urn:lex:br:supremo.tribunal.federal;plenario:acordao;re:1959-07-13;29448-,RE 29448 EI / DF - DISTRITO FEDERAL,urn:lex:br:supremo.tribunal.federal;plenario:acordao;re:1959-07-13;29448-,jurisprudence,Brasil,,,,,"Supremo Tribunal Federal, Plenario",Acórdão (RE) número 29448-,13-07-1959,"Acórdão (RE) número 29448-, publicado em 13-07-1959, Supremo Tribunal Federal, Plenario"
embarcador,2025-06-06 12:30:32,https://www.lexml.gov.br/urn/urn:lex:br;justica.trabalho;regiao.24:tribunal.regional.trabalho;turma.2:acordao:2013-07-03;0000301-70.2012.5.24.0021,ACÓRDÃO TRT 24ª / 2ª Turma / RO.1 0000301-70.2012.5.24.0021,urn:lex:br;justica.trabalho;regiao.24:tribunal.regional.trabalho;turma.2:acordao:2013-07-03;0000301-70.2012.5.24.0021,jurisprudence,Brasil,,,Justiça do Trabalho,24ª região,"Tribunal Regional do Trabalho, 2ª turma",Acórdão número 0000301-70.2012.5.24.0021,03-07-2013,"Acórdão número 0000301-70.2012.5.24.0021, publicado em 03-07-2013, Tribunal Regional do Trabalho, 2ª turma, da 24ª região, Justiça do Trabalho"
terceirização,2025-06-06 12:30:34,https://www.lexml.gov.br/urn/urn:lex:br:federal:lei:2017-03-31;13429,"Lei nº 13.429, de 31 de Março de 2017",urn:lex:br:federal:lei:2017-03-31;13429,legislation,Brasil,,,,,,Lei Federal 13429,31-03-2017,"Lei Federal 13429, promulgada em 31-03-2017, Brasil"
contrato de frete,2025-06-06 12:30:37,https://www.lexml.gov.br/urn/urn:lex:br:rede.virtual.bibliotecas:artigo.revista:1982;1000435065,Natureza jurídica do conhecimento marítimo,urn:lex:br:rede.virtual.bibliotecas:artigo.revista:1982;1000435065,legislation,Brasil,,,,,,Artigo.Revista Rede.Virtual.Bibliotecas 1000435065,1982,"Artigo.Revista Rede.Virtual.Bibliotecas 1000435065, promulgada em 1982, Brasil"
contrato de frete,2025-06-06 12:30:37,https://www.lexml.gov.br/urn/urn:lex:br;distrito.federal:tribunal.justica.distrito.federal.territorios;turma.civel.3:acordao:1999-06-07;115623,Acórdão nº 115623 do Processo nºapc4878898,urn:lex:br;distrito.federal:tribunal.justica.distrito.federal.territorios;turma.civel.3:acordao:1999-06-07;115623,jurisprudence,Brasil,,,Distrito Federal,,"Tribunal Justica Distrito Federal Territorios, civel.3ª turma",Acórdão número 115623,07-06-1999,"Acórdão número 115623, publicado em 07-06-1999, Tribunal Justica Distrito Federal Territorios, civel.3ª turma, Distrito Federal"
contrato de frete,2025-06-06 12:30:37,https://www.lexml.gov.br/urn/urn:lex:br:rede.virtual.bibliotecas:livro:2012;000956599,Práticas licitatórias,urn:lex:br:rede.virtual.bibliotecas:livro:2012;000956599,legislation,Brasil,,,,,,Livro Rede.Virtual.Bibliotecas 000956599,2012,"Livro Rede.Virtual.Bibliotecas 000956599, promulgada em 2012, Brasil"
contrato de frete,2025-06-06 12:30:37,https://www.lexml.gov.br/urn/urn:lex:br:rede.virtual.bibliotecas:livro:1890;000055986,II Contratto di Trasporto Terrestre,urn:lex:br:rede.virtual.bibliotecas:livro:1890;000055986,legislation,Brasil,,,,,,Livro Rede.Virtual.Bibliotecas 000055986,1890,"Livro Rede.Virtual.Bibliotecas 000055986, promulgada em 1890, Brasil"
tabela de frete,2025-06-06 12:30:39,https://www.lexml.gov.br/urn/urn:lex:br:federal:decreto:1883-08-25;8998,Decreto nº 8.998 de 25/08/1883,urn:lex:br:federal:decreto:1883-08-25;8998,legislation,Brasil,,,,,,Decreto Federal 8998,25-08-1883,"Decreto Federal 8998, promulgada em 25-08-1883, Brasil"
tabela de frete,2025-06-06 12:30:39,https://www.lexml.gov.br/urn/urn:lex:br:federal:decreto:1883-02-24;8897,Decreto nº 8.897 de 24/02/1883,urn:lex:br:federal:decreto:1883-02-24;8897,legislation,Brasil,,,,,,Decreto Federal 8897,24-02-1883,"Decreto Federal 8897, promulgada em 24-02-1883, Brasil"
tabela de frete,2025-06-06 12:30:39,https://www.lexml.gov.br/urn/urn:lex:br;minas.gerais:estadual:decreto:1930-12-03;9784,"Decreto nº 9784, de 3 de dezembro de 1930",urn:lex:br;minas.gerais:estadual:decreto:1930-12-03;9784,legislation,Brasil,Minas Gerais,,,,,Decreto Estadual 9784,03-12-1930,"Decreto Estadual 9784, promulgada em 03-12-1930, Estado de Minas Gerais, Brasil"
tabela de frete,2025-06-06 12:30:39,https://www.lexml.gov.br/urn/urn:lex:br;sao.paulo:estadual:decreto:1935-06-21;7225,"Decreto nº 7.225, de 21/06/1935",urn:lex:br;sao.paulo:estadual:decreto:1935-06-21;7225,legislation,Brasil,São Paulo,,,,,Decreto Estadual 7225,21-06-1935,"Decreto Estadual 7225, promulgada em 21-06-1935, Estado de São Paulo, Brasil"
tabela de frete,2025-06-06 12:30:39,https://www.lexml.gov.br/urn/urn:lex:br;sao.paulo:estadual:decreto:1932-12-22;5766,"Decreto nº 5.766, de 22/12/1932",urn:lex:br;sao.paulo:estadual:decreto:1932-12-22;5766,legislation,Brasil,São Paulo,,,,,Decreto Estadual 5766,22-12-1932,"Decreto Estadual 5766, promulgada em 22-12-1932, Estado de São Paulo, Brasil"
tabela de frete,2025-06-06 12:30:39,https://www.lexml.gov.br/urn/urn:lex:br;sao.paulo:estadual:decreto:1933-04-20;5882,"Decreto nº 5.882, de 20/04/1933",urn:lex:br;sao.paulo:estadual:decreto:1933-04-20;5882,legislation,Brasil,São Paulo,,,,,Decreto Estadual 5882,20-04-1933,"Decreto Estadual 5882, promulgada em 20-04-1933, Estado de São Paulo, Brasil"
tabela de frete,2025-06-06 12:30:39,https://www.lexml.gov.br/urn/urn:lex:br;sao.paulo:estadual:decreto:1938-04-01;9079,"Decreto nº 9.079, de 01/04/1938",urn:lex:br;sao.paulo:estadual:decreto:1938-04-01;9079,legislation,Brasil,São Paulo,,,,,Decreto Estadual 9079,01-04-1938,"Decreto Estadual 9079, promulgada em 01-04-1938, Estado de São Paulo, Brasil"
tabela de frete,2025-06-06 12:30:39,https://www.lexml.gov.br/urn/urn:lex:br:federal:decreto:1980-12-10;85465,"Decreto nº 85.465, de 10 de Dezembro de 1980",urn:lex:br:federal:decreto:1980-12-10;85465,legislation,Brasil,,,,,,Decreto Federal 85465,10-12-1980,"Decreto Federal 85465, promulgada em 10-12-1980, Brasil"
tabela de frete,2025-06-06 12:30:39,https://www.lexml.gov.br/urn/urn:lex:br:federal:decreto:1969-01-08;63965,"Decreto nº 63.965, de 8 de Janeiro de 1969",urn:lex:br:federal:decreto:1969-01-08;63965,legislation,Brasil,,,,,,Decreto Federal 63965,08-01-1969,"Decreto Federal 63965, promulgada em 08-01-1969, Brasil"
tabela de frete,2025-06-06 12:30:39,"https://www.lexml.gov.br/urn/urn:lex:br:segundo.conselho.contribuintes;camara.1;turma.ordinaria:acordao:1991-02-20;201-66869,4818679",Acórdão nº 201-66869 do Processo 10467.001029/87-82,"urn:lex:br:segundo.conselho.contribuintes;camara.1;turma.ordinaria:acordao:1991-02-20;201-66869,4818679",jurisprudence,Brasil,,,,,"Segundo Conselho Contribuintes, 1ª câmara","Acórdão número 201-66869,4818679",20-02-1991,"Acórdão número 201-66869,4818679, publicado em 20-02-1991, Segundo Conselho Contribuintes, 1ª câmara"
tabela de frete,2025-06-06 12:30:39,https://www.lexml.gov.br/urn/urn:lex:br:tribunal.contas.uniao;plenario:acordao:2011-11-16;2997,ACÓRDÃO TCU 2997/2011,urn:lex:br:tribunal.contas.uniao;plenario:acordao:2011-11-16;2997,jurisprudence,Brasil,,,,,"Tribunal Contas Uniao, Plenario",Acórdão número 2997,16-11-2011,"Acórdão número 2997, publicado em 16-11-2011, Tribunal Contas Uniao, Plenario"
tabela de frete,2025-06-06 12:30:39,https://www.lexml.gov.br/urn/urn:lex:br;justica.trabalho;regiao.8:tribunal.regional.trabalho;turma.2:acordao:2011-12-07;0000555-82.2010.5.08.0013,ACÓRDÃO TRT 8ª / 2ª T / RO 0000555-82.2010.5.08.0013,urn:lex:br;justica.trabalho;regiao.8:tribunal.regional.trabalho;turma.2:acordao:2011-12-07;0000555-82.2010.5.08.0013,jurisprudence,Brasil,,,Justiça do Trabalho,8ª região,"Tribunal Regional do Trabalho, 2ª turma",Acórdão número 0000555-82.2010.5.08.0013,07-12-2011,"Acórdão número 0000555-82.2010.5.08.0013, publicado em 07-12-2011, Tribunal Regional do Trabalho, 2ª turma, da 8ª região, Justiça do Trabalho"
tabela de frete,2025-06-06 12:30:39,https://www.lexml.gov.br/urn/urn:lex:br:superior.tribunal.justica;turma.1:acordao;resp:2005-04-05;725983-612266,REsp 725983 / PR,urn:lex:br:superior.tribunal.justica;turma.1:acordao;resp:2005-04-05;725983-612266,jurisprudence,Brasil,,,,,"Superior Tribunal de Justiça, 1ª turma",Acórdão (RESP) número 725983-612266,05-04-2005,"Acórdão (RESP) número 725983-612266, publicado em 05-04-2005, Superior Tribunal de Justiça, 1ª turma"
tabela de frete,2025-06-06 12:30:39,https://www.lexml.gov.br/urn/urn:lex:br;distrito.federal:tribunal.justica.distrito.federal.territorios;turma.civel.3:acordao:2000-03-20;125952,Acórdão nº 125952 do Processo nº19980110236198apc,urn:lex:br;distrito.federal:tribunal.justica.distrito.federal.territorios;turma.civel.3:acordao:2000-03-20;125952,jurisprudence,Brasil,,,Distrito Federal,,"Tribunal Justica Distrito Federal Territorios, civel.3ª turma",Acórdão número 125952,20-03-2000,"Acórdão número 125952, publicado em 20-03-2000, Tribunal Justica Distrito Federal Territorios, civel.3ª turma, Distrito Federal"
tabela de frete,2025-06-06 12:30:39,https://www.lexml.gov.br/urn/urn:lex:br:tribunal.superior.trabalho;turma.8:acordao;airr:2019-11-27;11953-2016-104-3-0,Acórdão do processo Nº AIRR - 11953-72.2016.5.03.0104,urn:lex:br:tribunal.superior.trabalho;turma.8:acordao;airr:2019-11-27;11953-2016-104-3-0,jurisprudence,Brasil,,,,,"Tribunal Superior do Trabalho, 8ª turma",Acórdão (AIRR) número 11953-2016-104-3-0,27-11-2019,"Acórdão (AIRR) número 11953-2016-104-3-0, publicado em 27-11-2019, Tribunal Superior do Trabalho, 8ª turma"
tabela de frete,2025-06-06 12:30:39,"https://www.lexml.gov.br/urn/urn:lex:br:segundo.conselho.contribuintes;camara.2;turma.ordinaria:acordao:1991-12-11;202-04709,4835111",Acórdão nº 202-04709 do Processo 13738.000269/87-84,"urn:lex:br:segundo.conselho.contribuintes;camara.2;turma.ordinaria:acordao:1991-12-11;202-04709,4835111",jurisprudence,Brasil,,,,,"Segundo Conselho Contribuintes, 2ª câmara","Acórdão número 202-04709,4835111",11-12-1991,"Acórdão número 202-04709,4835111, publicado em 11-12-1991, Segundo Conselho Contribuintes, 2ª câmara"
tabela de frete,2025-06-06 12:30:39,https://www.lexml.gov.br/urn/urn:lex:br;distrito.federal:tribunal.justica.distrito.federal.territorios;turma.civel.4:acordao:2001-06-28;142874,Acórdão nº 142874 do Processo nº19980110558798apc,urn:lex:br;distrito.federal:tribunal.justica.distrito.federal.territorios;turma.civel.4:acordao:2001-06-28;142874,jurisprudence,Brasil,,,Distrito Federal,,"Tribunal Justica Distrito Federal Territorios, civel.4ª turma",Acórdão número 142874,28-06-2001,"Acórdão número 142874, publicado em 28-06-2001, Tribunal Justica Distrito Federal Territorios, civel.4ª turma, Distrito Federal"
tabela de frete,2025-06-06 12:30:39,https://www.lexml.gov.br/urn/urn:lex:br:federal:medida.provisoria:1997-06-13;1508-18,"Medida Provisória nº 1.508-18, de 13 de Junho de 1997",urn:lex:br:federal:medida.provisoria:1997-06-13;1508-18,legislation,Brasil,,,,,,Medida Provisória Federal 1508-18,13-06-1997,"Medida Provisória Federal 1508-18, promulgada em 13-06-1997, Brasil"
tabela de frete,2025-06-06 12:30:39,https://www.lexml.gov.br/urn/urn:lex:br:federal:medida.provisoria:1997-07-11;1508-19,"Medida Provisória nº 1.508-19, de 11 de Julho de 1997",urn:lex:br:federal:medida.provisoria:1997-07-11;1508-19,legislation,Brasil,,,,,,Medida Provisória Federal 1508-19,11-07-1997,"Medida Provisória Federal 1508-19, promulgada em 11-07-1997, Brasil"
tabela de frete,2025-06-06 12:30:39,https://www.lexml.gov.br/urn/urn:lex:br:federal:medida.provisoria:1997-08-12;1508-20,"Medida Provisória nº 1.508-20, de 12 de Agosto de 1997",urn:lex:br:federal:medida.provisoria:1997-08-12;1508-20,legislation,Brasil,,,,,,Medida Provisória Federal 1508-20,12-08-1997,"Medida Provisória Federal 1508-20, promulgada em 12-08-1997, Brasil"
transporte,2025-06-06 12:30:41,https://www.lexml.gov.br/urn/urn:lex:br:federal:lei:1985-12-16;7418,"Lei nº 7.418, de 16 de Dezembro de 1985",urn:lex:br:federal:lei:1985-12-16;7418,legislation,Brasil,,,,,,Lei Federal 7418,16-12-1985,"Lei Federal 7418, promulgada em 16-12-1985, Brasil"
transporte,2025-06-06 12:30:41,https://www.lexml.gov.br/urn/urn:lex:br:federal:lei:2001-06-05;10233,"Lei nº 10.233, de 5 de Junho de 2001",urn:lex:br:federal:lei:2001-06-05;10233,legislation,Brasil,,,,,,Lei Federal 10233,05-06-2001,"Lei Federal 10233, promulgada em 05-06-2001, Brasil"
transporte,2025-06-06 12:30:41,https://www.lexml.gov.br/urn/urn:lex:br:federal:lei:2004-06-09;10880,"Lei nº 10.880, de 9 de Junho de 2004",urn:lex:br:federal:lei:2004-06-09;10880,legislation,Brasil,,,,,,Lei Federal 10880,09-06-2004,"Lei Federal 10880, promulgada em 09-06-2004, Brasil"
transporte,2025-06-06 12:30:41,https://www.lexml.gov.br/urn/urn:lex:br:congresso.nacional:medida.provisoria;mpv:2021-05-19;1051,MPV 1051/2021,urn:lex:br:congresso.nacional:medida.provisoria;mpv:2021-05-19;1051,legislation,Brasil,,,,,,Medida Provisória (MPV) Federal 1051,19-05-2021,"Medida Provisória (MPV) Federal 1051, promulgada em 19-05-2021, Brasil"
transporte,2025-06-06 12:30:41,https://www.lexml.gov.br/urn/urn:lex:br:congresso.nacional:medida.provisoria;mpv:2001;2217,[ Medida Provisória nº 2217-3/2001 ],urn:lex:br:congresso.nacional:medida.provisoria;mpv:2001;2217,legislation,Brasil,,,,,,Medida Provisória (MPV) Federal 2217,2001,"Medida Provisória (MPV) Federal 2217, promulgada em 2001, Brasil"
transporte,2025-06-06 12:30:41,https://www.lexml.gov.br/urn/urn:lex:br:congresso.nacional:projeto.lei;pln:2018;11,[ Projeto de Lei do Congresso Nacional nº 11/2018 : Lei nº 13.734 de 22/11/2018 ],urn:lex:br:congresso.nacional:projeto.lei;pln:2018;11,legislation,Brasil,,,,,,Projeto.Lei (Pln) Federal 11,2018,"Projeto.Lei (Pln) Federal 11, promulgada em 2018, Brasil"
transporte,2025-06-06 12:30:41,https://www.lexml.gov.br/urn/urn:lex:br:congresso.nacional:projeto.lei;pln:2018;21,[ Projeto de Lei do Congresso Nacional nº 21/2018 : Lei nº 13.740 de 22/11/2018 ],urn:lex:br:congresso.nacional:projeto.lei;pln:2018;21,legislation,Brasil,,,,,,Projeto.Lei (Pln) Federal 21,2018,"Projeto.Lei (Pln) Federal 21, promulgada em 2018, Brasil"
transporte,2025-06-06 12:30:41,https://www.lexml.gov.br/urn/urn:lex:br:congresso.nacional:projeto.lei;pln:2023;11,[ Projeto de Lei do Congresso Nacional nº 11/2023 : Lei nº 14.634 de 25/07/2023 ],urn:lex:br:congresso.nacional:projeto.lei;pln:2023;11,legislation,Brasil,,,,,,Projeto.Lei (Pln) Federal 11,2023,"Projeto.Lei (Pln) Federal 11, promulgada em 2023, Brasil"
veículo,2025-06-06 12:30:43,https://www.lexml.gov.br/urn/urn:lex:br:congresso.nacional:medida.provisoria;mpv:2023-06-06;1175,MPV 1175/2023,urn:lex:br:congresso.nacional:medida.provisoria;mpv:2023-06-06;1175,legislation,Brasil,,,,,,Medida Provisória (MPV) Federal 1175,06-06-2023,"Medida Provisória (MPV) Federal 1175, promulgada em 06-06-2023, Brasil"
rodoviário,2025-06-06 12:30:45,https://www.lexml.gov.br/urn/urn:lex:br:congresso.nacional:medida.provisoria;mpv:2017-09-19;800,MPV 800/2017,urn:lex:br:congresso.nacional:medida.provisoria;mpv:2017-09-19;800,legislation,Brasil,,,,,,Medida Provisória (MPV) Federal 800,19-09-2017,"Medida Provisória (MPV) Federal 800, promulgada em 19-09-2017, Brasil"
rodoviário,2025-06-06 12:30:45,https://www.lexml.gov.br/urn/urn:lex:br:congresso.nacional:medida.provisoria;mpv:2018-05-30;837,MPV 837/2018,urn:lex:br:congresso.nacional:medida.provisoria;mpv:2018-05-30;837,legislation,Brasil,,,,,,Medida Provisória (MPV) Federal 837,30-05-2018,"Medida Provisória (MPV) Federal 837, promulgada em 30-05-2018, Brasil"
rodoviário,2025-06-06 12:30:45,https://www.lexml.gov.br/urn/urn:lex:br:congresso.nacional:projeto.lei;pln:2018;20,[ Projeto de Lei do Congresso Nacional nº 20/2018 : Lei nº 13.739 de 22/11/2018 ],urn:lex:br:congresso.nacional:projeto.lei;pln:2018;20,legislation,Brasil,,,,,,Projeto.Lei (Pln) Federal 20,2018,"Projeto.Lei (Pln) Federal 20, promulgada em 2018, Brasil"
transportador,2025-06-06 12:30:47,https://www.lexml.gov.br/urn/urn:lex:br:congresso.nacional:projeto.lei;pln:2018;32,[ Projeto de Lei do Congresso Nacional nº 32/2018 : Lei nº 13.759 de 17/12/2018 ],urn:lex:br:congresso.nacional:projeto.lei;pln:2018;32,legislation,Brasil,,,,,,Projeto.Lei (Pln) Federal 32,2018,"Projeto.Lei (Pln) Federal 32, promulgada em 2018, Brasil"
transportador,2025-06-06 12:30:47,https://www.lexml.gov.br/urn/urn:lex:br:congresso.nacional:projeto.lei;pln:2019;30,[ Projeto de Lei do Congresso Nacional nº 30/2019 ],urn:lex:br:congresso.nacional:projeto.lei;pln:2019;30,legislation,Brasil,,,,,,Projeto.Lei (Pln) Federal 30,2019,"Projeto.Lei (Pln) Federal 30, promulgada em 2019, Brasil"
transportador,2025-06-06 12:30:47,https://www.lexml.gov.br/urn/urn:lex:br:congresso.nacional:projeto.lei;pln:2022;33,[ Projeto de Lei do Congresso Nacional nº 33/2022 ],urn:lex:br:congresso.nacional:projeto.lei;pln:2022;33,legislation,Brasil,,,,,,Projeto.Lei (Pln) Federal 33,2022,"Projeto.Lei (Pln) Federal 33, promulgada em 2022, Brasil"
motorista,2025-06-06 12:30:49,https://www.lexml.gov.br/urn/urn:lex:br:federal:lei:2012-04-30;12619,"Lei nº 12.619, de 30 de Abril de 2012",urn:lex:br:federal:lei:2012-04-30;12619,legislation,Brasil,,,,,,Lei Federal 12619,30-04-2012,"Lei Federal 12619, promulgada em 30-04-2012, Brasil"
motorista,2025-06-06 12:30:49,https://www.lexml.gov.br/urn/urn:lex:br:camara.deputados:projeto.lei;pl:2007-02-08;99,[ Projeto de Lei (CD) nº 99/2007 > Projeto de Lei da Câmara nº 319/2009 > Veto nº 14/2012 : Lei nº 12.619 de 30/04/2012 ],urn:lex:br:camara.deputados:projeto.lei;pl:2007-02-08;99,legislation,Brasil,,,,,,Projeto.Lei (Pl) Camara.Deputados 99,08-02-2007,"Projeto.Lei (Pl) Camara.Deputados 99, promulgada em 08-02-2007, Brasil"
carga pesada,2025-06-06 12:30:52,https://www.lexml.gov.br/urn/urn:lex:br:federal:decreto:1867-10-30;4007,Decreto nº 4.007 de 30/10/1867,urn:lex:br:federal:decreto:1867-10-30;4007,legislation,Brasil,,,,,,Decreto Federal 4007,30-10-1867,"Decreto Federal 4007, promulgada em 30-10-1867, Brasil"
carga pesada,2025-06-06 12:30:52,https://www.lexml.gov.br/urn/urn:lex:br;sao.paulo:estadual:decreto:1961-08-02;38852,"Decreto nº 38.852, de 02/08/1961",urn:lex:br;sao.paulo:estadual:decreto:1961-08-02;38852,legislation,Brasil,São Paulo,,,,,Decreto Estadual 38852,02-08-1961,"Decreto Estadual 38852, promulgada em 02-08-1961, Estado de São Paulo, Brasil"
carga pesada,2025-06-06 12:30:52,https://www.lexml.gov.br/urn/urn:lex:br;rio.grande.sul;butia:municipal:decreto:2007-02-16;7,"Decreto (municipal) nº 7, de 16 de fevereiro de 2007",urn:lex:br;rio.grande.sul;butia:municipal:decreto:2007-02-16;7,legislation,Brasil,Rio.Grande.Sul,Butia,,,,Decreto Municipal 7,16-02-2007,"Decreto Municipal 7, promulgada em 16-02-2007, Município de Butia, Estado de Rio.Grande.Sul, Brasil"
carga pesada,2025-06-06 12:30:52,https://www.lexml.gov.br/urn/urn:lex:br;rio.grande.sul;getulio.vargas:municipal:lei:2005-04-11;3508,"Lei Municipal nº 3.508, de 11 de abril de 2005",urn:lex:br;rio.grande.sul;getulio.vargas:municipal:lei:2005-04-11;3508,legislation,Brasil,Rio.Grande.Sul,Getulio Vargas,,,,Lei Municipal 3508,11-04-2005,"Lei Municipal 3508, promulgada em 11-04-2005, Município de Getulio Vargas, Estado de Rio.Grande.Sul, Brasil"
carga pesada,2025-06-06 12:30:52,https://www.lexml.gov.br/urn/urn:lex:br;santa.catarina:estadual:lei:2004-07-29;13082,"Lei nº 13.082, de 29 de julho de 2004",urn:lex:br;santa.catarina:estadual:lei:2004-07-29;13082,legislation,Brasil,Santa Catarina,,,,,Lei Estadual 13082,29-07-2004,"Lei Estadual 13082, promulgada em 29-07-2004, Estado de Santa Catarina, Brasil"
carga pesada,2025-06-06 12:30:52,https://www.lexml.gov.br/urn/urn:lex:br:senado.federal:projeto.lei;pls:1997;242,[ Projeto de Lei do Senado nº 242/1997 ],urn:lex:br:senado.federal:projeto.lei;pls:1997;242,legislation,Brasil,,,,,,Projeto.Lei (Pls) Senado.Federal 242,1997,"Projeto.Lei (Pls) Senado.Federal 242, promulgada em 1997, Brasil"
carga pesada,2025-06-06 12:30:52,https://www.lexml.gov.br/urn/urn:lex:br;justica.trabalho;regiao.1:tribunal.regional.trabalho;turma.3:acordao:2013-03-05;00417009720085010041,ACÓRDÃO TRT 1ª / 3ª Turma / 0041700-97.2008.5.01.0041 - DOERJ 05-03-2013,urn:lex:br;justica.trabalho;regiao.1:tribunal.regional.trabalho;turma.3:acordao:2013-03-05;00417009720085010041,jurisprudence,Brasil,,,Justiça do Trabalho,1ª região,"Tribunal Regional do Trabalho, 3ª turma",Acórdão número 00417009720085010041,05-03-2013,"Acórdão número 00417009720085010041, publicado em 05-03-2013, Tribunal Regional do Trabalho, 3ª turma, da 1ª região, Justiça do Trabalho"
carga pesada,2025-06-06 12:30:52,https://www.lexml.gov.br/urn/urn:lex:br;justica.trabalho;regiao.3:tribunal.regional.trabalho;turma.4:acordao:2002-08-28;00118-2002-037-03-00-8,Acórdão TRT 3ª / Quarta Turma / 2002-08-28,urn:lex:br;justica.trabalho;regiao.3:tribunal.regional.trabalho;turma.4:acordao:2002-08-28;00118-2002-037-03-00-8,jurisprudence,Brasil,,,Justiça do Trabalho,3ª região,"Tribunal Regional do Trabalho, 4ª turma",Acórdão número 00118-2002-037-03-00-8,28-08-2002,"Acórdão número 00118-2002-037-03-00-8, publicado em 28-08-2002, Tribunal Regional do Trabalho, 4ª turma, da 3ª região, Justiça do Trabalho"
carga pesada,2025-06-06 12:30:52,https://www.lexml.gov.br/urn/urn:lex:br;justica.trabalho;regiao.8:tribunal.regional.trabalho;turma.2:acordao:2014-07-02;0000856-97.2013.5.08.0118,ACÓRDÃO TRT 8ª / 2ª T / RO 0000856-97.2013.5.08.0118,urn:lex:br;justica.trabalho;regiao.8:tribunal.regional.trabalho;turma.2:acordao:2014-07-02;0000856-97.2013.5.08.0118,jurisprudence,Brasil,,,Justiça do Trabalho,8ª região,"Tribunal Regional do Trabalho, 2ª turma",Acórdão número 0000856-97.2013.5.08.0118,02-07-2014,"Acórdão número 0000856-97.2013.5.08.0118, publicado em 02-07-2014, Tribunal Regional do Trabalho, 2ª turma, da 8ª região, Justiça do Trabalho"
carga pesada,2025-06-06 12:30:52,https://www.lexml.gov.br/urn/urn:lex:br:superior.tribunal.justica;turma.5:acordao;hc:2001-08-14;16334-414408,HC 16334 / ES,urn:lex:br:superior.tribunal.justica;turma.5:acordao;hc:2001-08-14;16334-414408,jurisprudence,Brasil,,,,,"Superior Tribunal de Justiça, 5ª turma",Acórdão (HC) número 16334-414408,14-08-2001,"Acórdão (HC) número 16334-414408, publicado em 14-08-2001, Superior Tribunal de Justiça, 5ª turma"
carga pesada,2025-06-06 12:30:52,https://www.lexml.gov.br/urn/urn:lex:br;justica.trabalho;regiao.1:tribunal.regional.trabalho;turma.3:acordao:2014-07-28;01192006920095010054,ACÓRDÃO TRT 1ª / 3ª Turma / 0119200-69.2009.5.01.0054 - DOERJ 28-07-2014,urn:lex:br;justica.trabalho;regiao.1:tribunal.regional.trabalho;turma.3:acordao:2014-07-28;01192006920095010054,jurisprudence,Brasil,,,Justiça do Trabalho,1ª região,"Tribunal Regional do Trabalho, 3ª turma",Acórdão número 01192006920095010054,28-07-2014,"Acórdão número 01192006920095010054, publicado em 28-07-2014, Tribunal Regional do Trabalho, 3ª turma, da 1ª região, Justiça do Trabalho"
carga pesada,2025-06-06 12:30:52,https://www.lexml.gov.br/urn/urn:lex:br:superior.tribunal.justica;turma.5:acordao;hc:2001-08-14;16333-407751,HC 16333 / ES,urn:lex:br:superior.tribunal.justica;turma.5:acordao;hc:2001-08-14;16333-407751,jurisprudence,Brasil,,,,,"Superior Tribunal de Justiça, 5ª turma",Acórdão (HC) número 16333-407751,14-08-2001,"Acórdão (HC) número 16333-407751, publicado em 14-08-2001, Superior Tribunal de Justiça, 5ª turma"
carga pesada,2025-06-06 12:30:52,https://www.lexml.gov.br/urn/urn:lex:br;justica.trabalho;regiao.1:tribunal.regional.trabalho;turma.9:acordao:2016-12-07;00075003120085010343,ACÓRDÃO TRT 1ª / 9ª Turma / 0007500-31.2008.5.01.0343 - DOERJ 07-12-2016,urn:lex:br;justica.trabalho;regiao.1:tribunal.regional.trabalho;turma.9:acordao:2016-12-07;00075003120085010343,jurisprudence,Brasil,,,Justiça do Trabalho,1ª região,"Tribunal Regional do Trabalho, 9ª turma",Acórdão número 00075003120085010343,07-12-2016,"Acórdão número 00075003120085010343, publicado em 07-12-2016, Tribunal Regional do Trabalho, 9ª turma, da 1ª região, Justiça do Trabalho"
transporte pesado,2025-06-06 12:30:54,https://www.lexml.gov.br/urn/urn:lex:br;rio.grande.sul;relvado:municipal:lei:2018-05-11;1510,"Lei Municipal nº 1.510, de 11 de maio de 2018",urn:lex:br;rio.grande.sul;relvado:municipal:lei:2018-05-11;1510,legislation,Brasil,Rio.Grande.Sul,Relvado,,,,Lei Municipal 1510,11-05-2018,"Lei Municipal 1510, promulgada em 11-05-2018, Município de Relvado, Estado de Rio.Grande.Sul, Brasil"
transporte pesado,2025-06-06 12:30:54,https://www.lexml.gov.br/urn/urn:lex:br;justica.trabalho;regiao.3:tribunal.regional.trabalho;turma.5:acordao:2014-09-23;0000379-86.2014.5.03.0180,Acórdão TRT 3ª / Quinta Turma / 2014-09-23,urn:lex:br;justica.trabalho;regiao.3:tribunal.regional.trabalho;turma.5:acordao:2014-09-23;0000379-86.2014.5.03.0180,jurisprudence,Brasil,,,Justiça do Trabalho,3ª região,"Tribunal Regional do Trabalho, 5ª turma",Acórdão número 0000379-86.2014.5.03.0180,23-09-2014,"Acórdão número 0000379-86.2014.5.03.0180, publicado em 23-09-2014, Tribunal Regional do Trabalho, 5ª turma, da 3ª região, Justiça do Trabalho"
transporte pesado,2025-06-06 12:30:54,https://www.lexml.gov.br/urn/urn:lex:br;justica.trabalho;regiao.8:tribunal.regional.trabalho;turma.1:acordao:2012-08-21;0000551-33.2010.5.08.0114,ACÓRDÃO TRT 8ª / 1ª T / RO 0000551-33.2010.5.08.0114,urn:lex:br;justica.trabalho;regiao.8:tribunal.regional.trabalho;turma.1:acordao:2012-08-21;0000551-33.2010.5.08.0114,jurisprudence,Brasil,,,Justiça do Trabalho,8ª região,"Tribunal Regional do Trabalho, 1ª turma",Acórdão número 0000551-33.2010.5.08.0114,21-08-2012,"Acórdão número 0000551-33.2010.5.08.0114, publicado em 21-08-2012, Tribunal Regional do Trabalho, 1ª turma, da 8ª região, Justiça do Trabalho"
transporte pesado,2025-06-06 12:30:54,https://www.lexml.gov.br/urn/urn:lex:br;justica.trabalho;regiao.8:tribunal.regional.trabalho;turma.1:acordao:2012-08-21;0000662-44.2011.5.08.0126,ACÓRDÃO TRT 8ª / 1ª T / RO 0000662-44.2011.5.08.0126,urn:lex:br;justica.trabalho;regiao.8:tribunal.regional.trabalho;turma.1:acordao:2012-08-21;0000662-44.2011.5.08.0126,jurisprudence,Brasil,,,Justiça do Trabalho,8ª região,"Tribunal Regional do Trabalho, 1ª turma",Acórdão número 0000662-44.2011.5.08.0126,21-08-2012,"Acórdão número 0000662-44.2011.5.08.0126, publicado em 21-08-2012, Tribunal Regional do Trabalho, 1ª turma, da 8ª região, Justiça do Trabalho"
transporte pesado,2025-06-06 12:30:54,https://www.lexml.gov.br/urn/urn:lex:br;distrito.federal:tribunal.justica.distrito.federal.territorios;turma.civel.1:acordao:2007-06-06;287021,Acórdão nº 287021 do Processo nº19980110714479apc,urn:lex:br;distrito.federal:tribunal.justica.distrito.federal.territorios;turma.civel.1:acordao:2007-06-06;287021,jurisprudence,Brasil,,,Distrito Federal,,"Tribunal Justica Distrito Federal Territorios, civel.1ª turma",Acórdão número 287021,06-06-2007,"Acórdão número 287021, publicado em 06-06-2007, Tribunal Justica Distrito Federal Territorios, civel.1ª turma, Distrito Federal"
transporte pesado,2025-06-06 12:30:54,https://www.lexml.gov.br/urn/urn:lex:br:superior.tribunal.militar;plenario:acordao:2005-05-10;80_2005010003315,Conflito de Competência - 0000026-21.2004.7.01.0201/RJ,urn:lex:br:superior.tribunal.militar;plenario:acordao:2005-05-10;80_2005010003315,jurisprudence,Brasil,,,,,"Superior Tribunal Militar, Plenario",Acórdão número 80_2005010003315,10-05-2005,"Acórdão número 80_2005010003315, publicado em 10-05-2005, Superior Tribunal Militar, Plenario"
transporte pesado,2025-06-06 12:30:54,https://www.lexml.gov.br/urn/urn:lex:br;rio.grande.sul;itaqui:municipal:lei:2016-05-25;4186,"Lei Municipal nº 4.186, de 25 de maio de 2016",urn:lex:br;rio.grande.sul;itaqui:municipal:lei:2016-05-25;4186,legislation,Brasil,Rio.Grande.Sul,Itaqui,,,,Lei Municipal 4186,25-05-2016,"Lei Municipal 4186, promulgada em 25-05-2016, Município de Itaqui, Estado de Rio.Grande.Sul, Brasil"
transporte pesado,2025-06-06 12:30:54,https://www.lexml.gov.br/urn/urn:lex:br;minas.gerais;divinopolis:municipal:decreto:2019-09-20;13474,"Decreto do Executivo n° 13.474, de 20 de Setembro de 2019",urn:lex:br;minas.gerais;divinopolis:municipal:decreto:2019-09-20;13474,legislation,Brasil,Minas Gerais,Divinopolis,,,,Decreto Municipal 13474,20-09-2019,"Decreto Municipal 13474, promulgada em 20-09-2019, Município de Divinopolis, Estado de Minas Gerais, Brasil"
transporte pesado,2025-06-06 12:30:54,https://www.lexml.gov.br/urn/urn:lex:br;rio.grande.sul;gramado:municipal:lei:2015-12-22;3466,"Lei Municipal nº 3.466, de 22 de dezembro de 2015",urn:lex:br;rio.grande.sul;gramado:municipal:lei:2015-12-22;3466,legislation,Brasil,Rio.Grande.Sul,Gramado,,,,Lei Municipal 3466,22-12-2015,"Lei Municipal 3466, promulgada em 22-12-2015, Município de Gramado, Estado de Rio.Grande.Sul, Brasil"
transporte pesado,2025-06-06 12:30:54,https://www.lexml.gov.br/urn/urn:lex:br:tribunal.superior.trabalho;turma.4:acordao;airr:2012-02-08;244100-2009-126-8-0,Acórdão do processo Nº AIRR - 244100-10.2009.5.08.0126,urn:lex:br:tribunal.superior.trabalho;turma.4:acordao;airr:2012-02-08;244100-2009-126-8-0,jurisprudence,Brasil,,,,,"Tribunal Superior do Trabalho, 4ª turma",Acórdão (AIRR) número 244100-2009-126-8-0,08-02-2012,"Acórdão (AIRR) número 244100-2009-126-8-0, publicado em 08-02-2012, Tribunal Superior do Trabalho, 4ª turma"
transporte pesado,2025-06-06 12:30:54,https://www.lexml.gov.br/urn/urn:lex:br:superior.tribunal.justica;turma.4:acordao;resp:2001-09-11;307049-414298,REsp 307049 / RJ,urn:lex:br:superior.tribunal.justica;turma.4:acordao;resp:2001-09-11;307049-414298,jurisprudence,Brasil,,,,,"Superior Tribunal de Justiça, 4ª turma",Acórdão (RESP) número 307049-414298,11-09-2001,"Acórdão (RESP) número 307049-414298, publicado em 11-09-2001, Superior Tribunal de Justiça, 4ª turma"
frota,2025-06-06 12:30:56,https://www.lexml.gov.br/urn/urn:lex:br:federal:decreto:1950-12-20;29006,"Decreto nº 29.006, de 20 de Dezembro de 1950",urn:lex:br:federal:decreto:1950-12-20;29006,legislation,Brasil,,,,,,Decreto Federal 29006,20-12-1950,"Decreto Federal 29006, promulgada em 20-12-1950, Brasil"
frota,2025-06-06 12:30:56,https://www.lexml.gov.br/urn/urn:lex:br;sao.paulo:estadual:decreto:1984-04-24;22125,"Decreto nº 22.125, de 24/04/1984",urn:lex:br;sao.paulo:estadual:decreto:1984-04-24;22125,legislation,Brasil,São Paulo,,,,,Decreto Estadual 22125,24-04-1984,"Decreto Estadual 22125, promulgada em 24-04-1984, Estado de São Paulo, Brasil"
frota,2025-06-06 12:30:56,https://www.lexml.gov.br/urn/urn:lex:br:federal:decreto:1952-11-13;31775,"Decreto nº 31.775, de 13 de Novembro de 1952",urn:lex:br:federal:decreto:1952-11-13;31775,legislation,Brasil,,,,,,Decreto Federal 31775,13-11-1952,"Decreto Federal 31775, promulgada em 13-11-1952, Brasil"
frota,2025-06-06 12:30:56,https://www.lexml.gov.br/urn/urn:lex:br:federal:decreto:1950-04-25;28050,"Decreto nº 28.050, de 25 de Abril de 1950",urn:lex:br:federal:decreto:1950-04-25;28050,legislation,Brasil,,,,,,Decreto Federal 28050,25-04-1950,"Decreto Federal 28050, promulgada em 25-04-1950, Brasil"
frota,2025-06-06 12:30:56,https://www.lexml.gov.br/urn/urn:lex:br;sao.paulo:estadual:decreto.lei:1970-03-25;208,"Decreto-Lei nº 208, de 25/03/1970",urn:lex:br;sao.paulo:estadual:decreto.lei:1970-03-25;208,legislation,Brasil,São Paulo,,,,,Decreto.Lei Estadual 208,25-03-1970,"Decreto.Lei Estadual 208, promulgada em 25-03-1970, Estado de São Paulo, Brasil"
frota,2025-06-06 12:30:56,https://www.lexml.gov.br/urn/urn:lex:br;sao.paulo:estadual:decreto:1995-08-01;40245,"Decreto nº 40.245, de 01/08/1995",urn:lex:br;sao.paulo:estadual:decreto:1995-08-01;40245,legislation,Brasil,São Paulo,,,,,Decreto Estadual 40245,01-08-1995,"Decreto Estadual 40245, promulgada em 01-08-1995, Estado de São Paulo, Brasil"
frota,2025-06-06 12:30:56,https://www.lexml.gov.br/urn/urn:lex:br;sao.paulo:estadual:decreto:1995-08-01;40253,"Decreto nº 40.253, de 01/08/1995",urn:lex:br;sao.paulo:estadual:decreto:1995-08-01;40253,legislation,Brasil,São Paulo,,,,,Decreto Estadual 40253,01-08-1995,"Decreto Estadual 40253, promulgada em 01-08-1995, Estado de São Paulo, Brasil"
frota,2025-06-06 12:30:56,https://www.lexml.gov.br/urn/urn:lex:br;sao.paulo:estadual:decreto:1995-08-01;40241,"Decreto nº 40.241, de 01/08/1995",urn:lex:br;sao.paulo:estadual:decreto:1995-08-01;40241,legislation,Brasil,São Paulo,,,,,Decreto Estadual 40241,01-08-1995,"Decreto Estadual 40241, promulgada em 01-08-1995, Estado de São Paulo, Brasil"
frota,2025-06-06 12:30:56,https://www.lexml.gov.br/urn/urn:lex:br;sao.paulo:estadual:decreto:1995-08-01;40239,"Decreto nº 40.239, de 01/08/1995",urn:lex:br;sao.paulo:estadual:decreto:1995-08-01;40239,legislation,Brasil,São Paulo,,,,,Decreto Estadual 40239,01-08-1995,"Decreto Estadual 40239, promulgada em 01-08-1995, Estado de São Paulo, Brasil"
frota,2025-06-06 12:30:56,https://www.lexml.gov.br/urn/urn:lex:br;sao.paulo:estadual:decreto:2009-01-22;53967,"Decreto nº 53.967, de 22/01/2009",urn:lex:br;sao.paulo:estadual:decreto:2009-01-22;53967,legislation,Brasil,São Paulo,,,,,Decreto Estadual 53967,22-01-2009,"Decreto Estadual 53967, promulgada em 22-01-2009, Estado de São Paulo, Brasil"
frota,2025-06-06 12:30:56,https://www.lexml.gov.br/urn/urn:lex:br;sao.paulo:estadual:decreto:1975-06-24;6322,"Decreto nº 6.322, de 24/06/1975",urn:lex:br;sao.paulo:estadual:decreto:1975-06-24;6322,legislation,Brasil,São Paulo,,,,,Decreto Estadual 6322,24-06-1975,"Decreto Estadual 6322, promulgada em 24-06-1975, Estado de São Paulo, Brasil"
frota,2025-06-06 12:30:56,https://www.lexml.gov.br/urn/urn:lex:br;sao.paulo:estadual:decreto:1975-11-26;7121,"Decreto nº 7.121, de 26/11/1975",urn:lex:br;sao.paulo:estadual:decreto:1975-11-26;7121,legislation,Brasil,São Paulo,,,,,Decreto Estadual 7121,26-11-1975,"Decreto Estadual 7121, promulgada em 26-11-1975, Estado de São Paulo, Brasil"
frota,2025-06-06 12:30:56,https://www.lexml.gov.br/urn/urn:lex:br;sao.paulo:estadual:decreto:2009-10-13;54908,"Decreto nº 54.908, de 13/10/2009",urn:lex:br;sao.paulo:estadual:decreto:2009-10-13;54908,legislation,Brasil,São Paulo,,,,,Decreto Estadual 54908,13-10-2009,"Decreto Estadual 54908, promulgada em 13-10-2009, Estado de São Paulo, Brasil"
frota,2025-06-06 12:30:56,https://www.lexml.gov.br/urn/urn:lex:br;sao.paulo:estadual:decreto:2009-11-12;55021,"Decreto nº 55.021, de 12/11/2009",urn:lex:br;sao.paulo:estadual:decreto:2009-11-12;55021,legislation,Brasil,São Paulo,,,,,Decreto Estadual 55021,12-11-2009,"Decreto Estadual 55021, promulgada em 12-11-2009, Estado de São Paulo, Brasil"
frota,2025-06-06 12:30:56,https://www.lexml.gov.br/urn/urn:lex:br;sao.paulo:estadual:decreto:2011-11-29;57549,"Decreto nº 57.549, de 29/11/2011",urn:lex:br;sao.paulo:estadual:decreto:2011-11-29;57549,legislation,Brasil,São Paulo,,,,,Decreto Estadual 57549,29-11-2011,"Decreto Estadual 57549, promulgada em 29-11-2011, Estado de São Paulo, Brasil"
